[
  {
    "Id": "57217",
    "Title": "dragEnd function",
    "LatestDate": "2009-09-08T12:51:55.89-07:00"
  },
  {
    "Id": "63670",
    "Title": "Li with link inside",
    "LatestDate": "2010-05-10T13:53:01.28-07:00"
  },
  {
    "Id": "65203",
    "Title": "PlaceHolder with style",
    "LatestDate": "2009-08-11T09:31:52.893-07:00"
  },
  {
    "Id": "68430",
    "Title": "List within Lightbox",
    "LatestDate": "2009-09-11T03:25:09.673-07:00"
  },
  {
    "Id": "70522",
    "Title": "How do i get a string value of the new sorted list?",
    "LatestDate": "2010-06-06T15:56:27.59-07:00"
  },
  {
    "Id": "76046",
    "Title": "Nested Sortable Lists",
    "LatestDate": "2009-11-25T02:28:33.447-08:00"
  },
  {
    "Id": "78184",
    "Title": "Probably broken: \"Items added to list after dragsort code called will now be able to be dragged\"",
    "LatestDate": "2009-12-17T00:53:51.94-08:00"
  },
  {
    "Id": "78430",
    "Title": "Is there a way to scroll a container div while dragging?",
    "LatestDate": "2012-09-24T14:54:45.373-07:00"
  },
  {
    "Id": "78609",
    "Title": "CSS margins causing vertical movement onclick",
    "LatestDate": "2009-12-18T20:49:19.587-08:00"
  },
  {
    "Id": "78615",
    "Title": "List item disappearing onclick",
    "LatestDate": "2009-12-19T14:30:15.617-08:00"
  },
  {
    "Id": "78655",
    "Title": "Sorting a dragged item when mouse is outside of list",
    "LatestDate": "2009-12-20T22:09:56.293-08:00"
  },
  {
    "Id": "78657",
    "Title": "Toggling Dragsort functionality (on/off)",
    "LatestDate": "2010-05-17T04:31:05.897-07:00"
  },
  {
    "Id": "207779",
    "Title": "Using whole container as drop target?",
    "LatestDate": "2010-04-13T06:55:05.843-07:00"
  },
  {
    "Id": "209537",
    "Title": "drag sensitivity",
    "LatestDate": "2010-04-28T00:49:14.353-07:00"
  },
  {
    "Id": "212057",
    "Title": "drag between list & save order",
    "LatestDate": "2010-05-12T01:12:44.97-07:00"
  },
  {
    "Id": "212679",
    "Title": "Drag to empty list",
    "LatestDate": "2010-05-16T23:34:10.203-07:00"
  },
  {
    "Id": "213960",
    "Title": "List inside of another list",
    "LatestDate": "2010-06-05T01:48:19.803-07:00"
  },
  {
    "Id": "216174",
    "Title": "Static Items in 2D list",
    "LatestDate": "2013-08-30T09:16:51.903-07:00"
  },
  {
    "Id": "218585",
    "Title": "Loading Sorted Items",
    "LatestDate": "2010-11-22T15:30:35.483-08:00"
  },
  {
    "Id": "219120",
    "Title": "Contribute-a Nested list sorting demo",
    "LatestDate": "2010-07-12T01:55:16.183-07:00"
  },
  {
    "Id": "221733",
    "Title": "dragged element",
    "LatestDate": "2010-07-28T13:44:44.387-07:00"
  },
  {
    "Id": "222244",
    "Title": "Validate drop",
    "LatestDate": "2010-08-02T15:09:14.077-07:00"
  },
  {
    "Id": "222660",
    "Title": "browser compatibility",
    "LatestDate": "2010-09-20T02:50:26.327-07:00"
  },
  {
    "Id": "222729",
    "Title": "Problem of google chart in Mozilla Firefox",
    "LatestDate": "2010-09-20T02:48:43.267-07:00"
  },
  {
    "Id": "244772",
    "Title": "draggable area using \"scrollContainer:\"",
    "LatestDate": "2013-08-12T12:07:38.787-07:00"
  },
  {
    "Id": "246525",
    "Title": "bug - line 188.",
    "LatestDate": "2011-03-16T02:32:29.513-07:00"
  },
  {
    "Id": "252733",
    "Title": "Enable/disable",
    "LatestDate": "2012-01-13T17:00:23.027-08:00"
  },
  {
    "Id": "257096",
    "Title": "retreive sorted list",
    "LatestDate": "2011-05-16T02:23:19.45-07:00"
  },
  {
    "Id": "257578",
    "Title": "Drag onto another element",
    "LatestDate": "2011-05-16T05:15:01.43-07:00"
  },
  {
    "Id": "259133",
    "Title": "Programmatically moving elements",
    "LatestDate": "2011-05-27T15:39:51.923-07:00"
  },
  {
    "Id": "262726",
    "Title": "Could it be possible to maitain certain list items fixed?",
    "LatestDate": "2012-01-13T17:18:25.44-08:00"
  },
  {
    "Id": "262873",
    "Title": "Add to other list on double click",
    "LatestDate": "2011-06-27T17:04:40.787-07:00"
  },
  {
    "Id": "262993",
    "Title": "Is there a way to control how many items to show per row?",
    "LatestDate": "2011-07-16T21:16:26.88-07:00"
  },
  {
    "Id": "266072",
    "Title": "Attach another list",
    "LatestDate": "2011-07-22T19:10:42.09-07:00"
  },
  {
    "Id": "266504",
    "Title": "Limit the number of items per list",
    "LatestDate": "2011-09-30T00:03:11.583-07:00"
  },
  {
    "Id": "269270",
    "Title": "Revert sorting after dragEnd",
    "LatestDate": "2011-09-30T00:34:38.85-07:00"
  },
  {
    "Id": "269392",
    "Title": "Mulitple drag drop and select all",
    "LatestDate": "2011-09-30T01:23:27.49-07:00"
  },
  {
    "Id": "270601",
    "Title": "Dynamic single sort numbers",
    "LatestDate": "2011-09-30T01:48:14.12-07:00"
  },
  {
    "Id": "271644",
    "Title": "Cookies or something else",
    "LatestDate": "2011-09-30T02:09:14.613-07:00"
  },
  {
    "Id": "272731",
    "Title": "Is there any way to drop the <li> when it is taken out of the conatiner div?",
    "LatestDate": "2011-09-30T03:16:32.57-07:00"
  },
  {
    "Id": "278861",
    "Title": "Disable drag on certain elements",
    "LatestDate": "2011-11-19T20:46:57.723-08:00"
  },
  {
    "Id": "278866",
    "Title": "Posibility to drag and drop table cells",
    "LatestDate": "2011-12-09T13:38:12.88-08:00"
  },
  {
    "Id": "279001",
    "Title": "Problem w/ 2 lists with 2 different styles",
    "LatestDate": "2011-11-28T06:18:33.42-08:00"
  },
  {
    "Id": "280770",
    "Title": "Dragging between empty lists",
    "LatestDate": "2011-12-09T14:35:29.32-08:00"
  },
  {
    "Id": "281366",
    "Title": "hover css for multi-list dragsort",
    "LatestDate": "2011-12-09T14:24:18.987-08:00"
  },
  {
    "Id": "284063",
    "Title": "How to make so that when you click on the link passed?",
    "LatestDate": "2012-03-03T04:27:17.16-08:00"
  },
  {
    "Id": "284512",
    "Title": "Drag onto another item in list",
    "LatestDate": "2012-01-13T16:56:07.817-08:00"
  },
  {
    "Id": "285195",
    "Title": "Key on the keyboard locked",
    "LatestDate": "2012-01-13T16:36:19.577-08:00"
  },
  {
    "Id": "286734",
    "Title": "Swapping Items in a UL",
    "LatestDate": "2012-05-23T08:59:34.253-07:00"
  },
  {
    "Id": "287157",
    "Title": "Table draganddrop",
    "LatestDate": "2012-02-18T15:55:14.993-08:00"
  },
  {
    "Id": "297664",
    "Title": "Permanent lists?",
    "LatestDate": "2012-02-07T13:39:44.667-08:00"
  },
  {
    "Id": "344694",
    "Title": "\"li\" hidden when dragging from one UL to another",
    "LatestDate": "2012-02-25T14:18:52.733-08:00"
  },
  {
    "Id": "347691",
    "Title": "3 columns 1 ordered list",
    "LatestDate": "2012-03-10T16:16:57.59-08:00"
  },
  {
    "Id": "350801",
    "Title": "Save order in Mysql",
    "LatestDate": "2013-03-15T17:35:29.583-07:00"
  },
  {
    "Id": "352713",
    "Title": "Sort Tolerance",
    "LatestDate": "2012-05-15T09:04:54.077-07:00"
  },
  {
    "Id": "358206",
    "Title": "Zoom in-out between lists",
    "LatestDate": "2012-06-04T02:41:17.333-07:00"
  },
  {
    "Id": "360994",
    "Title": "Group multiple items ",
    "LatestDate": "2012-06-26T13:22:11.707-07:00"
  },
  {
    "Id": "361036",
    "Title": "Restrict areas to drop elements",
    "LatestDate": "2012-06-26T13:25:18.03-07:00"
  },
  {
    "Id": "361672",
    "Title": "Is it possible to have one element bigger than the rest?",
    "LatestDate": "2012-07-02T05:56:49.23-07:00"
  },
  {
    "Id": "362180",
    "Title": "How to resize boxes/divs depending on amount of list items (grey boxes) - how to make them flexible?",
    "LatestDate": "2012-07-05T13:37:48.377-07:00"
  },
  {
    "Id": "362642",
    "Title": "How to modify the Dragged element in unordered List",
    "LatestDate": "2012-07-10T03:38:56.047-07:00"
  },
  {
    "Id": "365688",
    "Title": "How to get item and group for multiply lists?",
    "LatestDate": "2012-07-13T03:00:05.52-07:00"
  },
  {
    "Id": "391116",
    "Title": "Is it possible to use it on touch devices like ipad or iphone?",
    "LatestDate": "2013-11-18T06:55:32.867-08:00"
  },
  {
    "Id": "393101",
    "Title": "Problems in Wordpress",
    "LatestDate": "2012-08-26T03:37:07.343-07:00"
  },
  {
    "Id": "397664",
    "Title": "How to pass the results?",
    "LatestDate": "2012-10-02T02:25:16.957-07:00"
  },
  {
    "Id": "398993",
    "Title": "Link in a list",
    "LatestDate": "2013-02-19T02:13:27.673-08:00"
  },
  {
    "Id": "429571",
    "Title": "sorting lists with text box inputs",
    "LatestDate": "2013-02-19T02:06:35.02-08:00"
  },
  {
    "Id": "433379",
    "Title": "Reorder table rows",
    "LatestDate": "2013-02-20T02:47:55.5-08:00"
  },
  {
    "Id": "433618",
    "Title": "Hi how can I dragsort stop and start?",
    "LatestDate": "2013-02-19T04:13:57.69-08:00"
  },
  {
    "Id": "437990",
    "Title": " jQuery List DragSort",
    "LatestDate": "2013-03-26T00:53:16.13-07:00"
  },
  {
    "Id": "438191",
    "Title": "asp.net c# Binding problem",
    "LatestDate": "2013-03-27T09:10:48.833-07:00"
  },
  {
    "Id": "442766",
    "Title": "Save order in Mysql ",
    "LatestDate": "2013-05-06T23:39:38.597-07:00"
  },
  {
    "Id": "443822",
    "Title": "Dynamic connected lists",
    "LatestDate": "2013-08-03T07:20:03.557-07:00"
  },
  {
    "Id": "446567",
    "Title": "Can I order rows and columns ?",
    "LatestDate": "2013-06-10T07:17:44.567-07:00"
  },
  {
    "Id": "448198",
    "Title": "Firefox fires click event after dragging is done",
    "LatestDate": "2013-06-25T11:23:35.65-07:00"
  },
  {
    "Id": "456625",
    "Title": "Problem with big Id Number",
    "LatestDate": "2013-09-11T23:11:09.74-07:00"
  },
  {
    "Id": "461302",
    "Title": "cannot open select element",
    "LatestDate": "2013-10-06T02:08:48.51-07:00"
  },
  {
    "Id": "468776",
    "Title": "How to make dragable for ul having li in vertical order ",
    "LatestDate": "2013-11-15T02:10:50.007-08:00"
  },
  {
    "Id": "470799",
    "Title": "Win8,IE9,IE10 Scrollbar scroll automatically",
    "LatestDate": "2013-11-21T23:09:44.737-08:00"
  },
  {
    "Id": "483941",
    "Title": "2D list get the real id - help me.",
    "LatestDate": "2014-01-07T06:10:21.383-08:00"
  },
  {
    "Id": "567786",
    "Title": "How can i make it as an Toggle",
    "LatestDate": "2014-09-18T06:31:17.797-07:00"
  },
  {
    "Id": "577279",
    "Title": "Ploblems when using it in vertical",
    "LatestDate": "2015-01-09T04:52:54.083-08:00"
  },
  {
    "Id": "635998",
    "Title": "Add object outside <li>",
    "LatestDate": "2015-04-29T19:11:07.897-07:00"
  },
  {
    "Id": "644327",
    "Title": "Mozilla Firefox Problem",
    "LatestDate": "2015-08-28T06:01:16.217-07:00"
  },
  {
    "Id": "646235",
    "Title": "Is it possible to drop an item in multiple list.",
    "LatestDate": "2015-10-15T01:44:55.877-07:00"
  }
]