[
  {
    "Id": "1150399",
    "ThreadId": "483941",
    "Html": "Hey guys, i really need some help.\r<br />\nWhen I transfer one element to another side, creates - is an array with the element that is, I need to get the value of the element I'm changing sides however. How I do?\r<br />\n<br />\nAt the moment my code looks like this:<br />\n<pre><code>                            &lt;script type=&quot;text/javascript&quot;&gt;\n                                    $(&quot;#dentro_projeto, #fora_projeto&quot;).dragsort({ dragSelector: &quot;div&quot;, dragBetween: true, dragEnd: salvar_lista_usuarios_projeto, placeHolderTemplate: &quot;&lt;li class='placeHolder'&gt;&lt;div&gt;&lt;/div&gt;&lt;/li&gt;&quot; });\n\n                                    function salvar_lista_usuarios_projeto() {\n                                        var lista = $(&quot;#dentro_projeto li&quot;).map(function() { return $(this).attr('data-itemid'); }).get();\n                                        console.log(lista);\n\n                                        var id_projetos = &lt;?php echo $projeto[0]-&gt;id; ?&gt;;\n                                        //$.post(&quot;&quot;, { &quot;ids[]&quot;: data });\n                                        $.ajax({\n                                            type: &quot;POST&quot;,\n                                            url: &quot;../../projeto/atualizar_equipe&quot;,\n                                            data: {&quot;lista[]&quot;: lista,id_projetos:id_projetos},\n                                            success: function(data,id_projetos) {\n                                            }\n                                        });\n                                    };\n                            &lt;/script&gt;</code></pre>\n\nThank you so much.<br />\n",
    "PostedDate": "2014-01-07T06:10:21.383-08:00",
    "UserRole": null,
    "MarkedAsAnswerDate": null
  }
]