[
  {
    "Id": "825513",
    "ThreadId": "352713",
    "Html": "\r\n<p>I'm using this great plugin to sort tabs (jquery ui tabs to be specific),</p>\r\n<p>The problem is that clicking a tab frequently causes sorting to start, instead of actually clicking/activating the tab.</p>\r\n<p>Is it possible to define some kind of sorting tolerance in pixels, for example specifying that the tab should start moving only after 10px drag ?</p>\r\n<p>I'm looking for the counterpart for jquery ui's sortable plugin's &quot;distance&quot; option -&nbsp;</p>\r\n<p><a href=\"http://jqueryui.com/demos/sortable/\"></a><a href=\"http://jqueryui.com/demos/sortable/#option-distance\">http://jqueryui.com/demos/sortable/#option-distance</a></p>\r\n<p>&nbsp;</p>\r\n<p>Regards,</p>\r\n<p>Yair.&nbsp;</p>\r\n",
    "PostedDate": "2012-04-18T09:32:22.257-07:00",
    "UserRole": null,
    "MarkedAsAnswerDate": null
  },
  {
    "Id": "826428",
    "ThreadId": "352713",
    "Html": "<p>I've uploaded a patch (ID&nbsp;<span>12014) for tolerance functionallity.</span></p>",
    "PostedDate": "2012-04-20T04:05:31.757-07:00",
    "UserRole": null,
    "MarkedAsAnswerDate": null
  },
  {
    "Id": "826779",
    "ThreadId": "352713",
    "Html": "<p>Oh dear, I didn't know about the ability to post patches on this site and see there is a list of patches as far back 2009 awaiting my approval (I'm now subscribed for email notification).</p>\r\n<p>Thanks for your suggestion. I've actually got dragsort setup not to trigger until you do move the mouse with the mouse button down so (change made in last release 0.5.1) so I guess it's equivalent to distance set to 1. So are you saying you're finding the mouse can move a few pixels for you when clicking hence why you want a margin like 10px? In that case I will look at applying your patch, will let you know when I put out the next release.</p>",
    "PostedDate": "2012-04-20T23:01:44.893-07:00",
    "UserRole": null,
    "MarkedAsAnswerDate": null
  },
  {
    "Id": "836742",
    "ThreadId": "352713",
    "Html": "<p>I had the same (similar) issue as kaniga and just posted a diff under issues. &nbsp;My changes were a bit different as I found that the reliance on closest to determine the drag target could cause drift when the tolerance allows you to move over a different element.<br /> <br /> Using a value of 1 didn't work for me as the click event wasn't reliably fired (think older user with shaky hands!). &nbsp;Adding a greater tolerance (I found 5 reasonable in my testing but configurable is even better as per kaniga's patch) seemed to get rid of  the issue entirely.&nbsp;</p>",
    "PostedDate": "2012-05-15T09:04:54.077-07:00",
    "UserRole": null,
    "MarkedAsAnswerDate": null
  }
]