[
  {
    "Id": "647298",
    "ThreadId": "266504",
    "Html": "\r\n<p>I was wondering if there was a way to set a maximum number of items that can be dragged onto a single list.&nbsp; I need for the lists to have a max of 6 items and if another item is dragged onto a full list it swaps places with the item it is dragged onto.&nbsp;</p>\r\n",
    "PostedDate": "2011-07-25T12:05:25.887-07:00",
    "UserRole": null,
    "MarkedAsAnswerDate": null
  },
  {
    "Id": "678515",
    "ThreadId": "266504",
    "Html": "<p>How about this code added to your page in addition to dragsort code (this is coded just to handle it when you move an item from list1 to list2):</p>\n<p>&nbsp;</p>\n<div style=\"color: black; background-color: white;\">\n<pre><span style=\"color: blue;\">var</span> swappedItem = <span style=\"color: blue;\">null</span>;\n$(<span style=\"color: #a31515;\">\"#list1\"</span>).mousemove(<span style=\"color: blue;\">function</span>(ev) {\n\t<span style=\"color: blue;\">var</span> list2size = $(<span style=\"color: #a31515;\">\"#list2\"</span>).children(<span style=\"color: #a31515;\">\":not([data-droptarget])\"</span>).size();\n\t<span style=\"color: blue;\">if</span> (list2size == 5 &amp;&amp; swappedItem != <span style=\"color: blue;\">null</span>) {\n\t\tswappedItem.appendTo(<span style=\"color: #a31515;\">\"#list2\"</span>);\n\t\tswappedItem = <span style=\"color: blue;\">null</span>;\n\t\t<span style=\"color: blue;\">return</span>;\n\t}\n\t<span style=\"color: blue;\">if</span> (list2size &lt;= 6)\n\t\t<span style=\"color: blue;\">return</span>;\n\t<span style=\"color: blue;\">var</span> placeholder = $(<span style=\"color: #a31515;\">\"#list2 li[data-placeholder]\"</span>);\n\tswappedItem = placeholder.next().size() &gt; 0 ? placeholder.next() : placeholder.prev();\n\tswappedItem.appendTo(<span style=\"color: #a31515;\">\"#list1\"</span>);\n}).mouseup(<span style=\"color: blue;\">function</span>() { swappedItem = <span style=\"color: blue;\">null</span>; });\n\n</pre>\n</div>\n<p>How this works is that there are placeholders that appear in both lists when you drag an item, one that indicates where the item will appear when you drop the dragged item identified by the attribute \"data-placeholder\" and the other is to indicate a possible  drop location at the end of the other list identified by the attribute \"data-droptarget\". So if the placeholder attribute changes in list2 then I know you have dragged your item onto that list, so the code will then move the item that appears after the placeholder  (unless the placeholder is at the end) to the first list.</p>\n<p>Apologies for the late reply, it's been a busy time for the past couple of months.</p>",
    "PostedDate": "2011-09-30T00:03:11.583-07:00",
    "UserRole": null,
    "MarkedAsAnswerDate": null
  }
]