[
  {
    "Id": "612573",
    "ThreadId": "257578",
    "Html": "<p>Hello,</p>\n<p>Congratulations for this nice piece of work. It is exactly what I needed, I am using it to rebuild the order of images in an image gallery.</p>\n<p>I am thinking of deleting an image by dragging it onto a \"recyle bin div\". Is this possible?</p>\n<p>Thanks for advice.</p>",
    "PostedDate": "2011-05-13T13:24:09.433-07:00",
    "UserRole": null,
    "MarkedAsAnswerDate": null
  },
  {
    "Id": "613291",
    "ThreadId": "257578",
    "Html": "<p>Nothing built-in but this should work:</p>\r\n<p>\r\n<div style=\"color: black; background-color: white;\">\r\n<pre><span style=\"color: blue;\">function</span> isOverBin(item) {\r\n    <span style=\"color: blue;\">var</span> bin = $(<span style=\"color: #a31515;\">\"#recycleBin\"</span>);\r\n    <span style=\"color: blue;\">var</span> binPos = bin.offset(); binPos.right = binPos.left + bin.width(); binPos.bottom = binPos.top + bin.height();\r\n    <span style=\"color: blue;\">var</span> itemPos = $(item).offset(); itemPos.right = itemPos.left + $(item).width(); itemPos.bottom = itemPos.top + $(item).height();\r\n\r\n    <span style=\"color: blue;\">return</span> (itemPos.left &lt;= binPos.left &amp;&amp; binPos.left &lt;= itemPos.right || itemPos.left &lt;= binPos.right &amp;&amp; binPos.right &lt;= itemPos.right) &amp;&amp;\r\n        (itemPos.top &lt;= binPos.top &amp;&amp; binPos.top &lt;= itemPos.bottom || itemPos.top &lt;= binPos.bottom &amp;&amp; binPos.bottom &lt;= itemPos.bottom);\r\n}\r\n\r\n$(<span style=\"color: #a31515;\">\"#imageList li\"</span>).mousemove(<span style=\"color: blue;\">function</span>() { $(<span style=\"color: blue;\">this</span>).toggleClass(<span style=\"color: #a31515;\">\"indicateDeletionAction\"</span>, isOverBin(<span style=\"color: blue;\">this</span>)); }).mouseup(<span style=\"color: blue;\">function</span>() {\r\n    <span style=\"color: blue;\">var</span> item = <span style=\"color: blue;\">this</span>;\r\n    <span style=\"color: blue;\">if</span> (isOverBin(item)) {\r\n        window.setTimeout(<span style=\"color: blue;\">function</span>() {\r\n            $(item).remove();\r\n            $.ajax({ <span style=\"color: green;\">/* server notification of deletion */</span> });\r\n        }, 0);\r\n    }\r\n});\r\n</pre>\r\n</div>\r\n</p>",
    "PostedDate": "2011-05-16T05:15:01.43-07:00",
    "UserRole": null,
    "MarkedAsAnswerDate": null
  }
]