[
  {
    "Id": "464226",
    "ThreadId": "218585",
    "Html": "Hi Masters!\r\n\r\nI´m writing a code that save my sorted list in a cookie and I try to recovery it using .Net(C#).\r\n\r\nI was thinking about to recovery it on client, cause all of the process it´s on client (cookie).\r\n\r\nI´m using the List DragSort to create many panels like Igoogle, so I have 8 panels in my page and when the page load´s,  I´m veryfing the position of this panels in the cookie andÌ´m trying to load this panels on the same order that cookie.\r\n\r\nI would like to know if there´s some solution to load this panels with a client code using Jquery, please!\r\n\r\nThanks Masters!\r\n\r\nAndrew Silvestri",
    "PostedDate": "2010-07-07T05:43:31.83-07:00",
    "UserRole": null,
    "MarkedAsAnswerDate": null
  },
  {
    "Id": "468402",
    "ThreadId": "218585",
    "Html": "\r\n<p>Does something like this help?</p>\r\n<div style=\"color:black; background-color:white\">\r\n<pre><span style=\"color:blue\">var</span> order = <span style=\"color:#a31515\">&quot;9|7|5|3|1|2|4|6|8&quot;</span>.split(<span style=\"color:#a31515\">&quot;|&quot;</span>);\r\n<span style=\"color:blue\">for</span> (<span style=\"color:blue\">var</span> i=0; i&lt;order.length; i&#43;&#43;)\r\n{\r\n    <span style=\"color:blue\">var</span> item = $(<span style=\"color:#a31515\">&quot;#list1 &gt; li[itemID=&quot;</span> &#43; order[i] &#43; <span style=\"color:#a31515\">&quot;]&quot;</span>);\r\n    <span style=\"color:blue\">if</span> (i != $(<span style=\"color:#a31515\">&quot;#list1 &gt; li&quot;</span>).index(item))\r\n    {\r\n        <span style=\"text-decoration:line-through\">$(<span style=\"color:#a31515\">&quot;#list1 &gt; li:eq(&quot;</span> &#43; i &#43; <span style=\"color:#a31515\">&quot;)&quot;</span>).before(item);</span>\r\n        <span style=\"color:blue\">if</span> (i == 0)\r\n            $(<span style=\"color:#a31515\">&quot;#list1</span><span style=\"color:#a31515\">&quot;</span>).prepend(item);\r\n        <span style=\"color:blue\">else</span>\r\n            $(<span style=\"color:#a31515\">&quot;#list1 &gt; li:eq(&quot;</span> &#43; (i - 1) &#43; <span style=\"color:#a31515\">&quot;</span><span style=\"color:#a31515\">)&quot;</span>).after(item);\r\n    }\r\n}\r\n</pre>\r\n</div>\r\n<p>&nbsp;</p>\r\n",
    "PostedDate": "2010-07-16T18:44:06.343-07:00",
    "UserRole": null,
    "MarkedAsAnswerDate": null
  },
  {
    "Id": "503971",
    "ThreadId": "218585",
    "Html": "<p>I have a similar question as above.&nbsp; I can get the serialized order and save it as a&nbsp; cookie fine, but am having trouble figuring out how to load the sorted order from the cookie.&nbsp; Is it possible to do with with an html list?&nbsp; I am just learning about .net so I am not real comfortable with it yet, but am looking into migrating my current site into .net.&nbsp; If I could retain the list as a basic ul&gt;li list while I learn about .net that would be great.&nbsp; My basic mark-up for the drop-down menu is like so:</p>\r\n<p>\r\n<div style=\"color:black;background-color:white\">\r\n<pre><span style=\"color:blue\">&lt;</span><span style=\"color:#a31515\">div</span> <span style=\"color:red\">id</span><span style=\"color:blue\">=</span><span style=\"color:blue\">&quot;menuHorizontal&quot;</span><span style=\"color:blue\">&gt;</span>\r\n  <span style=\"color:blue\">&lt;</span><span style=\"color:#a31515\">ul</span> <span style=\"color:red\">class</span><span style=\"color:blue\">=</span><span style=\"color:blue\">&quot;menu&quot;</span><span style=\"color:blue\">&gt;</span>\r\n    <span style=\"color:blue\">&lt;</span><span style=\"color:#a31515\">li</span><span style=\"color:blue\">&gt;</span><span style=\"color:blue\">&lt;</span><span style=\"color:#a31515\">a</span> <span style=\"color:red\">href</span><span style=\"color:blue\">=</span><span style=\"color:blue\">&quot;#&quot;</span> <span style=\"color:red\">class</span><span style=\"color:blue\">=</span><span style=\"color:blue\">&quot;parent&quot;</span><span style=\"color:blue\">&gt;</span><span style=\"color:blue\">&lt;</span><span style=\"color:#a31515\">span</span><span style=\"color:blue\">&gt;</span>Home<span style=\"color:blue\">&lt;/</span><span style=\"color:#a31515\">span</span><span style=\"color:blue\">&gt;</span><span style=\"color:blue\">&lt;/</span><span style=\"color:#a31515\">a</span><span style=\"color:blue\">&gt;</span>\r\n      <span style=\"color:blue\">&lt;</span><span style=\"color:#a31515\">ul</span> <span style=\"color:red\">class</span><span style=\"color:blue\">=</span><span style=\"color:blue\">&quot;dragSort&quot;</span><span style=\"color:blue\">&gt;</span>\r\n        <span style=\"color:blue\">&lt;</span><span style=\"color:#a31515\">li</span><span style=\"color:blue\">&gt;</span><span style=\"color:blue\">&lt;div class=&quot;dragHandle&quot;&gt;&lt;img ...../&gt;&lt;/div&gt;&lt;</span><span style=\"color:#a31515\">a</span> <span style=\"color:red\">href</span><span style=\"color:blue\">=</span><span style=\"color:blue\">&quot;somePage.html&quot;</span> <span style=\"color:red\">title</span><span style=\"color:blue\">=</span><span style=\"color:blue\">&quot;someTitle&quot;</span><span style=\"color:blue\">&gt;</span>Item 1<span style=\"color:blue\">&lt;/</span><span style=\"color:#a31515\">a</span><span style=\"color:blue\">&gt;&lt;/li&gt;<br></span>&nbsp;        .....\r\n      <span style=\"color:blue\">&lt;/</span><span style=\"color:#a31515\">ul</span><span style=\"color:blue\">&gt;</span>\r\n    <span style=\"color:blue\">&lt;/</span><span style=\"color:#a31515\">li</span><span style=\"color:blue\">&gt;</span>\r\n  <span style=\"color:blue\">&lt;/</span><span style=\"color:#a31515\">ul</span><span style=\"color:blue\">&gt;</span>\r\n<span style=\"color:blue\">&lt;/</span><span style=\"color:#a31515\">div</span><span style=\"color:blue\">&gt;</span>\r\n         \r\n</pre>\r\n</div>\r\nwhere I have some third level lists as well.</p>\r\n<p>Here is the code I have so far to create the serialized list and save it as a cookie:</p>\r\n<p>\r\n<div style=\"color:black;background-color:white\">\r\n<pre>\r\n</pre>\r\n</div>\r\n<div style=\"color:black;background-color:white\">\r\n<pre>&lt;script type=<span style=\"color:#a31515\">&quot;text/javascript&quot;</span>&gt;\r\n$(<span style=\"color:#a31515\">&quot;ul.dragSort&quot;</span>).dragsort({dragSelector: <span style=\"color:#a31515\">&quot;div&quot;</span>, dragBetween: <span style=\"color:blue\">true</span>, dragEnd: saveOrder, placeHolderTemplate:<span style=\"color:#a31515\">&quot;&lt;li class='placeHolder'&gt;&lt;/li&gt;&quot;</span>});\r\n<span style=\"color:blue\">function</span> saveOrder() {\r\n    <span style=\"color:blue\">var</span> serialStr = <span style=\"color:#a31515\">&quot;&quot;</span>;\r\n    $(<span style=\"color:#a31515\">&quot;#menuHorizontal li a&quot;</span>).each(<span style=\"color:blue\">function</span>(i, elm) { serialStr += (i &gt; 0 ? <span style=\"color:#a31515\">&quot;|&quot;</span> : <span style=\"color:#a31515\">&quot;&quot;</span>) + $(elm).attr(<span style=\"color:#a31515\">'title'</span>); });\r\n\talert(serialStr);\r\n\t$.cookie(<span style=\"color:#a31515\">'menuSort'</span>, serialStr, {expires: 10000});\r\n};\r\n  &lt;/script&gt;\r\n</pre>\r\n</div>\r\n</p>\r\n<p>I know I need to read my cookie which I am thinking of using a function retrieveOrder like so:</p>\r\n<p>\r\n<div style=\"color:black;background-color:white\">\r\n<pre><span style=\"color:blue\">function</span> retrieveOrder() {\r\n$.cookie(<span style=\"color:#a31515\">'menuSort'</span>);\r\n}\r\n</pre>\r\n</div>\r\n</p>\r\n<p>I also know I need to use the jQuery split method, but this is where I am kind of stuck.&nbsp; If anyone can help me on this it would really help.&nbsp; Is there a better way I should do this?</p>\r\n<p>Thanks in advance.</p>\r\n<p>Austin</p>",
    "PostedDate": "2010-10-07T16:16:14.51-07:00",
    "UserRole": null,
    "MarkedAsAnswerDate": null
  },
  {
    "Id": "516333",
    "ThreadId": "218585",
    "Html": "\r\n<p>Reading from the cookie returns a string so you don't need to look for a jquery split method. Here is some sample code for your situation:</p>\r\n<div style=\"color:black; background-color:white\">\r\n<pre><span style=\"color:blue\">function</span> saveOrder() {\r\n    <span style=\"color:blue\">var</span> main = <span style=\"color:blue\">new</span> Array();\r\n<span style=\"color:green\">    //note this selector finds the li elements that are immediate children of an element with the class menu, so will not return li elements of the inner list</span>\r\n    $(<span style=\"color:#a31515\">&quot;.menu &gt; li&quot;</span>).each(<span style=\"color:blue\">function</span>(i, elm) {\r\n        <span style=\"color:blue\">var</span> sub = <span style=\"color:blue\">new</span> Array();\r\n        $(elm).find(<span style=\"color:#a31515\">&quot;li a&quot;</span>).each(<span style=\"color:blue\">function</span>(j, elm2) { sub[j] = $(elm2).attr(<span style=\"color:#a31515\">&quot;title&quot;</span>); });\r\n        main[i] = sub.join(<span style=\"color:#a31515\">&quot;:&quot;</span>);\r\n    });\r\n    \r\n    alert(main.join(<span style=\"color:#a31515\">&quot;|&quot;</span>));\r\n    $.cookie(<span style=\"color:#a31515\">'menuSort'</span>, main.join(<span style=\"color:#a31515\">&quot;|&quot;</span>), {expires: 10000});\r\n};\r\n<span style=\"color:blue\">function</span> retrieveOrder() {\r\n    <span style=\"color:blue\">var</span> main = $.cookie(<span style=\"color:#a31515\">'menuSort'</span>).split(<span style=\"color:#a31515\">&quot;|&quot;</span>);\r\n    <span style=\"color:blue\">for</span> (<span style=\"color:blue\">var</span> i=0; i&lt;main.length; i&#43;&#43;)\r\n    {\r\n        <span style=\"color:blue\">var</span> sub = main[i].split(<span style=\"color:#a31515\">&quot;:&quot;</span>);\r\n<span style=\"color:green\">        //if the string is empty split will return an array of size 1, so set to empty array</span>\r\n        <span style=\"color:blue\">if</span> (sub.length == 1 &amp;&amp; sub[0] == <span style=\"color:#a31515\">&quot;&quot;</span>)\r\n            sub = <span style=\"color:blue\">new</span> Array();\r\n        <span style=\"color:blue\">for</span> (<span style=\"color:blue\">var</span> j=0; j&lt;sub.length; j&#43;&#43;) {\r\n            <span style=\"color:blue\">var</span> item = $(<span style=\"color:#a31515\">&quot;a[title=&quot;</span> &#43; sub[j] &#43; <span style=\"color:#a31515\">&quot;]&quot;</span>).closest(<span style=\"color:#a31515\">&quot;li&quot;</span>);\r\n            <span style=\"color:blue\">if</span> (j != $(<span style=\"color:#a31515\">&quot;.menu &gt; li:eq(&quot;</span> &#43; i &#43; <span style=\"color:#a31515\">&quot;) li&quot;</span>).index(item)) {\r\n                <span style=\"color:green\">//can't place element before another element in case this is the last element (bug in previous example)</span>\r\n                <span style=\"color:green\">//if first element then there is no previous element that this one can be placed after, so prepend item to the beginning of container</span>\r\n<span style=\"color:blue\">                if</span> (j == 0)\r\n                    $(<span style=\"color:#a31515\">&quot;.menu &gt; li:eq(&quot;</span> &#43; i &#43; <span style=\"color:#a31515\">&quot;) ul&quot;</span>).prepend(item);\r\n                <span style=\"color:blue\">else</span>\r\n                    $(<span style=\"color:#a31515\">&quot;.menu &gt; li:eq(&quot;</span> &#43; i &#43; <span style=\"color:#a31515\">&quot;) li:eq(&quot;</span> &#43; (j - 1) &#43; <span style=\"color:#a31515\">&quot;)&quot;</span>).after(item);\r\n            }\r\n        }\r\n    }\r\n}\r\n</pre>\r\n</div>\r\n<p>This is a little more complicated since I assume you are wanting to record which parent item the sub menu item has been dragged to and restore it.</p>\r\n",
    "PostedDate": "2010-11-03T03:00:12.67-07:00",
    "UserRole": null,
    "MarkedAsAnswerDate": null
  },
  {
    "Id": "516351",
    "ThreadId": "218585",
    "Html": "Hi msm_ham!<br>\r\n <br>\r\nThank´s a lot for your help!<br>\r\n <br>\r\nAndrew<br>\r\n <br>\r\n<hr id=\"x_stopSpelling\">\r\nFrom: [email removed]<br>\r\nTo: [email removed]<br>\r\nDate: Wed, 3 Nov 2010 03:00:21 -0700<br>\r\nSubject: Re: Loading Sorted Items [dragsort:218585]<br>\r\n<br>\r\n From: mcm_ham<br>\r\n<div id=\"x_ecxThreadNotificationPostBody\">Split used in the example is actually a method of a string and not a jquery object, which is fine because reading from the cookie is a string. Here is some sample code for your situation:<br>\r\n<br>\r\n<div style=\"background-color:white; color:black\">\r\n<pre><span style=\"color:blue\">function</span> saveOrder() {\r\n    <span style=\"color:blue\">var</span> main = <span style=\"color:blue\">new</span> Array();\r\n    $(<span style=\"color:#a31515\">\".menu > li\"</span>).each(<span style=\"color:blue\">function</span>(i, elm) {\r\n        <span style=\"color:blue\">var</span> sub = <span style=\"color:blue\">new</span> Array();\r\n        $(elm).find(<span style=\"color:#a31515\">\"li a\"</span>).each(<span style=\"color:blue\">function</span>(j, elm2) { sub[j] = $(elm2).attr(<span style=\"color:#a31515\">\"title\"</span>); });\r\n        main[i] = sub.join(<span style=\"color:#a31515\">\":\"</span>);\r\n    });\r\n    \r\n    alert(main.join(<span style=\"color:#a31515\">\"|\"</span>));\r\n    $.cookie(<span style=\"color:#a31515\">'menuSort'</span>, main.join(<span style=\"color:#a31515\">\"|\"</span>), {expires: 10000});\r\n};\r\n<span style=\"color:blue\">function</span> retrieveOrder() {\r\n    <span style=\"color:blue\">var</span> main = $.cookie(<span style=\"color:#a31515\">'menuSort'</span>).split(<span style=\"color:#a31515\">\"|\"</span>);\r\n    <span style=\"color:blue\">for</span> (<span style=\"color:blue\">var</span> i=0; i<main.length; i++)\r\n    {\r\n        <span style=\"color:blue\">var</span> sub = main[i].split(<span style=\"color:#a31515\">\":\"</span>);\r\n        <span style=\"color:blue\">if</span> (sub.length == 1 && sub[0] == <span style=\"color:#a31515\">\"\"</span>)\r\n            sub = <span style=\"color:blue\">new</span> Array();\r\n        <span style=\"color:blue\">for</span> (<span style=\"color:blue\">var</span> j=0; j<sub.length; j++) {\r\n            <span style=\"color:blue\">var</span> item = $(<span style=\"color:#a31515\">\"a[title=\"</span> + sub[j] + <span style=\"color:#a31515\">\"]\"</span>).closest(<span style=\"color:#a31515\">\"li\"</span>);\r\n            <span style=\"color:blue\">if</span> (j != $(<span style=\"color:#a31515\">\".menu > li:eq(\"</span> + i + <span style=\"color:#a31515\">\") li\"</span>).index(item)) {\r\n                <span style=\"color:blue\">if</span> (j == 0)\r\n                    $(<span style=\"color:#a31515\">\".menu > li:eq(\"</span> + i + <span style=\"color:#a31515\">\") li:eq(\"</span> + j + <span style=\"color:#a31515\">\")\"</span>).before(item);\r\n                <span style=\"color:blue\">else</span>\r\n                    $(<span style=\"color:#a31515\">\".menu > li:eq(\"</span> + i + <span style=\"color:#a31515\">\") li:eq(\"</span> + (j - 1) + <span style=\"color:#a31515\">\")\"</span>).after(item);\r\n            }\r\n        }\r\n    }\r\n}\r\n</pre>\r\n</div>\r\nThis is a little more complicated since I assume you are wanting to record which parent item the sub menu item has been dragged to and restore it.\r\n<br>\r\n</div>\r\n<div id=\"x_ecxThreadNotificationFooter\">Read the <a target=\"_blank\">full discussion online</a>.<br>\r\nTo add a post to this discussion, reply to this email (<a target=\"_blank\">dragsort@discussions.codeplex.com</a>)<br>\r\nTo start a new discussion for this project, email <a target=\"_blank\">dragsort@discussions.codeplex.com</a><br>\r\nYou are receiving this email because you subscribed to this discussion on CodePlex. You can\r\n<a target=\"_blank\">unsubscribe</a> on CodePlex.com.<br>\r\nPlease note: Images and attachments will be removed from emails. Any posts to this discussion will also be available online at CodePlex.com<br>\r\n</div>\r\n",
    "PostedDate": "2010-11-03T03:27:21.26-07:00",
    "UserRole": null,
    "MarkedAsAnswerDate": null
  },
  {
    "Id": "525575",
    "ThreadId": "218585",
    "Html": "\r\n<p>Thank you very much for your response mcm_ham.</p>\r\n<p>Sorry for the late response.&nbsp; I ended up having to totally restructure the menus do to the length of the menus and using UI-Layout.&nbsp; Anyways, I now have a &quot;My Favorites&quot; menu where I have a star next to each link in the dropdown menu except for\r\n the favs menu.&nbsp; The other menus are not drag and drop, but the my favs is.&nbsp; So I clone the links after the star is &quot;clicked&quot;, wrap it with an li and put the drag handle in front of the anchor and a &quot;remove&quot; button after the anchor and append it to\r\n the my favs menu.&nbsp; From there the user can drag and drop sort the links.&nbsp; Once they are done building their favs menu, they select a button to save the menu, where I serialize the links and write it to a cookie.&nbsp; I then retrieve the cookie,\r\n clone the link since I want it in both the original menu and the favs menu, add the drag handle and the remove button, and append it back to the favs menu.&nbsp; I used your excellent guidance from above and implemented it this way:</p>\r\n<p>&nbsp;</p>\r\n<div style=\"color:black; background-color:white\">\r\n<pre><span style=\"color:green\">//change the save favs button to inform save required after drag and drop sorting</span>\r\n<span style=\"color:blue\">function</span> pleaseSave() {\r\n\t$(<span style=\"color:#a31515\">'div#menuHorizontal a#saveFavs'</span>).css({<span style=\"color:#a31515\">'background-position'</span>: <span style=\"color:#a31515\">'0 -25px'</span>, <span style=\"color:#a31515\">'cursor'</span>: <span style=\"color:#a31515\">'pointer'</span>});\r\n};\r\n<span style=\"color:green\">//functions to save order of favorites links</span>\r\n<span style=\"color:blue\">function</span> saveOrder() {\r\n    <span style=\"color:blue\">var</span> serialStr = <span style=\"color:#a31515\">&quot;&quot;</span>;\r\n    $(<span style=\"color:#a31515\">&quot;ul.dragSort li a&quot;</span>).each(<span style=\"color:blue\">function</span>(i, elm) { serialStr &#43;= (i &gt; 0 ? <span style=\"color:#a31515\">&quot;|&quot;</span> : <span style=\"color:#a31515\">&quot;&quot;</span>) &#43; $(elm).attr(<span style=\"color:#a31515\">'title'</span>); });\r\n\t<span style=\"color:green\">//alert(serialStr);</span>\r\n\t$.cookie(<span style=\"color:#a31515\">'menuSort'</span>, serialStr, {expires: 10000});\r\n};\r\n<span style=\"color:blue\">function</span> retrieveOrder() {\r\n    <span style=\"color:blue\">var</span> main = $.cookie(<span style=\"color:#a31515\">'menuSort'</span>).split(<span style=\"color:#a31515\">&quot;|&quot;</span>);\r\n    <span style=\"color:blue\">for</span> (<span style=\"color:blue\">var</span> i=0; i&lt;main.length; i&#43;&#43;)\r\n    {\r\n            <span style=\"color:blue\">var</span> item = $(<span style=\"color:#a31515\">&quot;a[title=&quot;</span> &#43; main[i] &#43; <span style=\"color:#a31515\">&quot;]&quot;</span>);\r\n\t\t\titem.prev(<span style=\"color:#a31515\">'div.star'</span>).addClass(<span style=\"color:#a31515\">'favorite'</span>)\r\n\t\t\titem.clone(<span style=\"color:blue\">true</span>).appendTo(<span style=\"color:#a31515\">&quot;ul.dragSort&quot;</span>).wrap(<span style=\"color:#a31515\">&quot;&lt;li&gt;&lt;/li&gt;&quot;</span>).before(<span style=\"color:#a31515\">&quot;&lt;div class='dragHandle'&gt;&lt;img class='png' src='_images/dragHandle4.png' width='11' height='11' /&gt;&lt;/div&gt;&quot;</span>).after(<span style=\"color:#a31515\">&quot;&lt;div class='remove' title='Remove from Favorites'&gt;&lt;/div&gt;&quot;</span>);\r\n\t}\r\n}\r\n$(document).ready(<span style=\"color:blue\">function</span>(){retrieveOrder();});\r\n</pre>\r\n</div>\r\n<p>I haven't done extensive testing yet but it seems to be working quite well.&nbsp; Do you see anything that might cause me some problems?&nbsp; Again, thank you very much for your response...this is a great tool to have.</p>\r\n<p>EDIT: I did run into an issue if the cookie did not yet exist, so I just did a quick check if the cookie existed or not:</p>\r\n<p></p>\r\n<div style=\"color:black; background-color:white\">\r\n<pre><span style=\"color:blue\">function</span> retrieveOrder() {\r\n\t<span style=\"color:blue\">if</span>($.cookie(<span style=\"color:#a31515\">'menuSort'</span>) != <span style=\"color:blue\">null</span>){\r\n\t<span style=\"color:blue\">var</span> main = $.cookie(<span style=\"color:#a31515\">'menuSort'</span>).split(<span style=\"color:#a31515\">&quot;|&quot;</span>);\r\n    <span style=\"color:blue\">for</span> (<span style=\"color:blue\">var</span> i=0; i&lt;main.length; i&#43;&#43;)\r\n    {\r\n            <span style=\"color:blue\">var</span> item = $(<span style=\"color:#a31515\">&quot;a[title=&quot;</span> &#43; main[i] &#43; <span style=\"color:#a31515\">&quot;]&quot;</span>);\r\n\t\t\titem.prev(<span style=\"color:#a31515\">'div.star'</span>).addClass(<span style=\"color:#a31515\">'favorite'</span>)\r\n\t\t\titem.clone(<span style=\"color:blue\">true</span>).appendTo(<span style=\"color:#a31515\">&quot;ul.dragSort&quot;</span>).wrap(<span style=\"color:#a31515\">&quot;&lt;li&gt;&lt;/li&gt;&quot;</span>).before(<span style=\"color:#a31515\">&quot;&lt;div class='dragHandle'&gt;&lt;img class='png' src='_images/dragHandle4.png' width='11' height='11' /&gt;&lt;/div&gt;&quot;</span>).after(<span style=\"color:#a31515\">&quot;&lt;div class='remove' title='Remove from Favorites'&gt;&lt;/div&gt;&quot;</span>);\r\n\t}\r\n}<span style=\"color:blue\">return</span>;\r\n}\r\n</pre>\r\n</div>\r\n<p></p>\r\n",
    "PostedDate": "2010-11-22T15:30:35.483-08:00",
    "UserRole": null,
    "MarkedAsAnswerDate": null
  }
]