[
  {
    "Id": "695904",
    "ThreadId": "278866",
    "Html": "\r\n<p>Hi,</p>\r\n<p>I have this code:</p>\r\n<p>&lt;table id=&quot;list1&quot;&gt;<br>\r\n&nbsp;&nbsp;&nbsp; &nbsp;&nbsp;&nbsp; &lt;tr&gt;&lt;td&gt;&lt;div&gt;1&lt;/div&gt;&lt;/td&gt;<br>\r\n&nbsp;&nbsp;&nbsp; &nbsp;&nbsp;&nbsp; &lt;td&gt;&lt;div&gt;2&lt;/div&gt;&lt;/td&gt;<br>\r\n&nbsp;&nbsp;&nbsp; &nbsp;&nbsp;&nbsp; &lt;/tr&gt;<br>\r\n&nbsp;&nbsp;&nbsp; &nbsp;&nbsp;&nbsp; &lt;tr&gt;&lt;td&gt;&lt;div&gt;3&lt;/div&gt;&lt;/td&gt;<br>\r\n&nbsp;&nbsp;&nbsp; &nbsp;&nbsp;&nbsp; &lt;td&gt;&lt;div&gt;4&lt;/div&gt;&lt;/td&gt;<br>\r\n&nbsp;&nbsp;&nbsp; &nbsp;&nbsp;&nbsp; &lt;/tr&gt;<br>\r\n&nbsp;&nbsp;&nbsp; &nbsp;&nbsp;&nbsp; &lt;tr&gt;&lt;td&gt;&lt;div&gt;5&lt;/div&gt;&lt;/td&gt;<br>\r\n&nbsp;&nbsp;&nbsp; &nbsp;&nbsp;&nbsp; &lt;td&gt;&lt;div&gt;6&lt;/div&gt;&lt;/td&gt;<br>\r\n&nbsp;&nbsp;&nbsp; &nbsp;&nbsp;&nbsp; &lt;/tr&gt;<br>\r\n&nbsp;&nbsp;&nbsp; &nbsp;&nbsp;&nbsp; &lt;tr&gt;&lt;td&gt;&lt;div&gt;7&lt;/div&gt;&lt;/td&gt;<br>\r\n&nbsp;&nbsp;&nbsp; &nbsp;&nbsp;&nbsp; &lt;td&gt;&lt;div&gt;7&lt;/div&gt;&lt;/td&gt;<br>\r\n&nbsp;&nbsp;&nbsp; &nbsp;&nbsp;&nbsp; &lt;/tr&gt;<br>\r\n&nbsp;&nbsp;&nbsp; &lt;/table&gt;</p>\r\n<p>Is there a way I could make the table cells to be able to use the sort functionality, problem is I cannot use UL.</p>\r\n<p>Regards,</p>\r\n<p>Cipi</p>\r\n",
    "PostedDate": "2011-11-09T07:44:02.267-08:00",
    "UserRole": null,
    "MarkedAsAnswerDate": null
  },
  {
    "Id": "696498",
    "ThreadId": "278866",
    "Html": "<p>Try changing:</p>\r\n<p><strong>dragSelector: \"div\"</strong></p>\r\n<p>to</p>\r\n<p><strong>dragSelector: \"tr\"</strong></p>\r\n<p>Then just modify placeHolderTemplate to use a &lt;tr&gt; instead of a &lt;li&gt;</p>",
    "PostedDate": "2011-11-10T07:58:54.13-08:00",
    "UserRole": null,
    "MarkedAsAnswerDate": null
  },
  {
    "Id": "696856",
    "ThreadId": "278866",
    "Html": "<p>Hi,</p>\r\n<p>&nbsp; Thanks for the response, I've tried that but is not working, also notice that in one TR I have 2 TD.</p>\r\n<p>I've tested with this:</p>\r\n<p>&lt;script type=\"text/javascript\"&gt;<br />&nbsp;&nbsp;&nbsp; &nbsp;&nbsp;&nbsp; $(\"#list1\").dragsort({ dragSelector: \"tr\", dragBetween: false, dragEnd: saveOrder, placeHolderTemplate: \"&lt;tr&gt;&lt;td class='placeHolder'&gt;&lt;div&gt;&lt;/div&gt;&lt;/td&gt;&lt;/tr&gt;\" });<br />&lt;/script&gt;</p>\r\n<p>Regards,</p>\r\n<p>Cipi</p>",
    "PostedDate": "2011-11-11T00:10:51.463-08:00",
    "UserRole": null,
    "MarkedAsAnswerDate": null
  },
  {
    "Id": "703748",
    "ThreadId": "278866",
    "Html": "<p>You're on the right track joetito, to complete his suggestion here's what you can try:</p>\n<div style=\"color: black; background-color: white;\">\n<pre>$(<span style=\"color: #a31515;\">\"#list1 tr\"</span>).dragsort({ itemSelector: <span style=\"color: #a31515;\">\"td\"</span>, dragSelector: <span style=\"color: #a31515;\">\"td\"</span>, dragBetween: <span style=\"color: blue;\">true</span>, placeHolderTemplate: <span style=\"color: #a31515;\">\"&lt;td&gt;&lt;/td&gt;\"</span> });\n</pre>\n</div>\n<p>The itemSelector (which is undocumented) is the css selector that specifies what html element to move, although unlike the dragSelector it will only match elements that are direct children of the specified list in this case \"#list1 tr\". So this is making  each row a separate list and dragBetween set to true allows you to drag the table cell between the lists i.e. the rows. The dragSelector simply specifies what you must click on in order to drag the item.</p>\n<p>The problem with this is that when dragged (positioned using css position: absolute, top and left) a gap is still left behind in the table which normally doesn't with position absolute. Normally dragsort uses placeHolderTemplate to create a new element to  create this gap which allows you to style it (unlike the gap left by your dragged td) which is useful if its it at the end of row or different row that's empty. So at the moment you will have two gaps which may look/work strange. Also td's don't wrap to another  row so people will&nbsp; be able to create rows of different lengths which may look strange (don't know your situation). This is why styling UL to look like a table has been the recommendation, but if you want I can provide changes to dragsort to disable creating  a placeHolder if you want to continue with a table despite these limitations.</p>",
    "PostedDate": "2011-11-26T20:19:22.537-08:00",
    "UserRole": null,
    "MarkedAsAnswerDate": null
  },
  {
    "Id": "703852",
    "ThreadId": "278866",
    "Html": "<p>Hi,</p>\r\n<p>Thx for your answer, problem in my case is that i don't control the template that creates the table structure, I have only placeholders where i can put data, so I cannot change from table to UL.</p>\r\n<p>If you can provide the change for table like will be greatly appreciated.</p>\r\n<p>Regards,</p>\r\n<p>Cipi</p>",
    "PostedDate": "2011-11-27T06:16:13.717-08:00",
    "UserRole": null,
    "MarkedAsAnswerDate": null
  },
  {
    "Id": "710089",
    "ThreadId": "278866",
    "Html": "<p>Apologies for the delay, this is now done and part of next release:<br /><a href=\"http://dragsort.codeplex.com/releases/view/80735\"> http://dragsort.codeplex.com/releases/view/80735</a></p>\n<p>I've also changed itemSelector, dragSelector and placeHolderTemplate (although placeHolder is now not used if itemSelector is td) to use tag name of first child in list container instead of simply defaulting to LI, so now you can simply call dragsort on your table like this:</p>\n<div style=\"color: black; background-color: white;\">\n<pre>$(<span style=\"color: #a31515;\">\"#list1 tr\"</span>).dragsort({ dragBetween: <span style=\"color: blue;\">true</span> });\n</pre>\n</div>",
    "PostedDate": "2011-12-09T13:38:12.88-08:00",
    "UserRole": null,
    "MarkedAsAnswerDate": null
  }
]