[
  {
    "Id": "858048",
    "ThreadId": "362180",
    "Html": "\r\n<p>Hello,</p>\r\n<p>Below is an example of dragging items between 3 divs - how can I easly make them flexibple depending on how many items they have - so widht of each div and theirs margins and paddings will be the same according to the amount of items?</p>\r\n<p>http://kaspertest.xtreemhost.com/draggin/lk_drag1.html</p>\r\n<p>thanks,</p>\r\n<p>kris</p>\r\n",
    "PostedDate": "2012-07-05T13:37:48.377-07:00",
    "UserRole": null,
    "MarkedAsAnswerDate": null
  }
]