[
  {
    "Id": "269315",
    "ThreadId": "78655",
    "Html": "<p>This is not so much a bug, as it is something of a feature request.</p>\r\n<p>If I click and drag an item up or down in a list, and move the mouse outside of the list while I am still dragging the item up or down, the item continues to move in the list, but the other items do not move when the item is dragged over them. The item simply passes over them, and returns to its original position on mouseup.</p>\r\n<p>Like I said, it is not really a bug - users can simply keep the mouse over the list if they want to re-arrange it. But it would be very nice to allow the freedom of sorting an item in a list while the mouse has left the list.</p>\r\n<p>Thanks for the help so far. You've really made a great piece of code here!</p>",
    "PostedDate": "2009-12-19T16:13:16.707-08:00",
    "UserRole": null,
    "MarkedAsAnswerDate": null
  },
  {
    "Id": "269481",
    "ThreadId": "78655",
    "Html": "<p>Your suggestion makes a lot of sense. When I have some spare time I'll take a look at making that change.</p>",
    "PostedDate": "2009-12-20T22:09:56.293-08:00",
    "UserRole": null,
    "MarkedAsAnswerDate": null
  }
]