[
  {
    "Id": "658882",
    "ThreadId": "269270",
    "Html": "\r\n<p>Imagine that we have the following scenario:</p>\r\n<ol>\r\n<li>A drag-sort list that when the dragEnd event fires the current order of the list is persisted in a database.\r\n</li><li>The commit in the database failed </li><li>The last drop must be undone. </li></ol>\r\n<p>How to achieve this?</p>\r\n<p>&nbsp;</p>\r\n",
    "PostedDate": "2011-08-16T08:34:57.947-07:00",
    "UserRole": null,
    "MarkedAsAnswerDate": null
  },
  {
    "Id": "678524",
    "ThreadId": "269270",
    "Html": "<p>What you can do is save the existing order on page load:<br />\r\n<div style=\"color: black; background-color: white;\">\r\n<pre><span style=\"color: blue;\">var</span> list1order = $(<span style=\"color: #a31515;\">\"#list1 li\"</span>).toArray();\r\n<span style=\"color: blue;\">var</span> list2order = $(<span style=\"color: #a31515;\">\"#list2 li\"</span>).toArray();\r\n</pre>\r\n</div>\r\nAnd then in your dragEnd function you can restore the order like so:<br />\r\n<div style=\"color: black; background-color: white;\">\r\n<pre><span style=\"color: blue;\">var</span> list1 = $(<span style=\"color: #a31515;\">\"#list1\"</span>), list2 = $(<span style=\"color: #a31515;\">\"#list2\"</span>);\r\n$(list1order).each(<span style=\"color: blue;\">function</span>() { $(<span style=\"color: blue;\">this</span>).appendTo(list1); });\r\n$(list2order).each(<span style=\"color: blue;\">function</span>() { $(<span style=\"color: blue;\">this</span>).appendTo(list2); });\r\n</pre>\r\n</div>\r\n</p>",
    "PostedDate": "2011-09-30T00:34:38.85-07:00",
    "UserRole": null,
    "MarkedAsAnswerDate": null
  }
]