[
  {
    "Id": "1104162",
    "ThreadId": "461302",
    "Html": "hello\r<br />\nafter insert select element tag into a element html dragable, cannot open option's select element.<br />\n<pre><code>&lt;script type=&quot;text/javascript&quot;&gt;\n    $(&quot;ul&quot;).dragsort();\n&lt;/script&gt;\n&lt;ul&gt;\n    &lt;li&gt;&lt;div&gt;10&lt;/div&gt;&lt;/li&gt;\n    &lt;li&gt;&lt;div&gt;11&lt;/div&gt;&lt;/li&gt;\n    &lt;li&gt;&lt;div&gt;__&lt;select&gt;&lt;option&gt;a&lt;/option&gt;&lt;option&gt;b&lt;/option&gt;&lt;/select&gt;__&lt;/div&gt;&lt;/li&gt;\n    &lt;li&gt;&lt;div&gt;13&lt;/div&gt;&lt;/li&gt;\n    &lt;li&gt;&lt;div&gt;14&lt;/div&gt;&lt;/li&gt;\n    &lt;li&gt;&lt;div&gt;15&lt;/div&gt;&lt;/li&gt;\n    &lt;li&gt;&lt;div&gt;16&lt;/div&gt;&lt;/li&gt;\n    &lt;li&gt;&lt;div&gt;17&lt;/div&gt;&lt;/li&gt;\n    &lt;li&gt;&lt;div&gt;18&lt;/div&gt;&lt;/li&gt;\n&lt;/ul&gt;</code></pre>\n\nplease help me ...\r<br />\n<br />\nthanks<br />\n",
    "PostedDate": "2013-10-06T01:44:23.483-07:00",
    "UserRole": null,
    "MarkedAsAnswerDate": null
  },
  {
    "Id": "1104170",
    "ThreadId": "461302",
    "Html": "<pre><code>    selector.dragsort({\n        dragSelectorExclude: &quot;input, textarea, __select__&quot;\n    });</code></pre>\n\n",
    "PostedDate": "2013-10-06T02:08:48.51-07:00",
    "UserRole": null,
    "MarkedAsAnswerDate": "2013-10-06T02:08:55.903-07:00"
  }
]