[
  {
    "Id": "269187",
    "ThreadId": "78615",
    "Html": "<p>My list items are disappearing onclick. It only seems to happen when the list items are set to position: relative. Unfortunately I do need the list items to be positioned relatively, because they contain absolutely positioned elements.</p>\r\n<p>Thanks for the help just now. Any thoughts on this one?</p>",
    "PostedDate": "2009-12-18T20:51:08.547-08:00",
    "UserRole": null,
    "MarkedAsAnswerDate": null
  },
  {
    "Id": "269192",
    "ThreadId": "78615",
    "Html": "<p>That would be a z-index issue, basically the dragged item is appearing behind the other list items. I've just updated the planned v3.10 release to now set the z-index of the dragged item to 999 to ensure it's the top element.</p>",
    "PostedDate": "2009-12-18T21:11:42.2-08:00",
    "UserRole": null,
    "MarkedAsAnswerDate": null
  },
  {
    "Id": "269308",
    "ThreadId": "78615",
    "Html": "<p>Wow. Thanks a ton, mcm_ham. You've been very helpful and extremely quick with your support!</p>",
    "PostedDate": "2009-12-19T14:30:15.617-08:00",
    "UserRole": null,
    "MarkedAsAnswerDate": null
  }
]