[
  {
    "Id": "695881",
    "ThreadId": "278861",
    "Html": "\r\n<p>Is it possible to dynamically disable the ability to drag certain elements (li) in a list instead of disabling the entire list?</p>\r\n<p>I've created an interface that shows a user information they do/don't have access to, and I don't want the user to be able to move items they don't have access to.</p>\r\n",
    "PostedDate": "2011-11-09T07:05:56.497-08:00",
    "UserRole": null,
    "MarkedAsAnswerDate": null
  },
  {
    "Id": "700736",
    "ThreadId": "278861",
    "Html": "<p>Is this discussion helpful?<br /><a href=\"http://dragsort.codeplex.com/discussions/262726\">http://dragsort.codeplex.com/discussions/262726</a></p>\r\n<p>If so I apologies for not making these threads more discoverable or add to proposed feature list.</p>",
    "PostedDate": "2011-11-19T20:46:57.723-08:00",
    "UserRole": null,
    "MarkedAsAnswerDate": null
  }
]