[
  {
    "Id": "818406",
    "ThreadId": "350801",
    "Html": "\r\n<p>Thx for this script was looking for this a few days. I would like to save the order in database. Moving, saving order works and it saves these parameters(checked with firebug) to update.php:</p>\r\n<table cellspacing=\"0\" cellpadding=\"0\">\r\n<tbody>\r\n<tr>\r\n<td><span>ids[]</span></td>\r\n<td><code>2</code></td>\r\n</tr>\r\n<tr>\r\n<td><span>ids[]</span></td>\r\n<td><code>1</code></td>\r\n</tr>\r\n<tr>\r\n<td><span>ids[]</span></td>\r\n<td><code>3</code></td>\r\n</tr>\r\n<tr>\r\n<td><span>ids[]</span></td>\r\n<td><code>6</code></td>\r\n</tr>\r\n<tr>\r\n<td><span>ids[]</span></td>\r\n<td><code>4</code></td>\r\n</tr>\r\n<tr>\r\n<td><span>ids[]</span></td>\r\n<td><code>5</code></td>\r\n</tr>\r\n<tr>\r\n<td><span>ids[]</span></td>\r\n<td><code>7</code></td>\r\n</tr>\r\n<tr>\r\n<td><span>ids[]</span></td>\r\n<td><code>8</code></td>\r\n</tr>\r\n<tr>\r\n<td><span>ids[]</span></td>\r\n<td><code>9</code></td>\r\n</tr>\r\n<tr>\r\n<td><span>ids[]</span></td>\r\n<td><code>10</code></td>\r\n</tr>\r\n<tr>\r\n<td><span>ids[]</span></td>\r\n<td><code>11</code></td>\r\n</tr>\r\n<tr>\r\n<td><span>ids[]</span></td>\r\n<td><code>12</code></td>\r\n</tr>\r\n</tbody>\r\n</table>\r\n<table cellspacing=\"0\" cellpadding=\"0\">\r\n<tbody>\r\n<tr>\r\n<td colspan=\"2\">\r\n<div>Source</div>\r\n</td>\r\n</tr>\r\n<tr>\r\n<td colspan=\"2\"><code>ids%5B%5D=2&amp;ids%5B%5D=1&amp;ids%5B%5D=3&amp;ids%5B%5D=6&amp;ids%5B%5D=4&amp;ids%5B%5D=5&amp;ids%5B%5D=7&amp;ids%5B%5D=8&amp;ids%5B</code><code>%5D=9&amp;ids%5B%5D=10&amp;ids%5B%5D=11&amp;ids%5B%5D=12</code></td>\r\n</tr>\r\n</tbody>\r\n</table>\r\n<p>Somehow it doesn't update the database. Can you look into this. <strong>update.php:</strong></p>\r\n<div style=\"color:black; background-color:white\">\r\n<pre>&lt;?php\r\n<span style=\"color:blue\">include</span>(<span style=\"color:#a31515\">'instellingen.php'</span>);  \r\n$ip = $_SERVER[<span style=\"color:#a31515\">'REMOTE_ADDR'</span>];\r\n$ids = explode(<span style=\"color:#a31515\">&quot;|&quot;</span>, $_POST[<span style=\"color:#a31515\">&quot;ids&quot;</span>]);\r\n<span style=\"color:blue\">for</span> ($idx = 0; $idx &lt; count($ids); $idx&#43;=1) {\r\n  $id = $ids[$idx];\r\n  $ordinal = $idx;\r\n  mysql_query(<span style=\"color:#a31515\">&quot;UPDATE orderblok SET sort_no = &quot;</span> . $idx . <span style=\"color:#a31515\">&quot;, ip = &quot;</span> . $ip . <span style=\"color:#a31515\">&quot; WHERE id = &quot;</span> . (int)$ids[$idx]);\r\n}\r\n?&gt;<br><br><strong>Jquery code:</strong><br><div style=\"color:black; background-color:white\"><pre><div style=\"color:black; background-color:white\"><pre>            $(<span style=\"color:#a31515\">&quot;.jk&quot;</span>).dragsort({ dragSelector: <span style=\"color:#a31515\">&quot;div&quot;</span>, dragEnd: saveOrder, placeHolderTemplate: <span style=\"color:#a31515\">'&lt;div class=&quot;blokhl&quot;&gt;&lt;/div&gt;'</span> });\r\n\r\n            <span style=\"color:blue\">function</span> saveOrder() {\r\n                <span style=\"color:blue\">var</span> data = $(<span style=\"color:#a31515\">&quot;.jk .blok&quot;</span>).map(<span style=\"color:blue\">function</span>() { <span style=\"color:blue\">return</span> $(<span style=\"color:blue\">this</span>).data(<span style=\"color:#a31515\">&quot;itemid&quot;</span>); }).get();\r\n                $.post(<span style=\"color:#a31515\">&quot;f/update.php&quot;</span>, { <span style=\"color:#a31515\">&quot;ids[]&quot;</span>: data });\r\n            };\r\n</pre>\r\n</div>\r\n<br><strong>Mysql table:</strong><br>\r\n<div style=\"color:black; background-color:white\">\r\n<pre><span style=\"color:blue\">INSERT</span> <span style=\"color:blue\">INTO</span> `orderblok` (`id`, `sort_no`, `ip`) <span style=\"color:blue\">VALUES</span>\r\n(1, 1, <span style=\"color:#a31515\">'0'</span>),\r\n(2, 2, <span style=\"color:#a31515\">'0'</span>),\r\n(3, 3, <span style=\"color:#a31515\">'0'</span>),\r\n(4, 4, <span style=\"color:#a31515\">'0'</span>),\r\n(5, 5, <span style=\"color:#a31515\">'0'</span>),\r\n(6, 6, <span style=\"color:#a31515\">'0'</span>),\r\n(7, 7, <span style=\"color:#a31515\">'0'</span>),\r\n(8, 8, <span style=\"color:#a31515\">'0'</span>),\r\n(9, 9, <span style=\"color:#a31515\">'0'</span>),\r\n(10, 10, <span style=\"color:#a31515\">'0'</span>),\r\n(11, 11, <span style=\"color:#a31515\">'0'</span>),\r\n(12, 12, <span style=\"color:#a31515\">'0'</span>); \r\n</pre>\r\n</div>\r\n<br></pre>\r\n</div>\r\n<em>Cyto</em><br></pre>\r\n</div>\r\n",
    "PostedDate": "2012-04-01T09:23:09.153-07:00",
    "UserRole": null,
    "MarkedAsAnswerDate": null
  },
  {
    "Id": "826757",
    "ThreadId": "350801",
    "Html": "<p>Did you resolve that ?</p>",
    "PostedDate": "2012-04-20T18:55:58.717-07:00",
    "UserRole": null,
    "MarkedAsAnswerDate": null
  },
  {
    "Id": "826777",
    "ThreadId": "350801",
    "Html": "<p>Hi Cyto apologies for the delay (I did get your email letting me know of this post, good idea, but left it to when I had spare time and forgot).</p>\n<p>I think you will find $_POST[\"ids\"] is already an array and there's no need to call explode on it. Originally in my examples I used to join the ids together separated by | as a single string and post that to the server where I would split the string  back into an array. Then later I discovered you can post arrays to the server without the need to convert into a string and back again so changed my examples.</p>\n<p>Just so you know in my example I post the array as { \"ids[]\": data } to support older versions of jquery (before v1.5 I think) but you now can write { ids: data }.</p>",
    "PostedDate": "2012-04-20T22:48:53.557-07:00",
    "UserRole": null,
    "MarkedAsAnswerDate": null
  },
  {
    "Id": "1016207",
    "ThreadId": "350801",
    "Html": "Hi, \r<br />\n<br />\nI continue this post because its a similar problem.\r<br />\n<br />\nFirst, great script. Work great. \r<br />\nThe problem is that I just cant understand how to save the reordered list.\r<br />\n<br />\nI have a mysql table to order an image gallery. this is the structure after uploading the files:<br />\n<pre><code>ID  ORDEN   LINK\n1   1           1_MG_8870.jpg           \n2   2           0_MG_9260.jpg           \n3   3           1_MG_9335.jpg           \n4   4           2_MG_9337.jpg           \n</code></pre>\n\nSince I want to be able to change the order I'm using this script<br />\n<pre><code>&lt;ul id=&quot;list1&quot;&gt;\n&lt;?\n                            \n                                while($articulo=mysql_fetch_array($resultados)) {\n                                                \n            echo '&lt;li data-itemid=&quot;'.$articulo[&quot;ORDEN&quot;].'&quot;&gt;&lt;div&gt;&lt;img src=&quot;multi/'.$articulo[&quot;LINK&quot;].'&quot; width=&quot;120&quot; height=&quot;120&quot; /&gt;&lt;/div&gt;&lt;/li&gt;';\n            }\n    ?&gt;\n    \n    &lt;/ul&gt;\n&lt;input name=&quot;list1SortOrder&quot; type=&quot;text&quot; size=&quot;244&quot; /&gt;\n&lt;script type=&quot;text/javascript&quot;&gt;\n        $(&quot;#list1&quot;).dragsort({ dragSelector: &quot;div&quot;, dragEnd: saveOrder, placeHolderTemplate: &quot;&lt;li class='placeHolder'&gt;&lt;div&gt;&lt;/div&gt;&lt;/li&gt;&quot; });\n\n           function saveOrder() {\n            var data = $(&quot;#list1 li&quot;).map(function() { return $(this).data(&quot;itemid&quot;); }).get();\n            $(&quot;input[name=list1SortOrder]&quot;).val(data.join(&quot;|&quot;));\n            $.post(&quot;fotoalbum.php&quot;, { &quot;ids&quot;: data });\n        };\n    &lt;/script&gt;</code></pre>\n\nI set the input to be visible and reflect the change every time I drag&amp;drop a picture (ej: 0|1|2|3|4 and changing... ), but I'm not being able to insert this new order to de database.\r<br />\n<br />\nSorry if its too dumb the problem.....\r<br />\n<br />\nTHAnks!<br />\n",
    "PostedDate": "2013-03-15T17:35:29.583-07:00",
    "UserRole": null,
    "MarkedAsAnswerDate": null
  }
]