[
  {
    "Id": "920454",
    "ThreadId": "397664",
    "Html": "\r\n<p>&#65279;&#65279;&#65279;&#65279;Hello,<br>\r\n<br>\r\nThank you so much for this great plugin. I'm sorry about the incredibly embarrassing newbie question, but I just can't seem able to figure out how to pass the new list order ids to a php page so that I can save them to the database.<br>\r\n<br>\r\nI'm trying to add a button or link which onclick passes the new info to a php script. No matter how much time I spend on it, I simply can't figure out how to do this very basic task.<br>\r\nAgain, sorry for the high newbie factor. If a kind and patient soul could please give me a hand they would really make my day.<br>\r\n<br>\r\nThanks for reading this and keep up the good work! :)</p>\r\n",
    "PostedDate": "2012-10-02T02:25:16.957-07:00",
    "UserRole": null,
    "MarkedAsAnswerDate": null
  }
]