[
  {
    "Id": "633786",
    "ThreadId": "262993",
    "Html": "<p>As of right now, it appears that this is controlled by the width of both the &lt;li&gt; div and the #list width (on a 2D grid, of course). Can you give me an idea how to control this on the code?&nbsp;</p>",
    "PostedDate": "2011-06-27T14:30:46.197-07:00",
    "UserRole": null,
    "MarkedAsAnswerDate": null
  },
  {
    "Id": "643373",
    "ThreadId": "262993",
    "Html": "<p>Sorry for the delay in responding. Is something like this what you are after?</p>\r\n<p>var itemsPerRow = 4;<br /> var itemWidth = $(\"#list li\").outerWidth();<br /> $(\"#list\").width(itemsPerRow * itemWidth);</p>",
    "PostedDate": "2011-07-16T21:16:26.88-07:00",
    "UserRole": null,
    "MarkedAsAnswerDate": null
  }
]