[
  {
    "Id": "664124",
    "ThreadId": "270601",
    "Html": "\r\n<p>Instead of having dragging generating a csv string of the new order. Is it possible to have it update the number of the elements instead. A hidden form element that was currently in position 4 update to the new position when moved to 1 and the other elements\r\n 1 ,2 ,3 then become 2, 3, 4 ?</p>\r\n<p></p>\r\n<div style=\"color:black; background-color:white\">\r\n<pre>&lt;div id=&quot;gallery&quot;&gt;\r\n&lt;ul &gt;\r\n   &lt;li id=&quot;1&quot;&gt;&lt;div &gt;&lt;img border=&quot;1&quot; src=&quot;i/thumbs/pic01.jpg&quot; width=&quot;120&quot; height=&quot;90&quot;&gt;&lt;form action=&quot;&quot; method=&quot;post&quot;&gt; &lt;input name=&quot;sort_no_1&quot; type=&quot;hidden&quot;  value=&quot;1&quot; /&gt;&lt;/form&gt;&lt;/div&gt;&lt;/li&gt;\r\n   &lt;li id=&quot;2&quot;&gt;&lt;div &gt;&lt;img border=&quot;1&quot; src=&quot;i/thumbs/pic02.jpg&quot; width=&quot;120&quot; height=&quot;90&quot;&gt;&lt;form action=&quot;&quot; method=&quot;post&quot;&gt;&lt;input name=&quot;sort_no_2&quot; type=&quot;hidden&quot;  value=&quot;2&quot; /&gt;&lt;/form&gt;&lt;/div&gt;&lt;/li&gt;\r\n   &lt;li id=&quot;3&quot;&gt;&lt;div &gt;&lt;img border=&quot;1&quot; src=&quot;i/thumbs/pic03.jpg&quot; width=&quot;120&quot; height=&quot;90&quot;&gt;&lt;form action=&quot;&quot; method=&quot;post&quot;&gt;&lt;input name=&quot;sort_no_3&quot; type=&quot;hidden&quot;  value=&quot;3&quot; /&gt;&lt;/form&gt;&lt;/div&gt;&lt;/li&gt;\r\n   &lt;li id=&quot;4&quot;&gt;&lt;div &gt;&lt;img border=&quot;1&quot; src=&quot;i/thumbs/pic04.jpg&quot; width=&quot;120&quot; height=&quot;90&quot;&gt;&lt;form action=&quot;&quot; method=&quot;post&quot;&gt;&lt;input name=&quot;sort_no_4&quot; type=&quot;hidden&quot;  value=&quot;4&quot; /&gt;&lt;/form&gt;&lt;/div&gt;&lt;/li&gt;\r\n&lt;/ul&gt;\r\n&lt;/div&gt;\r\n</pre>\r\n</div>\r\n<p></p>\r\n",
    "PostedDate": "2011-08-26T16:30:50.157-07:00",
    "UserRole": null,
    "MarkedAsAnswerDate": null
  },
  {
    "Id": "678540",
    "ThreadId": "270601",
    "Html": "<p>So you are wanting to set the value of the hidden fields to the position they appear on the page after dragging? This is how you would do this using jquery's <a href=\"http://api.jquery.com/attribute-starts-with-selector/\">attribute starts with selector</a>, <a href=\"http://api.jquery.com/each/\">each</a> and <a href=\"http://api.jquery.com/val/\"> val</a> methods:</p>\n<div style=\"color: black; background-color: white;\">\n<pre>&lt;script type=<span style=\"color: #a31515;\">\"text/javascript\"</span>&gt;\n\t$(<span style=\"color: #a31515;\">\"#gallery\"</span>).dragsort({ dragEnd: <span style=\"color: blue;\">function</span>() {\n\t\t$(<span style=\"color: #a31515;\">\"#gallery input[name^='sort_no']\"</span>).each(<span style=\"color: blue;\">function</span>(idx) { $(<span style=\"color: blue;\">this</span>).val(idx + 1); });\n\t}});\n&lt;/script&gt;\n</pre>\n</div>",
    "PostedDate": "2011-09-30T01:48:14.12-07:00",
    "UserRole": null,
    "MarkedAsAnswerDate": null
  }
]