[
  {
    "Id": "455983",
    "ThreadId": "216174",
    "Html": "<p>Hi,</p>\r\n<p>I just stumbled accross this fantastic resource while looking for an upgrade option for our existing&nbsp;tool-man solution, I was wondering if it is possible to do the following:</p>\r\n<p>Using your &quot;2D list with drag and drop between lists&quot; example, where you can freely move items between the left and right&nbsp;lists. We need to keep this functionality but also have a number of&nbsp;static li elements that remain in the left hand list. So&nbsp;effectively&nbsp;when these are&nbsp;dragged&nbsp;to the right they are copied - not moved, and if they are dragged back to the left, the copies are removed from the container altogether.</p>\r\n<p>I have a sneaky feeling that Im going to have to write my own library to do so, but I thought I would post a comment on the off chance that it might be possible.</p>\r\n<p>ta,</p>\r\n<p>kmoo01</p>",
    "PostedDate": "2010-06-15T23:50:31.177-07:00",
    "UserRole": null,
    "MarkedAsAnswerDate": null
  },
  {
    "Id": "456062",
    "ThreadId": "216174",
    "Html": "<p>If you don't mind it disappearing from the left hand list temporarily when you drag the item to the right hand list until it's dropped, it can all be done externally to the dragsort code like below. If you do mind then we will need to look at modifying the dragsort code to achieve your desired behaviour.</p>\r\n<div style=\"color:black;background-color:white;border:1px solid black;padding:10px\">\r\n<pre>$(<span style=\"color:#a31515\">&quot;#list1, #list2&quot;</span>).dragsort({ dragSelector: <span style=\"color:#a31515\">&quot;div&quot;</span>, dragBetween: <span style=\"color:blue\">true</span>, dragEnd: saveOrder, placeHolderTemplate: <span style=\"color:#a31515\">&quot;&lt;li class='placeHolder'&gt;&lt;div&gt;&lt;/div&gt;&lt;/li&gt;&quot;</span> });\r\n\r\n$(<span style=\"color:#a31515\">&quot;#list1 &gt; li&quot;</span>).each(<span style=\"color:blue\">function</span>(i) { $(<span style=\"color:blue\">this</span>).attr(<span style=\"color:#a31515\">&quot;list1&quot;</span>, i); });\r\n$(<span style=\"color:#a31515\">&quot;#list2 &gt; li&quot;</span>).attr(<span style=\"color:#a31515\">&quot;list2&quot;</span>, <span style=\"color:blue\">true</span>);\r\n\r\n<span style=\"color:blue\">function</span> saveOrder() {\r\n\t<span style=\"color:green\">//restore lost item</span>\r\n\t$(<span style=\"color:#a31515\">&quot;#list2 &gt; li[list1]&quot;</span>).each(<span style=\"color:blue\">function</span>() {\r\n\t\t<span style=\"color:blue\">var</span> idx = parseInt($(<span style=\"color:blue\">this</span>).attr(<span style=\"color:#a31515\">&quot;list1&quot;</span>));\r\n\t\t<span style=\"color:blue\">if</span> (idx &gt;= $(<span style=\"color:#a31515\">&quot;#list1 &gt; li&quot;</span>).size())\r\n\t\t\t$(<span style=\"color:#a31515\">&quot;#list1&quot;</span>).append($(<span style=\"color:blue\">this</span>).clone());\r\n\t\t<span style=\"color:blue\">else</span>\r\n\t\t\t$(<span style=\"color:#a31515\">&quot;#list1 &gt; li:eq(&quot;</span> + idx + <span style=\"color:#a31515\">&quot;)&quot;</span>).before($(<span style=\"color:blue\">this</span>).clone());\r\n\t});\r\n\t\r\n\t<span style=\"color:green\">//remove extra item</span>\r\n\t$(<span style=\"color:#a31515\">&quot;#list1 &gt; li[list2]&quot;</span>).remove();\r\n\t\r\n\t<span style=\"color:green\">//reset order</span>\r\n\t$(<span style=\"color:#a31515\">&quot;#list1 &gt; li&quot;</span>).each(<span style=\"color:blue\">function</span>(i) { $(<span style=\"color:blue\">this</span>).attr(<span style=\"color:#a31515\">&quot;list1&quot;</span>, i); });\r\n\t$(<span style=\"color:#a31515\">&quot;#list2 &gt; li&quot;</span>).attr(<span style=\"color:#a31515\">&quot;list2&quot;</span>, <span style=\"color:blue\">true</span>);\r\n}\r\n\r\n</pre>\r\n</div>\r\n<p>&nbsp;</p>",
    "PostedDate": "2010-06-16T03:14:00.39-07:00",
    "UserRole": null,
    "MarkedAsAnswerDate": null
  },
  {
    "Id": "456151",
    "ThreadId": "216174",
    "Html": "<p>Oops, after re-reading your question it sounds like your static list is acting more like a toolbar in which case it wouldn't make sense to be able to re-order it. Here's a different approach that only allows re-ordering of the list on the right:</p>\r\n<div style=\"color:black;background-color:white;border:1px solid black;padding:10px\">\r\n<pre>$(<span style=\"color:#a31515\">&quot;#list2&quot;</span>).dragsort({ dragBetween: <span style=\"color:blue\">true</span>, dragEnd: saveOrder, placeHolderTemplate: <span style=\"color:#a31515\">&quot;&lt;li class='placeHolder'&gt;&lt;div&gt;&lt;/div&gt;&lt;/li&gt;&quot;</span> });\r\n\r\n<span style=\"color:blue\">function</span> saveOrder() {\r\n\t<span style=\"color:blue\">var</span> data = <span style=\"color:blue\">new</span> Array();\r\n\t$(<span style=\"color:#a31515\">&quot;#list2 li&quot;</span>).each(<span style=\"color:blue\">function</span>(i, elm) { data[i] = $(elm).children().html(); });\r\n\t$(<span style=\"color:#a31515\">&quot;input[name=list2SortOrder]&quot;</span>).val(data.join(<span style=\"color:#a31515\">&quot;|&quot;</span>));\r\n};\r\n\r\n<span style=\"color:green\">//copy clicked item in list1 across to list2 and simulate mouseclick on copied item to trigger dragsort</span>\r\n$(<span style=\"color:#a31515\">&quot;li&quot;</span>, $(<span style=\"color:#a31515\">&quot;#list1&quot;</span>)[0]).css(<span style=\"color:#a31515\">&quot;cursor&quot;</span>, <span style=\"color:#a31515\">&quot;pointer&quot;</span>).live(<span style=\"color:#a31515\">&quot;mousedown&quot;</span>, <span style=\"color:blue\">function</span>(e) {\r\n\t$(<span style=\"color:#a31515\">&quot;#list2&quot;</span>).append($(<span style=\"color:blue\">this</span>).clone());\r\n\t<span style=\"color:blue\">var</span> elm = $(<span style=\"color:#a31515\">&quot;#list2 li:last&quot;</span>)[0];\r\n\t<span style=\"color:blue\">var</span> coor = $(elm).offset();\r\n\t$(elm).trigger({ type:<span style=\"color:#a31515\">&quot;mousedown&quot;</span>, button:0, pageX:parseInt(coor.left + $(elm).width()/2.0), pageY:parseInt(coor.top + $(elm).height()/2.0), target:elm });\r\n\t$(document).trigger({ type:<span style=\"color:#a31515\">&quot;mousemove&quot;</span>, pageX:e.pageX, pageY:e.pageY });\r\n\t<span style=\"color:blue\">return</span> <span style=\"color:blue\">false</span>; <span style=\"color:green\">//stop moz text selection</span>\r\n});\r\n\r\n<span style=\"color:green\">//if items from list2 are dragged above list1 remove from dom</span>\r\n$(<span style=\"color:#a31515\">&quot;li&quot;</span>, $(<span style=\"color:#a31515\">&quot;#list2&quot;</span>)[0]).live(<span style=\"color:#a31515\">&quot;mouseup&quot;</span>, <span style=\"color:blue\">function</span>(e) {\r\n\t<span style=\"color:blue\">var</span> area = $(<span style=\"color:#a31515\">&quot;#list1&quot;</span>);\r\n\t<span style=\"color:blue\">var</span> coor = area.offset();\r\n\t<span style=\"color:blue\">var</span> elm = <span style=\"color:blue\">this</span>;\r\n\t<span style=\"color:blue\">var</span> bottom = area.height() &gt; 0 ? area.height() + coor.top : coor.top + area.width() * area.children(<span style=\"color:#a31515\">&quot;:first&quot;</span>).height() / area.children(<span style=\"color:#a31515\">&quot;:first&quot;</span>).width();\r\n\t<span style=\"color:green\">//if mouse cursor above list1</span>\r\n\t<span style=\"color:blue\">if</span> (e.pageX &gt;= coor.left &amp;&amp; e.pageX &lt;= coor.left + area.width() &amp;&amp; e.pageY &gt;= coor.top &amp;&amp; e.pageY &lt;= bottom)\r\n\t\twindow.setTimeout(<span style=\"color:blue\">function</span>() { $(elm).remove(); }, 0); <span style=\"color:green\">//use timeout to run after dragsort's dropItem function</span>\r\n});\r\n\r\n</pre>\r\n</div>\r\n<p>&nbsp;</p>",
    "PostedDate": "2010-06-16T05:48:09.847-07:00",
    "UserRole": null,
    "MarkedAsAnswerDate": null
  },
  {
    "Id": "456167",
    "ThreadId": "216174",
    "Html": "<p>Wow!</p>\r\n<p>Thanks&nbsp;mcm_ham,&nbsp;I&nbsp;was only looking for some pointers, this is much appreciated!!</p>\r\n<p>You've&nbsp;given&nbsp;me&nbsp;plenty&nbsp;to work with here, but I think your original solution was closer to what I was after, where List1 contains 2 types of items (with attribute &quot;Static&quot; either true or false),<br>when&nbsp;dragged and dropped into List2 - items with Static=false are moved (normal&nbsp;behaviour) and items with&nbsp;Static=true are copied/cloned into List2. When dragNdrop back to List 1&nbsp;Static=false <br>items are moved (normal&nbsp;behaviour), but&nbsp;when we&nbsp;dragNdrop&nbsp;Static=true items, they are removed from List2 (as they will already exist in List1)<br><br>I'll have a play with your&nbsp;generously&nbsp;donated code, and post back with any progress I make for future googlers ;)</p>\r\n<p>Thanks again!!!</p>",
    "PostedDate": "2010-06-16T06:27:57.79-07:00",
    "UserRole": null,
    "MarkedAsAnswerDate": null
  },
  {
    "Id": "456368",
    "ThreadId": "216174",
    "Html": "<p>&nbsp;</p>\r\n<div style=\"color:black;background-color:white\">\r\n<pre><span style=\"color:blue\"><span style=\"white-space:pre\"><div style=\"color:black;background-color:white\"><pre><br></pre>\r\n<pre>Hi again,</pre>\r\n<pre>For anyone who might wonder how i got this working (with and incredible amount of help from mcm_ham) :</pre>\r\n</div>\r\n</span>&lt;</span><span style=\"color:#a31515\">ul</span> <span style=\"color:red\">id</span><span style=\"color:blue\">=</span><span style=\"color:blue\">&quot;list1&quot;</span><span style=\"color:blue\">&gt;</span> <span style=\"color:blue\">&lt;</span><span style=\"color:#a31515\">li</span> <span style=\"color:red\">id</span><span style=\"color:blue\">=</span><span style=\"color:blue\">&quot;1&quot;</span> <span style=\"color:red\">static</span><span style=\"color:blue\">=</span><span style=\"color:blue\">&quot;true&quot;</span><span style=\"color:blue\">&gt;</span><span style=\"color:blue\">&lt;</span><span style=\"color:#a31515\">div</span><span style=\"color:blue\">&gt;</span>1 static<span style=\"color:blue\">&lt;/</span><span style=\"color:#a31515\">div</span><span style=\"color:blue\">&gt;</span><span style=\"color:blue\">&lt;/</span><span style=\"color:#a31515\">li</span><span style=\"color:blue\">&gt;</span> <span style=\"color:blue\">&lt;</span><span style=\"color:#a31515\">li</span> <span style=\"color:red\">id</span><span style=\"color:blue\">=</span><span style=\"color:blue\">&quot;2&quot;</span> <span style=\"color:red\">static</span><span style=\"color:blue\">=</span><span style=\"color:blue\">&quot;true&quot;</span><span style=\"color:blue\">&gt;</span><span style=\"color:blue\">&lt;</span><span style=\"color:#a31515\">div</span><span style=\"color:blue\">&gt;</span>2 static<span style=\"color:blue\">&lt;/</span><span style=\"color:#a31515\">div</span><span style=\"color:blue\">&gt;</span><span style=\"color:blue\">&lt;/</span><span style=\"color:#a31515\">li</span><span style=\"color:blue\">&gt;</span> <span style=\"color:blue\">&lt;</span><span style=\"color:#a31515\">li</span> <span style=\"color:red\">id</span><span style=\"color:blue\">=</span><span style=\"color:blue\">&quot;3&quot;</span> <span style=\"color:red\">static</span><span style=\"color:blue\">=</span><span style=\"color:blue\">&quot;true&quot;</span><span style=\"color:blue\">&gt;</span><span style=\"color:blue\">&lt;</span><span style=\"color:#a31515\">div</span><span style=\"color:blue\">&gt;</span>3 static<span style=\"color:blue\">&lt;/</span><span style=\"color:#a31515\">div</span><span style=\"color:blue\">&gt;</span><span style=\"color:blue\">&lt;/</span><span style=\"color:#a31515\">li</span><span style=\"color:blue\">&gt;</span> <span style=\"color:blue\">&lt;</span><span style=\"color:#a31515\">li</span> <span style=\"color:red\">id</span><span style=\"color:blue\">=</span><span style=\"color:blue\">&quot;4&quot;</span> <span style=\"color:red\">static</span><span style=\"color:blue\">=</span><span style=\"color:blue\">&quot;true&quot;</span><span style=\"color:blue\">&gt;</span><span style=\"color:blue\">&lt;</span><span style=\"color:#a31515\">div</span><span style=\"color:blue\">&gt;</span>4 static<span style=\"color:blue\">&lt;/</span><span style=\"color:#a31515\">div</span><span style=\"color:blue\">&gt;</span><span style=\"color:blue\">&lt;/</span><span style=\"color:#a31515\">li</span><span style=\"color:blue\">&gt;</span> <span style=\"color:blue\">&lt;</span><span style=\"color:#a31515\">li</span> <span style=\"color:red\">id</span><span style=\"color:blue\">=</span><span style=\"color:blue\">&quot;5&quot;</span><span style=\"color:blue\">&gt;</span><span style=\"color:blue\">&lt;</span><span style=\"color:#a31515\">div</span><span style=\"color:blue\">&gt;</span>5 test<span style=\"color:blue\">&lt;/</span><span style=\"color:#a31515\">div</span><span style=\"color:blue\">&gt;</span><span style=\"color:blue\">&lt;/</span><span style=\"color:#a31515\">li</span><span style=\"color:blue\">&gt;</span> <span style=\"color:blue\">&lt;</span><span style=\"color:#a31515\">li</span> <span style=\"color:red\">id</span><span style=\"color:blue\">=</span><span style=\"color:blue\">&quot;6&quot;</span><span style=\"color:blue\">&gt;</span><span style=\"color:blue\">&lt;</span><span style=\"color:#a31515\">div</span><span style=\"color:blue\">&gt;</span>6 test<span style=\"color:blue\">&lt;/</span><span style=\"color:#a31515\">div</span><span style=\"color:blue\">&gt;</span><span style=\"color:blue\">&lt;/</span><span style=\"color:#a31515\">li</span><span style=\"color:blue\">&gt;</span> <span style=\"color:blue\">&lt;</span><span style=\"color:#a31515\">li</span> <span style=\"color:red\">id</span><span style=\"color:blue\">=</span><span style=\"color:blue\">&quot;7&quot;</span><span style=\"color:blue\">&gt;</span><span style=\"color:blue\">&lt;</span><span style=\"color:#a31515\">div</span><span style=\"color:blue\">&gt;</span>7 test<span style=\"color:blue\">&lt;/</span><span style=\"color:#a31515\">div</span><span style=\"color:blue\">&gt;</span><span style=\"color:blue\">&lt;/</span><span style=\"color:#a31515\">li</span><span style=\"color:blue\">&gt;</span> <span style=\"color:blue\">&lt;</span><span style=\"color:#a31515\">li</span> <span style=\"color:red\">id</span><span style=\"color:blue\">=</span><span style=\"color:blue\">&quot;8&quot;</span><span style=\"color:blue\">&gt;</span><span style=\"color:blue\">&lt;</span><span style=\"color:#a31515\">div</span><span style=\"color:blue\">&gt;</span>8 test<span style=\"color:blue\">&lt;/</span><span style=\"color:#a31515\">div</span><span style=\"color:blue\">&gt;</span><span style=\"color:blue\">&lt;/</span><span style=\"color:#a31515\">li</span><span style=\"color:blue\">&gt;</span> <span style=\"color:blue\">&lt;</span><span style=\"color:#a31515\">li</span> <span style=\"color:red\">id</span><span style=\"color:blue\">=</span><span style=\"color:blue\">&quot;9&quot;</span><span style=\"color:blue\">&gt;</span><span style=\"color:blue\">&lt;</span><span style=\"color:#a31515\">div</span><span style=\"color:blue\">&gt;</span>9 test<span style=\"color:blue\">&lt;/</span><span style=\"color:#a31515\">div</span><span style=\"color:blue\">&gt;</span><span style=\"color:blue\">&lt;/</span><span style=\"color:#a31515\">li</span><span style=\"color:blue\">&gt;</span> <span style=\"color:blue\">&lt;/</span><span style=\"color:#a31515\">ul</span><span style=\"color:blue\">&gt;</span> <span style=\"color:blue\">&lt;</span><span style=\"color:#a31515\">ul</span> <span style=\"color:red\">id</span><span style=\"color:blue\">=</span><span style=\"color:blue\">&quot;list2&quot;</span><span style=\"color:blue\">&gt;</span> <span style=\"color:blue\">&lt;</span><span style=\"color:#a31515\">li</span> <span style=\"color:red\">id</span><span style=\"color:blue\">=</span><span style=\"color:blue\">&quot;10&quot;</span><span style=\"color:blue\">&gt;</span><span style=\"color:blue\">&lt;</span><span style=\"color:#a31515\">div</span><span style=\"color:blue\">&gt;</span>10 test<span style=\"color:blue\">&lt;/</span><span style=\"color:#a31515\">div</span><span style=\"color:blue\">&gt;</span><span style=\"color:blue\">&lt;/</span><span style=\"color:#a31515\">li</span><span style=\"color:blue\">&gt;</span> <span style=\"color:blue\">&lt;</span><span style=\"color:#a31515\">li</span> <span style=\"color:red\">id</span><span style=\"color:blue\">=</span><span style=\"color:blue\">&quot;11&quot;</span><span style=\"color:blue\">&gt;</span><span style=\"color:blue\">&lt;</span><span style=\"color:#a31515\">div</span><span style=\"color:blue\">&gt;</span>11 test<span style=\"color:blue\">&lt;/</span><span style=\"color:#a31515\">div</span><span style=\"color:blue\">&gt;</span><span style=\"color:blue\">&lt;/</span><span style=\"color:#a31515\">li</span><span style=\"color:blue\">&gt;</span> <span style=\"color:blue\">&lt;</span><span style=\"color:#a31515\">li</span> <span style=\"color:red\">id</span><span style=\"color:blue\">=</span><span style=\"color:blue\">&quot;12&quot;</span><span style=\"color:blue\">&gt;</span><span style=\"color:blue\">&lt;</span><span style=\"color:#a31515\">div</span><span style=\"color:blue\">&gt;</span>12 test<span style=\"color:blue\">&lt;/</span><span style=\"color:#a31515\">div</span><span style=\"color:blue\">&gt;</span><span style=\"color:blue\">&lt;/</span><span style=\"color:#a31515\">li</span><span style=\"color:blue\">&gt;</span> <span style=\"color:blue\">&lt;</span><span style=\"color:#a31515\">li</span> <span style=\"color:red\">id</span><span style=\"color:blue\">=</span><span style=\"color:blue\">&quot;13&quot;</span><span style=\"color:blue\">&gt;</span><span style=\"color:blue\">&lt;</span><span style=\"color:#a31515\">div</span><span style=\"color:blue\">&gt;</span>13 test<span style=\"color:blue\">&lt;/</span><span style=\"color:#a31515\">div</span><span style=\"color:blue\">&gt;</span><span style=\"color:blue\">&lt;/</span><span style=\"color:#a31515\">li</span><span style=\"color:blue\">&gt;</span> <span style=\"color:blue\">&lt;</span><span style=\"color:#a31515\">li</span> <span style=\"color:red\">id</span><span style=\"color:blue\">=</span><span style=\"color:blue\">&quot;14&quot;</span><span style=\"color:blue\">&gt;</span><span style=\"color:blue\">&lt;</span><span style=\"color:#a31515\">div</span><span style=\"color:blue\">&gt;</span>14 test<span style=\"color:blue\">&lt;/</span><span style=\"color:#a31515\">div</span><span style=\"color:blue\">&gt;</span><span style=\"color:blue\">&lt;/</span><span style=\"color:#a31515\">li</span><span style=\"color:blue\">&gt;</span> <span style=\"color:blue\">&lt;</span><span style=\"color:#a31515\">li</span> <span style=\"color:red\">id</span><span style=\"color:blue\">=</span><span style=\"color:blue\">&quot;15&quot;</span><span style=\"color:blue\">&gt;</span><span style=\"color:blue\">&lt;</span><span style=\"color:#a31515\">div</span><span style=\"color:blue\">&gt;</span>15 test<span style=\"color:blue\">&lt;/</span><span style=\"color:#a31515\">div</span><span style=\"color:blue\">&gt;</span><span style=\"color:blue\">&lt;/</span><span style=\"color:#a31515\">li</span><span style=\"color:blue\">&gt;</span> <span style=\"color:blue\">&lt;</span><span style=\"color:#a31515\">li</span> <span style=\"color:red\">id</span><span style=\"color:blue\">=</span><span style=\"color:blue\">&quot;16&quot;</span><span style=\"color:blue\">&gt;</span><span style=\"color:blue\">&lt;</span><span style=\"color:#a31515\">div</span><span style=\"color:blue\">&gt;</span>16 test<span style=\"color:blue\">&lt;/</span><span style=\"color:#a31515\">div</span><span style=\"color:blue\">&gt;</span><span style=\"color:blue\">&lt;/</span><span style=\"color:#a31515\">li</span><span style=\"color:blue\">&gt;</span> <span style=\"color:blue\">&lt;</span><span style=\"color:#a31515\">li</span> <span style=\"color:red\">id</span><span style=\"color:blue\">=</span><span style=\"color:blue\">&quot;17&quot;</span><span style=\"color:blue\">&gt;</span><span style=\"color:blue\">&lt;</span><span style=\"color:#a31515\">div</span><span style=\"color:blue\">&gt;</span>17 test<span style=\"color:blue\">&lt;/</span><span style=\"color:#a31515\">div</span><span style=\"color:blue\">&gt;</span><span style=\"color:blue\">&lt;/</span><span style=\"color:#a31515\">li</span><span style=\"color:blue\">&gt;</span> <span style=\"color:blue\">&lt;</span><span style=\"color:#a31515\">li</span> <span style=\"color:red\">id</span><span style=\"color:blue\">=</span><span style=\"color:blue\">&quot;18&quot;</span><span style=\"color:blue\">&gt;</span><span style=\"color:blue\">&lt;</span><span style=\"color:#a31515\">div</span><span style=\"color:blue\">&gt;</span>18 test<span style=\"color:blue\">&lt;/</span><span style=\"color:#a31515\">div</span><span style=\"color:blue\">&gt;</span><span style=\"color:blue\">&lt;/</span><span style=\"color:#a31515\">li</span><span style=\"color:blue\">&gt;</span> <span style=\"color:blue\">&lt;/</span><span style=\"color:#a31515\">ul</span><span style=\"color:blue\">&gt;</span></pre>\r\n</div>\r\n<p>&nbsp;</p>\r\n<p>&nbsp;</p>\r\n<pre>&lt;script type=<span>&quot;text/javascript&quot;</span>&gt;\r\n\t\t$(<span>&quot;#list1, #list2&quot;</span>).dragsort({ dragSelector: <span>&quot;div&quot;</span>, dragBetween: <span>true</span>, dragEnd: saveOrder, placeHolderTemplate: <span>&quot;&lt;li class='placeHolder'&gt;&lt;div&gt;&lt;/div&gt;&lt;/li&gt;&quot;</span> });\r\n\r\n\t\t<span>function</span> labelItems() {\r\n\t\t    $(<span>&quot;#list1 &gt; li&quot;</span>).each(<span>function</span>(i) { $(<span>this</span>).attr(<span>&quot;list&quot;</span>, <span>&quot;list1&quot;</span>); });\r\n\t\t    $(<span>&quot;#list2 &gt; li&quot;</span>).each(<span>function</span>(i) { $(<span>this</span>).attr(<span>&quot;list&quot;</span>, <span>&quot;list2&quot;</span>); });\r\n\t\t}</pre>\r\n<pre>\t\t<span>function</span> saveOrder() {\r\n\r\n\t\t    <span>//ignore if moving within own container</span>\r\n\t\t    <span>if</span> ($(<span>this</span>).parent().attr(<span>&quot;id&quot;</span>) != $(<span>this</span>).attr(<span>&quot;list&quot;</span>)) {\r\n\t\t        <span>//if static and moving to list2 (from list1) then clone in list1</span>\r\n\t\t        <span>if</span> (($(<span>this</span>).attr(<span>&quot;static&quot;</span>) == <span>&quot;true&quot;</span>) &amp;&amp; ($(<span>this</span>).parent().attr(<span>&quot;id&quot;</span>) == <span>&quot;list2&quot;</span>)) {\r\n\t\t            $(<span>&quot;#list1&quot;</span>).append($(<span>this</span>).clone());\r\n\t\t        }\r\n\t\t        <span>//if static and moving to list1 (from list2) then remove</span>\r\n\t\t        <span>if</span> (($(<span>this</span>).attr(<span>&quot;static&quot;</span>) == <span>&quot;true&quot;</span>) &amp;&amp; ($(<span>this</span>).parent().attr(<span>&quot;id&quot;</span>) == <span>&quot;list1&quot;</span>)) {\r\n\t\t            $(<span>this</span>).remove();\r\n\t\t        }\r\n\r\n<span>\t</span>                <span>// label items in each so can assertain the source of the dragged item</span>\r\n\t\t        labelItems();\r\n\t\t    }\r\n\t\t}\r\n\t&lt;/script&gt;\r\n\t</pre>\r\n<p>&nbsp;</p>\r\n<p>&nbsp;</p>\r\n<p>Thanks again mcm_ham!!!</p>",
    "PostedDate": "2010-06-16T14:21:39.43-07:00",
    "UserRole": null,
    "MarkedAsAnswerDate": null
  },
  {
    "Id": "456611",
    "ThreadId": "216174",
    "Html": "<p>Sorry to be a pain, but has anyone implemented a 3D list, where you can drag between A and C, B and C, but not A and B?</p>\r\n<p>I thought it would simply be a case of specifying something like:</p>\r\n<p>&nbsp;</p>\r\n<div style=\"color:black;background-color:white\">\r\n<pre>$(<span style=\"color:#a31515\">&quot;#listA, #listC&quot;</span>).dragsort({ dragSelector: <span style=\"color:#a31515\">&quot;div&quot;</span>, dragBetween: <span style=\"color:blue\">true</span>, dragEnd: saveOrder, placeHolderTemplate: <span style=\"color:#a31515\">&quot;&lt;li class='placeHolder'&gt;&lt;div&gt;&lt;/div&gt;&lt;/li&gt;&quot;</span> });\r\n\r\n$(<span style=\"color:#a31515\">&quot;#listB, #listC&quot;</span>).dragsort({ dragSelector: <span style=\"color:#a31515\">&quot;div&quot;</span>, dragBetween: <span style=\"color:blue\">true</span>, dragEnd: saveOrder, placeHolderTemplate: <span style=\"color:#a31515\">&quot;&lt;li class='placeHolder'&gt;&lt;div&gt;&lt;/div&gt;&lt;/li&gt;&quot;</span> });\r\n\r\n\r\n</pre>\r\n</div>\r\n<p>&nbsp;</p>\r\n<p>But that left me with some strange behaviour where the&nbsp;placeHolder appears twice for the duration of the mouse button being clicked, im assuming its down to where its retrieving the<br>placeholder item in the&nbsp;grabItem function (where its picking up the 2 registrations of placeholdertemplate above):</p>\r\n<p>&nbsp;</p>\r\n<div style=\"color:black;background-color:white\">\r\n<pre> list.placeHolderItem = list.draggedItem.next().css(<span style=\"color:#a31515\">&quot;height&quot;</span>, list.draggedItem.height()).attr(<span style=\"color:#a31515\">&quot;placeHolder&quot;</span>, <span style=\"color:blue\">true</span>);\r\n\r\n</pre>\r\n</div>\r\n<p>Before I delve deeper, i was wondering if anyone had tried this before?</p>\r\n<p>Cheers,</p>\r\n<p>&nbsp;</p>\r\n<p>&nbsp;</p>",
    "PostedDate": "2010-06-17T04:22:47.567-07:00",
    "UserRole": null,
    "MarkedAsAnswerDate": null
  },
  {
    "Id": "468409",
    "ThreadId": "216174",
    "Html": "<p>Sorry for the late reply, been a bit busy lately. Here's a quick approach (it uses indexes rather than selectors which would be nicer) to get this working:</p>\r\n<div style=\"color:black;background-color:#eff0f3\">\r\n<pre>$(<span style=\"color:#a31515\">&quot;#listA, #listB, #listC&quot;</span>).dragsort({ dragBetween: <span style=\"color:blue\">true</span>, dragBetweenExclude: [[1],[0],[]] });</pre>\r\n</div>\r\n<p>In jquery.dragsort.js file in swapItems method:</p>\r\n<div style=\"color:black;background-color:#eff0f3\">\r\n<pre><span style=\"color:blue\">for</span> (<span style=\"color:blue\">var</span> i = 0; ei == -1 &amp;&amp; opts.dragBetween &amp;&amp; i &lt; lists.length; i++) {\r\n\t<span style=\"color:blue\">if</span> (opts.dragBetweenExclude &amp;&amp; opts.dragBetweenExclude.length &gt; i &amp;&amp; $.inArray($(lists).index(list), opts.dragBetweenExclude[i]) != -1)\r\n\t\t<span style=\"color:blue\">continue</span>;\r\n</pre>\r\n</div>\r\n<p>Where index 0 is #listA in the selector and index 1 is #listB, and dragBetweenExclude[0] is the array containing the list of indexes of the lists to exclude when dragging an item in #listA and so on.</p>",
    "PostedDate": "2010-07-16T19:34:50.217-07:00",
    "UserRole": null,
    "MarkedAsAnswerDate": null
  },
  {
    "Id": "1086723",
    "ThreadId": "216174",
    "Html": "this is almost exactly what I need.. I'm wondering if there's a way to keep list1's static items in a specific order (i.e. after it clones, reorder them automatically using an each and a custom tag with sort order or something to that effect)<br />\n",
    "PostedDate": "2013-08-30T09:16:51.903-07:00",
    "UserRole": null,
    "MarkedAsAnswerDate": null
  }
]