[
  {
    "Id": "269151",
    "ThreadId": "78609",
    "Html": "<p>I am encountering an issue I'm not sure how to work around.</p>\r\n<p>The problem occurs when I add a margin between the list items. Specifically, I am adding a margin-top of 10px to the &quot;li + li&quot; element. When an item is clicked (not dragged) it moves downward by the exact amount of the item's margin. I'm not sure what to do to solve this. I don't believe the script is taking the margins into account when calculating the height of the list items. But I'm really not sure exactly what the fix is.</p>\r\n<p>Any help whatsoever would be awesome. I love the script and look forward to getting any possible feedback!</p>",
    "PostedDate": "2009-12-18T17:55:16.09-08:00",
    "UserRole": null,
    "MarkedAsAnswerDate": null
  },
  {
    "Id": "269178",
    "ThreadId": "78609",
    "Html": "<p>Thanks for reporting this, it should be fixed in this version:<br><a href=\"http://dragsort.codeplex.com/Release/ProjectReleases.aspx?ReleaseId=37479\">http://dragsort.codeplex.com/Release/ProjectReleases.aspx?ReleaseId=37479</a></p>\r\n<p>The problem is that the dragged item is being positioned with CSS top and left with the x,y coordinates of the mouse and of course margin moves the item in relation to that specified position. So now marginTop is taken off the y coordinate and marginLeft off the x coordinate.</p>",
    "PostedDate": "2009-12-18T19:52:50.337-08:00",
    "UserRole": null,
    "MarkedAsAnswerDate": null
  },
  {
    "Id": "269186",
    "ThreadId": "78609",
    "Html": "<p>Thanks a lot! That should do the trick.</p>",
    "PostedDate": "2009-12-18T20:49:19.587-08:00",
    "UserRole": null,
    "MarkedAsAnswerDate": null
  }
]