[
  {
    "Id": "561216",
    "ThreadId": "244772",
    "Html": "\r\n<p>A great project, very well done! It completely provided the solution I was looking for!<br>\r\n<br>\r\nHowever, I'm using the scrollContainer as suggested, but I still run into a small problem. I used the example code and stripped it down to only the &quot;#list1&quot;, so far so good, everything works perfectly fine. I changed dragBetween: to false and created a div\r\n around the &quot;#list1&quot; and gave it a with of 850px and height of 500px; as the code below shows.<br>\r\n<br>\r\n#container { width:850px; height:500px; overflow:auto; border:1px solid black; }<br>\r\n...<br>\r\n&lt;div id=&quot;container&quot;&gt;&lt;ul id=&quot;list1&quot;&gt;&nbsp;&lt;li&gt;&lt;div&gt;1&lt;/div&gt;&lt;/li&gt;&nbsp;&lt;li&gt;&lt;div&gt;2&lt;/div&gt;&lt;/li&gt;&lt;/ul&gt;<br>\r\n$(&quot;#list1&quot;).dragsort({ dragSelector: &quot;div&quot;, dragEnd: saveOrder, scrollContainer: &quot;#container&quot;, dragBetween: false, placeHolderTemplate: &quot;&lt;li class='placeHolder'&gt;&lt;div&gt;&lt;/div&gt;&lt;/li&gt;&quot; });function saveOrder() { var data = $(&quot;#list1 li&quot;).map(function()\r\n { return $(this).children().html(); }).get(); $(&quot;input[name=list1SortOrder]&quot;).val(data.join(&quot;|&quot;)); };<br>\r\n&lt;/div&gt;<br>\r\n<br>\r\nI probably miss something very obvious, but can I only drag the &quot;1&quot; or &quot;2&quot; within the specified area of #list1 (= 350px;) and not within the 850*500 area. Hopefully someone can help me or point me in the right direction.<br>\r\n<br>\r\nRegard,<br>\r\nDean&nbsp;</p>\r\n",
    "PostedDate": "2011-02-05T06:27:54.803-08:00",
    "UserRole": null,
    "MarkedAsAnswerDate": null
  },
  {
    "Id": "561540",
    "ThreadId": "244772",
    "Html": "\r\n<p>My apologies, my instructions are a bit confusing. If dragBetween is set to false, list items cannot be dragged outside the list (behavior by design) but this needs to be set to true to allow you to drag the item outside the list in order to trigger the\r\n auto-scroll (originally this was just to allow you to drag it to a 2nd list hence it's description). What scroll container is, is some people wanted the ability to place the list inside a div with a scrollbar (overflow set to auto) and for that div to scroll\r\n instead of the browser (i.e. window the default). So in your case you can remove the container, set dragBetween to true and it should hopefully work for you.</p>\r\n<p>I've reworded the help <a href=\"http://dragsort.codeplex.com/\">here</a> to hopefully make it clearer, let me know if you think it can be clarified further in any way.</p>\r\n",
    "PostedDate": "2011-02-06T11:14:26.647-08:00",
    "UserRole": null,
    "MarkedAsAnswerDate": null
  },
  {
    "Id": "916896",
    "ThreadId": "244772",
    "Html": "<p>follow up:</p>\r\n<p>Hi, I believe that I have found a problem with the scrolling code.</p>\r\n<p>For example, use this url on my development box:&nbsp;http://slideshowmaker.ath.cx/index.htm :&nbsp;</p>\r\n<p>If you drag one of the first few slides past the area so that the slider pane scrolls, then you grab one of the last items and try to move it left, you will see that the \"selected\" item gets drawn many pixels left of where the mouse really is. &nbsp;It seems to lose track of the correct offset because its not taking into account the scrollContainer's scolled position.</p>\r\n<p>I figured the scrollContainer's selector should be '.slides-wrapper .slider-pane' if I understood the docs but seems&nbsp;'.slider-pane .slider-timeline' works better (actually will scroll).</p>\r\n<p>Or am I missing something?</p>\r\n<p>Thanks</p>\r\n<p>&nbsp;</p>",
    "PostedDate": "2012-09-24T15:02:12.92-07:00",
    "UserRole": null,
    "MarkedAsAnswerDate": null
  },
  {
    "Id": "1079760",
    "ThreadId": "244772",
    "Html": "Just for anyone running into this issue, I added the following to the setPos function right before the last line where it sets the css of the draggedItem and it worked for me (vertically anyway).<br />\n<pre><code>if ($(this.container).attr(&quot;data-listidx&quot;) == $(opts.scrollContainer).attr(&quot;data-listidx&quot;)) top += $(opts.scrollContainer).scrollTop();</code></pre>\n\n",
    "PostedDate": "2013-08-12T12:07:38.787-07:00",
    "UserRole": null,
    "MarkedAsAnswerDate": null
  }
]