[
  {
    "Id": "269318",
    "ThreadId": "78657",
    "Html": "<p>Hello, I had another question about a function which may or may not already be possible.</p>\r\n<p>I am using the Dragsort functionality, in combination with CKEditor, to create a sortable, edit-in-place CMS for my website (I'm using CKEditor to edit the items' content on double-click).&nbsp;When I am in &quot;edit mode,&quot; I would like to disable the dragsort functionality, because I think it is interfering with some of CKEditor's functionality. When the user clicks anywhere outside of the editor, it closes the editor and returns to a normal display (dragsort should then be re-enabled).</p>\r\n<p>I don't know if Dragsort functionality is already able to be terminated dynamically, but it would certainly be the answer to my prayers.</p>\r\n<p>Thanks again, and keep up the great work!</p>",
    "PostedDate": "2009-12-19T16:36:02.223-08:00",
    "UserRole": null,
    "MarkedAsAnswerDate": null
  },
  {
    "Id": "269483",
    "ThreadId": "78657",
    "Html": "<p>I haven't got anything builtin but to disable dragsort you can use:</p>\r\n<p>\r\n<div style=\"color:Black;background-color:White\">\r\n<pre>$(<span style=\"color:#A31515\">&quot;#list1&quot;</span>).unbind(<span style=\"color:#A31515\">&quot;mousedown&quot;</span>).find(dragSelector).css(<span style=\"color:#A31515\">&quot;cursor&quot;</span>, <span style=\"color:#A31515\">&quot;auto&quot;</span>);\r\n</pre>\r\n</div>\r\nAnd to re-enable call the dragsort initialization code again.</p>",
    "PostedDate": "2009-12-20T22:19:09.693-08:00",
    "UserRole": null,
    "MarkedAsAnswerDate": null
  },
  {
    "Id": "442991",
    "ThreadId": "78657",
    "Html": "<p>I am doing this in my dragEnd function, right before I send an ajax request (I want to disable sorting while I'm saving the list). &nbsp;However, the placeholder isn't getting removed. &nbsp;Any ideas on how to fix?</p>",
    "PostedDate": "2010-05-14T10:14:35.33-07:00",
    "UserRole": null,
    "MarkedAsAnswerDate": null
  },
  {
    "Id": "443626",
    "ThreadId": "78657",
    "Html": "<p>In the code provided you need to replace dragSelector with the value you specified when initializing dragsort, if you didn't specify a value then use the default like so:</p>\r\n<p>\r\n<div style=\"color:black;background-color:white\">\r\n<pre>$(<span style=\"color:#a31515\">&quot;#list1&quot;</span>).unbind(<span style=\"color:#a31515\">&quot;mousedown&quot;</span>).find(<span style=\"color:#a31515\">&quot;LI&quot;</span>).css(<span style=\"color:#a31515\">&quot;cursor&quot;</span>, <span style=\"color:#a31515\">&quot;auto&quot;</span>);\r\n</pre>\r\n</div>\r\nIf that doesn't help do you want to provide a example of your code (if the placeholder didn't get removed then it's likely an error was thrown so it may help checking the error console).</p>",
    "PostedDate": "2010-05-16T23:28:44.593-07:00",
    "UserRole": null,
    "MarkedAsAnswerDate": null
  },
  {
    "Id": "443720",
    "ThreadId": "78657",
    "Html": "<p>Thanks, I should have actually read the code I was copying in.</p>",
    "PostedDate": "2010-05-17T04:31:05.897-07:00",
    "UserRole": null,
    "MarkedAsAnswerDate": null
  }
]