[
  {
    "Id": "659331",
    "ThreadId": "269392",
    "Html": "<p>Could it is possible that I select multiple boxes at one time and drop them in next list. I can click on a link or ctrl A to select all and drag &amp; drop them. I am using \"jQuery List DragSort\" plugins.</p>",
    "PostedDate": "2011-08-17T03:13:34.277-07:00",
    "UserRole": null,
    "MarkedAsAnswerDate": null
  },
  {
    "Id": "678532",
    "ThreadId": "269392",
    "Html": "<p>How about this code:</p>\n<div style=\"color: black; background-color: white;\">\n<pre>&lt;style type=\"text/css\"&gt;\t\n\t<span style=\"color: #a31515;\">body </span>{ <span style=\"color: red;\">-moz-user-select</span>: <span style=\"color: blue;\">none</span>; <span style=\"color: red;\">-khtml-user-select</span>: <span style=\"color: blue;\">none</span>; <span style=\"color: red;\">-webkit-user-select</span>: <span style=\"color: blue;\">none</span>; <span style=\"color: red;\">user-select</span>: <span style=\"color: blue;\">none</span>; }\n&lt;/style&gt;\n</pre>\n</div>\n<div style=\"color: black; background-color: white;\">\n<pre><span style=\"color: blue;\">function</span> dragEnd() {\n\t$(<span style=\"color: #a31515;\">\".selected\"</span>).removeClass(<span style=\"color: #a31515;\">\"selected\"</span>).not(<span style=\"color: blue;\">this</span>).show().insertAfter(<span style=\"color: blue;\">this</span>);\n\tdragging = <span style=\"color: blue;\">false</span>;\n};\n\n<span style=\"color: blue;\">var</span> ctrlDown = <span style=\"color: blue;\">false</span>, dragging = <span style=\"color: blue;\">false</span>;\n$(window).keydown(<span style=\"color: blue;\">function</span>(ev) {\n\t<span style=\"color: blue;\">if</span> (ev.which == 17)\n\t\tctrlDown = <span style=\"color: blue;\">true</span>;\n\t<span style=\"color: blue;\">if</span> (ev.which == 65 &amp;&amp; ctrlDown)\n\t\t$(<span style=\"color: #a31515;\">\"#list1 li\"</span>).addClass(<span style=\"color: #a31515;\">\"selected\"</span>);\n}).keyup(<span style=\"color: blue;\">function</span>(ev) {\n\t<span style=\"color: blue;\">if</span> (ev.which == 17) {\n\t\tctrlDown = <span style=\"color: blue;\">false</span>;\n\t\t<span style=\"color: blue;\">if</span> (!dragging)\n\t\t\t$(<span style=\"color: #a31515;\">\".selected\"</span>).removeClass(<span style=\"color: #a31515;\">\"selected\"</span>);\n\t}\n});\n\n$(<span style=\"color: #a31515;\">\"#list1 li\"</span>).mousedown(<span style=\"color: blue;\">function</span>() {\n\t<span style=\"color: blue;\">if</span> (!ctrlDown)\n\t\t<span style=\"color: blue;\">return</span>;\n\t$(<span style=\"color: blue;\">this</span>).addClass(<span style=\"color: #a31515;\">\"selected\"</span>);\n\t<span style=\"color: blue;\">var</span> hideSelected = <span style=\"color: blue;\">function</span>() {\n\t\tdragging = <span style=\"color: blue;\">true</span>;\n\t\t$(<span style=\"color: #a31515;\">\".selected\"</span>).hide();\n\t\t$(<span style=\"color: blue;\">this</span>).unbind(<span style=\"color: #a31515;\">\"mousemove\"</span>, hideSelected);\n\t\t<span style=\"color: green;\">//dragsort stores the style of the draggeditem on the attribute data-origStyle in<br />                order to restore on dragEnd, I'm using this to identify which item it is</span>\n\t\t$(<span style=\"color: #a31515;\">\"[data-origstyle]\"</span>).show();\n\t};\n\t$(<span style=\"color: #a31515;\">\"#list1\"</span>).mousemove(hideSelected).mouseup(<span style=\"color: blue;\">function</span>() { $(<span style=\"color: blue;\">this</span>).unbind(<span style=\"color: #a31515;\">\"mousemove\"</span>, hideSelected); });\n});\n</pre>\n</div>\n<p>With this code you hold down ctrl and select which boxes you want to drag (ctrl+a will select all, the css is to prevent all the text highlighting on the page when you do). When you drag an item all selected boxes apart from the one you are dragging is hidden, and when you drop the dragged item the selected items appear after the dragged item.</p>",
    "PostedDate": "2011-09-30T01:23:27.49-07:00",
    "UserRole": null,
    "MarkedAsAnswerDate": null
  }
]