[
  {
    "Id": "425447",
    "ThreadId": "207779",
    "Html": "<p>Is it possible to use the whole list container element as drop target when dragging between two lists?</p>\r\n<p>By default you have to drag the item first over the placeholder of the target list &ndash; after that you can drop it anywhere you want. I would like to have the same behavior when dragging the item over the target list, but not over the placeholder.</p>\r\n<p>Thanks in advance!<br>snag</p>",
    "PostedDate": "2010-03-30T06:16:18.14-07:00",
    "UserRole": null,
    "MarkedAsAnswerDate": null
  },
  {
    "Id": "429156",
    "ThreadId": "207779",
    "Html": "<p>It should work dragging the item anywhere over the second list and not just via the placeholder first. Do you want to provide some sample html and let me know what browser and version you're using.<br><br>Thanks.</p>",
    "PostedDate": "2010-04-09T01:34:51.637-07:00",
    "UserRole": null,
    "MarkedAsAnswerDate": null
  },
  {
    "Id": "429997",
    "ThreadId": "207779",
    "Html": "<p>My problem even&nbsp;occurs in the example which comes with the plugin. Drag the last item of the left list to the right list. When you want to drag it back to its original position in the left list it won&rsquo;t stick, except the placeholder had been showed before.</p>\r\n<p>This happens in IE8 and FF3.6</p>\r\n<p>Thanks.</p>",
    "PostedDate": "2010-04-12T06:20:12.203-07:00",
    "UserRole": null,
    "MarkedAsAnswerDate": null
  },
  {
    "Id": "430449",
    "ThreadId": "207779",
    "Html": "<p>Ah, that makes more sense similar to what was reported over on the jquery site:<br><a href=\"http://plugins.jquery.com/node/10262\">http://plugins.jquery.com/node/10262</a></p>\r\n<p>So with the placeholder moved to the second list there's no placeholder in the first list to drag your item back to the last position without dragging over another LI first. To make things more obvious I might need to look at creating a second placeholder that always appears at the end of each list. Thanks for reporting this, when I have some spare time I'll look at implementing this (although I did forget about the request made on the jquery site).</p>",
    "PostedDate": "2010-04-13T06:35:34.213-07:00",
    "UserRole": null,
    "MarkedAsAnswerDate": null
  },
  {
    "Id": "430459",
    "ThreadId": "207779",
    "Html": "<p>Thanks in advance.<br>Great plugin by the way!</p>\r\n<p>Cheers, snag</p>",
    "PostedDate": "2010-04-13T06:55:05.843-07:00",
    "UserRole": null,
    "MarkedAsAnswerDate": null
  }
]