[
  {
    "Id": "645627",
    "ThreadId": "266072",
    "Html": "\r\n<p>Hi.</p>\r\n<p>Thanks for your great project.</p>\r\n<p>How can I add another list to current dragsort function. I have some list that added to my page by user. and Items of that new list must be drag and drop able.</p>\r\n<p>I used a same class name as list selector but it seems your code didn't work for new list.</p>\r\n<p>another thing that I try is call the dragsort function again but it make some another problems to drag and drop functionality.</p>\r\n<p>Is there any way to fix this problem?</p>\r\n<p>Thanks</p>\r\n<p>Farsad</p>\r\n",
    "PostedDate": "2011-07-21T08:35:18.617-07:00",
    "UserRole": null,
    "MarkedAsAnswerDate": null
  },
  {
    "Id": "646383",
    "ThreadId": "266072",
    "Html": "<p>If you add a new list after dragsort has already been invoked you will need to call dragsort again to make the new list draggable. This is not the case for new items added to an existing list because the code is using the <a href=\"http://api.jquery.com/live/\">jquery live function</a>. However, when you invoke dragsort again you don't want to include the original list as well because that will cause strange behaviour with that original list. So something list this should work:</p>\r\n<div style=\"color: black; background-color: white;\">\r\n<pre><span style=\"color: green;\">//page load</span>\r\n$(<span style=\"color: #a31515;\">\"#list1\"</span>).dragsort({ ... });\r\n\r\n<span style=\"color: green;\">//after new list added</span>\r\n$(<span style=\"color: #a31515;\">\"#list2\"</span>).dragsort({ ... });\r\n</pre>\r\n</div>\r\n<p>If you want to be able to drag items between the two lists, then you will need to uninitialize dragsort from the original list first like so:</p>\r\n<p>\r\n<div style=\"color: black; background-color: white;\">\r\n<pre><span style=\"color: green;\">//page load</span>\r\n$(<span style=\"color: #a31515;\">\"#list1\"</span>.dragsort({ ... });\r\n\r\n<span style=\"color: green;\">//after new list added</span>\r\n$(<span style=\"color: #a31515;\">\"#list1\"</span>).unbind(<span style=\"color: #a31515;\">\"mousedown\"</span>);\r\n$(<span style=\"color: #a31515;\">\"#list1, #list2\"</span>).dragsort({ dragBetween: <span style=\"color: blue;\">true</span>, ... });\r\n</pre>\r\n</div>\r\nHope that makes sense.</p>",
    "PostedDate": "2011-07-22T19:10:42.09-07:00",
    "UserRole": null,
    "MarkedAsAnswerDate": null
  }
]