[
  {
    "Id": "925337",
    "ThreadId": "398993",
    "Html": "\r\n<p>hi there ... in the code below (using dragsort 0.5.1):</p>\r\n<p>&nbsp;</p>\r\n<div style=\"color:black; background-color:white\">\r\n<pre><span style=\"color:blue\">&lt;</span><span style=\"color:#a31515\">ul</span><span style=\"color:blue\">&gt;</span>\n\t<span style=\"color:blue\">&lt;</span><span style=\"color:#a31515\">li</span> <span style=\"color:red\">id</span><span style=\"color:blue\">=</span><span style=\"color:blue\">&quot;1&quot;</span><span style=\"color:blue\">&gt;</span>\n\t  <span style=\"color:blue\">&lt;</span><span style=\"color:#a31515\">img</span> <span style=\"color:red\">src</span><span style=\"color:blue\">=</span><span style=\"color:blue\">&quot;image.png&quot;</span> <span style=\"color:blue\">/&gt;</span>\n\t  <span style=\"color:blue\">&lt;</span><span style=\"color:#a31515\">a</span> <span style=\"color:red\">href</span><span style=\"color:blue\">=</span><span style=\"color:blue\">&quot;javascript:alert(1)&quot;</span><span style=\"color:blue\">&gt;</span><span style=\"color:blue\">&lt;/</span><span style=\"color:#a31515\">a</span><span style=\"color:blue\">&gt;</span>\n\t<span style=\"color:blue\">&lt;/</span><span style=\"color:#a31515\">li</span><span style=\"color:blue\">&gt;</span>\n\t<span style=\"color:blue\">&lt;</span><span style=\"color:#a31515\">li</span> <span style=\"color:red\">id</span><span style=\"color:blue\">=</span><span style=\"color:blue\">&quot;2&quot;</span><span style=\"color:blue\">&gt;</span>\n\t  <span style=\"color:blue\">&lt;</span><span style=\"color:#a31515\">img</span> <span style=\"color:red\">src</span><span style=\"color:blue\">=</span><span style=\"color:blue\">&quot;image.png&quot;</span> <span style=\"color:blue\">/&gt;</span>\n\t  <span style=\"color:blue\">&lt;</span><span style=\"color:#a31515\">a</span> <span style=\"color:red\">href</span><span style=\"color:blue\">=</span><span style=\"color:blue\">&quot;javascript:alert(1)&quot;</span><span style=\"color:blue\">&gt;</span><span style=\"color:blue\">&lt;/</span><span style=\"color:#a31515\">a</span><span style=\"color:blue\">&gt;</span>\n\t<span style=\"color:blue\">&lt;/</span><span style=\"color:#a31515\">li</span><span style=\"color:blue\">&gt;</span>\n\t<span style=\"color:blue\">&lt;</span><span style=\"color:#a31515\">li</span> <span style=\"color:red\">id</span><span style=\"color:blue\">=</span><span style=\"color:blue\">&quot;3&quot;</span><span style=\"color:blue\">&gt;</span>\n\t  <span style=\"color:blue\">&lt;</span><span style=\"color:#a31515\">img</span> <span style=\"color:red\">src</span><span style=\"color:blue\">=</span><span style=\"color:blue\">&quot;image.png&quot;</span> <span style=\"color:blue\">/&gt;</span>\n\t  <span style=\"color:blue\">&lt;</span><span style=\"color:#a31515\">a</span> <span style=\"color:red\">href</span><span style=\"color:blue\">=</span><span style=\"color:blue\">&quot;javascript:alert(1)&quot;</span><span style=\"color:blue\">&gt;</span><span style=\"color:blue\">&lt;/</span><span style=\"color:#a31515\">a</span><span style=\"color:blue\">&gt;</span>\n\t<span style=\"color:blue\">&lt;/</span><span style=\"color:#a31515\">li</span><span style=\"color:blue\">&gt;</span>\n<span style=\"color:blue\">&lt;/</span><span style=\"color:#a31515\">ul</span><span style=\"color:blue\">&gt;</span>\n</pre>\r\n</div>\r\n<p>&nbsp;</p>\r\n<p><br>\r\nIn a especific browser/OS (example: Chrome version 22.0.1229.79 on Windows )&nbsp;the click on a link in the list items is ignored. This\r\n<strong>doesn't</strong> happen&nbsp;on another Browser/OS (example: Chromium 18.0.1025.151 on Linux).</p>\r\n<p>any suggestion ?</p>\r\n<p>thanks</p>\r\n<p>&nbsp;</p>\r\n<p>Andreas Sch&uuml;tz</p>\r\n",
    "PostedDate": "2012-10-11T09:01:25.96-07:00",
    "UserRole": null,
    "MarkedAsAnswerDate": null
  },
  {
    "Id": "932342",
    "ThreadId": "398993",
    "Html": "<p>anybody ?</p>",
    "PostedDate": "2012-10-25T05:17:54.547-07:00",
    "UserRole": null,
    "MarkedAsAnswerDate": null
  },
  {
    "Id": "1003316",
    "ThreadId": "398993",
    "Html": "I'm just trying with Chrome v24.0.1312.57 on windows and it works, so I can look for v22 to test. But what's the CSS for the hyperlink, is it display block with height and width set?<br />\n",
    "PostedDate": "2013-02-19T02:13:27.673-08:00",
    "UserRole": null,
    "MarkedAsAnswerDate": null
  }
]