[
  {
    "Id": "216494",
    "ThreadId": "63670",
    "Html": "<p>Hey guys, I've been using dragSort for a couple of days and I really enjoy it.</p>\r\n<p>I have a little issue though, I'm using it so I can drag and drop between two lists which works fine.</p>\r\n<p>However I also need to have a link (probably an arrow) so that users can move intems between the lists by clicking the arrows... It's not quite working and I think that it's because the browser gets confused because it does not know whether the user is dragging the li or clicking on the link... I was hoping you guys had a work arround for that issue....</p>\r\n<p>&nbsp;</p>\r\n<p>Thx in advance,</p>\r\n<p>Andre Batista</p>\r\n<p>&nbsp;</p>",
    "PostedDate": "2009-07-27T11:21:56.17-07:00",
    "UserRole": null,
    "MarkedAsAnswerDate": null
  },
  {
    "Id": "216962",
    "ThreadId": "63670",
    "Html": "<p>Glad you're finding it useful. If you have a hyperlink basically you need to set an element inside the LI tag that does not contain the hyperlink to act as the drag handler like so:</p>\r\n<p>&lt;ul&gt;<br>&lt;li&gt;<br>&nbsp;&nbsp;&nbsp; &lt;div&gt;contents&lt;/div&gt;<br>&nbsp;&nbsp;&nbsp; &lt;a href=&quot;#&quot;&gt;move&lt;/a&gt;<br>&lt;/li&gt;<br>&lt;li&gt;<br> &nbsp;&nbsp;&nbsp; &lt;div&gt;contents&lt;/div&gt;<br> &nbsp;&nbsp;&nbsp; &lt;a href=&quot;#&quot;&gt;move&lt;/a&gt;<br> &lt;/li&gt;<br>&lt;/ul&gt;<br><br>$(&quot;ul&quot;).dragsort({ <span id=\"ctl00_ctl00_MasterContent_Content_wikiSourceLabel\">dragSelector: &quot;li &gt; div&quot;, </span>dragBetween: true });</p>\r\n<p>In this way the drag code shouldn't be triggered when they click on the hyperlink and interfere with its behaviour.</p>",
    "PostedDate": "2009-07-28T14:28:00.043-07:00",
    "UserRole": null,
    "MarkedAsAnswerDate": null
  },
  {
    "Id": "440088",
    "ThreadId": "63670",
    "Html": "<p>First off, this is a very smooth drag &amp; drop sorting script.&nbsp; I am having a similar issue and I am not sure the best way to solve it.&nbsp; My goal for using your script is to take a drop down list of links and make them sortable&nbsp;for each of the users of my website (used internally to my company).&nbsp; The issue I am having is that&nbsp;after I drop the link, it initiates the click and launches the link.&nbsp; I would really prefer not to have a div above it.&nbsp; Is there another way of handling this?</p>\r\n<p>Thanks in advance.</p>",
    "PostedDate": "2010-05-06T15:15:20.567-07:00",
    "UserRole": null,
    "MarkedAsAnswerDate": null
  },
  {
    "Id": "440299",
    "ThreadId": "63670",
    "Html": "<p>There is, to prevent links from working you just need to return false in the click event handler so something like this:</p>\r\n<p>$(&quot;ul&quot;).click(function() { return false; }</p>\r\n<p>If you wanted the links to still work when you simply click on them but not when you drag and drop then something like this should work:</p>\r\n<p>$(&quot;ul&quot;).mousedown(function() { time = new Date(); }).click(function() { return (new Date() - time) &lt; 100; });</p>\r\n<p>Just so you are aware if using v0.3.8 or later there's a new setting called dragSelectorExclude set to &quot;input, textarea, a[href]&quot; that will mean dragsort will no longer get triggered if clicking on a link (just added this to the documentation on the home page), so you'll want to set that to &quot;input, textarea&quot; since it sounds like in your scenario you still do.</p>",
    "PostedDate": "2010-05-07T04:47:05.25-07:00",
    "UserRole": null,
    "MarkedAsAnswerDate": null
  },
  {
    "Id": "440505",
    "ThreadId": "63670",
    "Html": "<p>Thanks for the quick response and advice.&nbsp; After further thought, I decided to have a small icon to the left of the link to use as the drag handle.&nbsp; It works great in IE 6, but I am having issues with it in FF.&nbsp; I cannot get it to drag the item unless the dragSelector is set to &quot;li&quot;.&nbsp; Here is a little snippet of the test code structure:</p>\r\n<p>&lt;ul&gt;..........</p>\r\n<p>&lt;li&gt;&lt;a href=&quot;#&quot;&gt;&lt;span&gt;Product Info&lt;/span&gt;&lt;/a&gt;<br>&nbsp;&nbsp;&nbsp;&nbsp;&nbsp;&nbsp;&nbsp;&nbsp;&nbsp;&nbsp;&nbsp; &lt;ul class=&quot;dragSort&quot;&gt;<br>&nbsp;&nbsp;&nbsp;&nbsp;&nbsp;&nbsp;&nbsp;&nbsp;&nbsp;&nbsp;&nbsp;&nbsp;&nbsp;&nbsp;&nbsp; &lt;li&gt;&lt;div class=&quot;dragHandle&quot;&gt;&lt;img src=&quot;images/dragHandle.png&quot; width=&quot;11&quot; height=&quot;11&quot; /&gt;&lt;/div&gt;&lt;a href=&quot;#&quot; class=&quot;parent&quot; title=&quot;subItem1&quot;&gt;&lt;span&gt;Sub Item 1&lt;/span&gt;&lt;/a&gt;<br>&nbsp;&nbsp;&nbsp;&nbsp;&nbsp;&nbsp;&nbsp;&nbsp;&nbsp;&nbsp;&nbsp;&nbsp;&nbsp;&nbsp;&nbsp;&nbsp;&nbsp;&nbsp;&nbsp; &lt;ul class=&quot;dragSort&quot;&gt;<br>&nbsp;&nbsp;&nbsp;&nbsp;&nbsp;&nbsp;&nbsp;&nbsp;&nbsp;&nbsp;&nbsp;&nbsp;&nbsp;&nbsp;&nbsp;&nbsp;&nbsp;&nbsp;&nbsp;&nbsp;&nbsp;&nbsp;&nbsp; &lt;li&gt;&lt;div class=&quot;dragHandle&quot;&gt;&lt;img src=&quot;images/dragHandle.png&quot; width=&quot;11&quot; height=&quot;11&quot; /&gt;&lt;/div&gt;&lt;a href=&quot;infobar_test.htm&quot; onmouseover=&quot;(showInfoBar('This is info about Sub Item 1.2!'));&quot; onmouseout=&quot;(hideInfoBar());&quot;&gt;&lt;span&gt;Sub Item 1.1&lt;/span&gt;&lt;/a&gt;&lt;/li&gt;<br>&nbsp;&nbsp;&nbsp;&nbsp;&nbsp;&nbsp;&nbsp;&nbsp;&nbsp;&nbsp;&nbsp;&nbsp;&nbsp;&nbsp;&nbsp;&nbsp;&nbsp;&nbsp;&nbsp;&nbsp;&nbsp;&nbsp;&nbsp; &lt;li&gt;&lt;div class=&quot;dragHandle&quot;&gt;&lt;img src=&quot;images/dragHandle.png&quot; width=&quot;11&quot; height=&quot;11&quot; /&gt;&lt;/div&gt;&lt;a href=&quot;infobar_test.htm&quot; onmouseover=&quot;(showInfoBar('This is info about Sub Item 1.2!'));&quot; onmouseout=&quot;(hideInfoBar());&quot;&gt;&lt;span&gt;Sub Item 1.2&lt;/span&gt;&lt;/a&gt;&lt;/li&gt;<br>&nbsp;&nbsp;&nbsp;&nbsp;&nbsp;&nbsp;&nbsp;&nbsp;&nbsp;&nbsp;&nbsp;&nbsp;&nbsp;&nbsp;&nbsp;&nbsp;&nbsp;&nbsp;&nbsp; &lt;/ul&gt;<br>&nbsp;&nbsp;&nbsp;&nbsp;&nbsp;&nbsp;&nbsp;&nbsp;&nbsp;&nbsp;&nbsp;&nbsp;&nbsp;&nbsp;&nbsp; &lt;/li&gt;<br>&nbsp;&nbsp;&nbsp;&nbsp;&nbsp;&nbsp;&nbsp;&nbsp;&nbsp;&nbsp;&nbsp;&nbsp;&nbsp;&nbsp;&nbsp; &lt;li id=&quot;subItem2&quot;&gt;&lt;div class=&quot;dragHandle&quot;&gt;&lt;img src=&quot;images/dragHandle.png&quot; width=&quot;11&quot; height=&quot;11&quot; /&gt;&lt;/div&gt;&lt;a href=&quot;infobar_test.htm&quot; class=&quot;parent&quot; title=&quot;subItem2&quot;&gt;&lt;span&gt;Sub Item 2&lt;/span&gt;&lt;/a&gt;<br>&nbsp;&nbsp;&nbsp;&nbsp;&nbsp;&nbsp;&nbsp;&nbsp;&nbsp;&nbsp;&nbsp;&nbsp;&nbsp;&nbsp;&nbsp;&nbsp;&nbsp;&nbsp;&nbsp; &lt;ul class=&quot;dragSort&quot;&gt;<br>&nbsp;&nbsp;&nbsp;&nbsp;&nbsp;&nbsp;&nbsp;&nbsp;&nbsp;&nbsp;&nbsp;&nbsp;&nbsp;&nbsp;&nbsp;&nbsp;&nbsp;&nbsp;&nbsp;&nbsp;&nbsp;&nbsp;&nbsp; &lt;li&gt;&lt;a href=&quot;infobar_test.htm&quot; onmouseover=&quot;(showInfoBar('This is info about Sub Item 1.2!'));&quot; onmouseout=&quot;(hideInfoBar());&quot;&gt;&lt;span&gt;Sub Item 2.1&lt;/span&gt;&lt;/a&gt;&lt;/li&gt;<br>&nbsp;&nbsp;&nbsp;&nbsp;&nbsp;&nbsp;&nbsp;&nbsp;&nbsp;&nbsp;&nbsp;&nbsp;&nbsp;&nbsp;&nbsp;&nbsp;&nbsp;&nbsp;&nbsp;&nbsp;&nbsp;&nbsp;&nbsp; &lt;li&gt;&lt;a href=&quot;infobar_test.htm&quot; onmouseover=&quot;(showInfoBar('This is info about Sub Item 1.2!'));&quot; onmouseout=&quot;(hideInfoBar());&quot;&gt;&lt;span&gt;Sub Item 2.2&lt;/span&gt;&lt;/a&gt;&lt;/li&gt;<br>&nbsp;&nbsp;&nbsp;&nbsp;&nbsp;&nbsp;&nbsp;&nbsp;&nbsp;&nbsp;&nbsp;&nbsp;&nbsp;&nbsp;&nbsp;&nbsp;&nbsp;&nbsp;&nbsp; &lt;/ul&gt;<br>&nbsp;&nbsp;&nbsp;&nbsp;&nbsp;&nbsp;&nbsp;&nbsp;&nbsp;&nbsp;&nbsp;&nbsp;&nbsp;&nbsp;&nbsp; &lt;/li&gt;<br>&nbsp;&nbsp;&nbsp;&nbsp;&nbsp;&nbsp;&nbsp;&nbsp;&nbsp;&nbsp;&nbsp;&nbsp;&nbsp;&nbsp;&nbsp; &lt;li id=&quot;subItem3&quot;&gt;&lt;div class=&quot;dragHandle&quot;&gt;&lt;img src=&quot;images/dragHandle.png&quot; width=&quot;11&quot; height=&quot;11&quot; /&gt;&lt;/div&gt;&lt;a href=&quot;infobar_test.htm&quot; title=&quot;subItem3&quot; onmouseover=&quot;(showInfoBar('This is info about Sub Item 1.2!'));&quot; onmouseout=&quot;(hideInfoBar());&quot;&gt;&lt;span&gt;Sub Item 3&lt;/span&gt;&lt;/a&gt;&lt;/li&gt;<br>&nbsp;&nbsp;&nbsp;&nbsp;&nbsp;&nbsp;&nbsp;&nbsp;&nbsp;&nbsp;&nbsp;&nbsp;&nbsp;&nbsp;&nbsp; &lt;li id=&quot;subItem4&quot;&gt;&lt;div class=&quot;dragHandle&quot;&gt;&lt;img src=&quot;images/dragHandle3.png&quot; width=&quot;11&quot; height=&quot;11&quot; /&gt;&lt;/div&gt;&lt;a href=&quot;infobar_test.htm&quot; title=&quot;subItem4&quot; onmouseover=&quot;(showInfoBar('This is info about Sub Item 1.2!'));&quot; onmouseout=&quot;(hideInfoBar());&quot;&gt;&lt;span&gt;Sub Item 4&lt;/span&gt;&lt;/a&gt;&lt;/li&gt;<br>&nbsp;&nbsp;&nbsp;&nbsp;&nbsp;&nbsp;&nbsp;&nbsp;&nbsp;&nbsp;&nbsp;&nbsp;&nbsp;&nbsp;&nbsp; &lt;li id=&quot;subItem5&quot;&gt;&lt;div class=&quot;dragHandle&quot;&gt;&lt;img src=&quot;images/dragHandle.png&quot; width=&quot;11&quot; height=&quot;11&quot; /&gt;&lt;/div&gt;&lt;a href=&quot;infobar_test.htm&quot; title=&quot;subItem5&quot; onmouseover=&quot;(showInfoBar('This is info about Sub Item 1.2!'));&quot; onmouseout=&quot;(hideInfoBar());&quot;&gt;&lt;span&gt;Sub Item 5&lt;/span&gt;&lt;/a&gt;&lt;/li&gt;<br>&nbsp;&nbsp;&nbsp;&nbsp;&nbsp;&nbsp;&nbsp;&nbsp;&nbsp;&nbsp;&nbsp;&nbsp;&nbsp;&nbsp;&nbsp; &lt;li&gt;&lt;div class=&quot;dragHandle&quot;&gt;&lt;img src=&quot;images/dragHandle3.png&quot; width=&quot;11&quot; height=&quot;11&quot; /&gt;&lt;/div&gt;&lt;a href=&quot;#&quot; title=&quot;subItem6&quot; &gt;&lt;span&gt;Sub Item 6&lt;/span&gt;&lt;/a&gt;&lt;/li&gt;<br>&nbsp;&nbsp;&nbsp;&nbsp;&nbsp;&nbsp;&nbsp;&nbsp;&nbsp;&nbsp;&nbsp;&nbsp;&nbsp;&nbsp;&nbsp; &lt;li&gt;&lt;div class=&quot;dragHandle&quot;&gt;&lt;img src=&quot;images/dragHandle3.png&quot; width=&quot;11&quot; height=&quot;11&quot; /&gt;&lt;/div&gt;&lt;a href=&quot;#&quot; title=&quot;subItem7&quot; &gt;&lt;span&gt;Sub Item 7&lt;/span&gt;&lt;/a&gt;&lt;/li&gt;<br>&nbsp;&nbsp;&nbsp;&nbsp;&nbsp;&nbsp;&nbsp;&nbsp;&nbsp;&nbsp;&nbsp; &lt;/ul&gt;<br>&nbsp;&nbsp;&nbsp;&nbsp;&nbsp;&nbsp;&nbsp; &lt;/li&gt;..........</p>\r\n<p>&lt;/ul&gt;</p>\r\n<p>&lt;form name=&quot;sortForm&quot; action=&quot;Test.php&quot; method=&quot;post&quot;&gt;<br>&nbsp;&nbsp;&nbsp; &lt;input type=&quot;hidden&quot; id=&quot;sortOrder&quot; name=&quot;sortOrder&quot;&gt;<br>&nbsp;&nbsp;&nbsp;&nbsp;&nbsp;&nbsp; &nbsp;<br>&lt;/form&gt;<br><br>&lt;script type=&quot;text/javascript&quot;&gt;<br>$(&quot;ul.dragSort&quot;).dragsort({dragSelector: &quot;li &gt; div&quot;, dragEnd: saveOrder, placeHolderTemplate:&quot;&lt;li class='placeHolder'&gt;&lt;/li&gt;&quot;});<br>function saveOrder() {<br>&nbsp;&nbsp;&nbsp; var serialStr = &quot;&quot;;<br>&nbsp;&nbsp;&nbsp; $(&quot;#menu li a&quot;).each(function(i, elm) { serialStr += (i &gt; 0 ? &quot;,&quot; : &quot;&quot;) + $(elm).attr(&quot;title&quot;); });<br>&nbsp;&nbsp; &nbsp;/*alert(serialStr);*/<br>&nbsp;&nbsp; &nbsp;<br>&nbsp;&nbsp; &nbsp;document.getElementById('sortOrder').value = serialStr;<br>};<br>&lt;/script&gt;</p>\r\n<p>Any thoughts?&nbsp; Has anyone else had this issue.&nbsp; The Firefox version is (3.0.18)...yes this company is on old browsers due to lack of forsight ='(</p>\r\n<p>Thanks,</p>\r\n<p>Austin</p>",
    "PostedDate": "2010-05-07T15:33:19.23-07:00",
    "UserRole": null,
    "MarkedAsAnswerDate": null
  },
  {
    "Id": "440956",
    "ThreadId": "63670",
    "Html": "<p>I'm afraid not, it seems to work for me after adding the id menu to the outer ul tag on Fx 3.0.18. What jquery and dragsort version are you using?</p>",
    "PostedDate": "2010-05-09T23:55:57.567-07:00",
    "UserRole": null,
    "MarkedAsAnswerDate": null
  },
  {
    "Id": "441218",
    "ThreadId": "63670",
    "Html": "<p>I found the issue.&nbsp; I didn't have a z-index defined for the drag handle in my css.&nbsp; Apparently something must have been in front of my div.&nbsp; Not sure why it worked in IE but not FF.....of course I still don't know all the little quirks of all the browsers =)&nbsp; Thanks alot for your help.&nbsp; Unfortunately some people post their fantastic code but offer no support for questions on it.&nbsp; Thanks again.</p>",
    "PostedDate": "2010-05-10T13:53:01.28-07:00",
    "UserRole": null,
    "MarkedAsAnswerDate": null
  }
]