[
  {
    "Id": "592622",
    "ThreadId": "252733",
    "Html": "\r\n<p>Hi all,</p>\r\n<p>is it possible to enable and disable DragSort when the page is already loaded ? Or attach/detach it from its DOM selector when needed ?</p>\r\n",
    "PostedDate": "2011-04-06T01:52:08.187-07:00",
    "UserRole": null,
    "MarkedAsAnswerDate": null
  },
  {
    "Id": "602682",
    "ThreadId": "252733",
    "Html": "<p>I haven't got anything built in but to detach you can do this:</p>\r\n<p>\r\n<div style=\"color: black; background-color: white;\">\r\n<pre>$(<span style=\"color: #a31515;\">\"ul\"</span>).unbind(<span style=\"color: #a31515;\">\"mousedown\"</span>).find(<span style=\"color: #a31515;\">\"li\"</span>).css(<span style=\"color: #a31515;\">\"cursor\"</span>, <span style=\"color: #a31515;\">\"default\"</span>);\r\n</pre>\r\n</div>\r\n</p>\r\n<p>Where UL is the container selecter and LI is the drag selector, and to reattach you can just call the dragsort method again.</p>\r\n<p>Note this will unbind all mousedown event handlers defined for the UL container, so if you do have others defined and want to keep them I can provide changes to the dragsort code that will allow you to only unbind dragsort and no other mousedown handlers.</p>",
    "PostedDate": "2011-04-25T20:49:51.053-07:00",
    "UserRole": null,
    "MarkedAsAnswerDate": null
  },
  {
    "Id": "682830",
    "ThreadId": "252733",
    "Html": "<p>@mcm_ham: <br />This is important feature, please add it to API.<br />For example sortable to disable has this call:<br />$(\"#sortable\").sortable('destroy');&nbsp;</p>",
    "PostedDate": "2011-10-11T14:42:24.383-07:00",
    "UserRole": null,
    "MarkedAsAnswerDate": null
  },
  {
    "Id": "725045",
    "ThreadId": "252733",
    "Html": "<p>Done.<br /><a> <a href=\"http://dragsort.codeplex.com/releases/view/80735\">http://dragsort.codeplex.com/releases/view/80735</a></a></p>\n<p>As suggested to invoke you call:</p>\n<p>\n<div style=\"color: black; background-color: white;\">\n<pre>$(<span style=\"color: #a31515;\">\"ul\"</span>).dragsort(<span style=\"color: #a31515;\">\"destroy\"</span>);\n</pre>\n</div>\n</p>",
    "PostedDate": "2012-01-13T17:00:23.027-08:00",
    "UserRole": null,
    "MarkedAsAnswerDate": null
  }
]