[
  {
    "Id": "268447",
    "ThreadId": "78430",
    "Html": "<p>I have&nbsp;a container div with overflow: auto set, the grid is 4 across 100x100 each item, and there are 99 items, so it will have scrollbars.&nbsp;&nbsp; if i scroll down to the last item (#99) and want to drag it up to position 1 (which is hidden), i need the contianing div to scroll up with the drag.&nbsp;&nbsp; I'm not sure if this is availble or not.&nbsp;&nbsp; I know jquery sortable has a scroll parameter.</p>\r\n<p>thanks,</p>\r\n<p>Dave</p>",
    "PostedDate": "2009-12-17T04:45:10.68-08:00",
    "UserRole": null,
    "MarkedAsAnswerDate": null
  },
  {
    "Id": "268779",
    "ThreadId": "78430",
    "Html": "\r\n<p>No it doesn't have the capability but I've just played around and got it working here (not sure if I will make it part of the main release):<br>\r\n<em>[removed]</em></p>\r\n<p>Interestingly I noticed in Firefox and Chrome / Safari that when dragging an item, since it gets styled position absolute, the div no longer has focus and the scroll wheel moves the page up and down instead. However, in IE and Opera the focus remains in\r\n the div so you can use the scroll wheel to scroll the div. So in the version attached here I'm listening to the mouse scroll event and overriding default behaviour to make Firefox &amp; Chrome behave like IE &amp; Opera.</p>\r\n<p>I've added two parameters: scrollContainer which is to be the selector of the div that is styled overflow auto and scrollSpeed where a lower number is faster and a higher number slower with the default set at 20. How I've made it work is that if you move\r\n the item outside the scrollContainer (will need to set dragBetween to true to be able to do this) the div will scroll in that direction. Is this how you were thinking it would work?</p>\r\n",
    "PostedDate": "2009-12-17T20:58:45.557-08:00",
    "UserRole": null,
    "MarkedAsAnswerDate": null
  },
  {
    "Id": "269107",
    "ThreadId": "78430",
    "Html": "<p>Just an fyi.&nbsp; I added&nbsp;the code below&nbsp;to the jquery.dragsort.js file at about line 124.&nbsp; The container would continue to scroll if you happened to drop&nbsp;an element outside the container.</p>\r\n<div style=\"color:Black;background-color:White\">\r\n<pre>clearInterval(list.scrollOffset.timerX);\r\nlist.scrollOffset.timerX = <span style=\"color:Blue\">null</span>;\r\nclearInterval(list.scrollOffset.timerY);\r\nlist.scrollOffset.timerY = <span style=\"color:Blue\">null</span>;\r\n</pre>\r\n</div>\r\n<p>&nbsp;</p>\r\n<p>Love your script sir, it's doing exactly as I had hoped.&nbsp; Thank you very much! :)</p>",
    "PostedDate": "2009-12-18T14:40:46.753-08:00",
    "UserRole": null,
    "MarkedAsAnswerDate": null
  },
  {
    "Id": "269143",
    "ThreadId": "78430",
    "Html": "<p>Good spotting Smoggle, I've made that fix in the version linked above.</p>\r\n<p>No problem regarding the script, it's something I created for a site I was working on and thought others might find it useful so posted here. But it's been good for me because others like yourself have identified bugs that I missed in my testing.</p>",
    "PostedDate": "2009-12-18T17:32:48.853-08:00",
    "UserRole": null,
    "MarkedAsAnswerDate": null
  },
  {
    "Id": "269398",
    "ThreadId": "78430",
    "Html": "<p>Glad I could help out.&nbsp; Thanks again!</p>",
    "PostedDate": "2009-12-20T10:12:19.963-08:00",
    "UserRole": null,
    "MarkedAsAnswerDate": null
  },
  {
    "Id": "481676",
    "ThreadId": "78430",
    "Html": "smoggle and mcm, thx for your changes, it save me a lots of time. thanks again!",
    "PostedDate": "2010-08-17T21:45:03.56-07:00",
    "UserRole": null,
    "MarkedAsAnswerDate": null
  },
  {
    "Id": "507841",
    "ThreadId": "78430",
    "Html": "<p>Love the script!</p>\r\n<p>I am having trouble getting the page to scroll though when I am dragging an object.&nbsp; I am using Table Drag and Drop JQuery ( http://www.isocra.com/2008/02/table-drag-and-drop-jquery-plugin/ ) without any trouble (it scrolls when you drag the table row), but I would like to move over to this instead so that I can display my objects in a grid and move them around that way instead of moving whole table rows.&nbsp; Without being able to drag an item up/down a page it makes things much more difficult in large lists. :(</p>\r\n<p>Does anyone have a solution that will allow the elements to drag and make the page scroll as you are dragging?</p>",
    "PostedDate": "2010-10-15T08:43:59.54-07:00",
    "UserRole": null,
    "MarkedAsAnswerDate": null
  },
  {
    "Id": "516320",
    "ThreadId": "78430",
    "Html": "\r\n<p>I've updated the zip file linked above to include a modified version which scrolls when you drag the item outside the window.</p>\r\n",
    "PostedDate": "2010-11-03T02:15:29.16-07:00",
    "UserRole": null,
    "MarkedAsAnswerDate": null
  },
  {
    "Id": "516588",
    "ThreadId": "78430",
    "Html": "\r\n<p>Thanks for updating that!&nbsp; I have tested it and I have two questions: 1) It doesn't seem to be able to move anything up a page, just down.&nbsp; Is there an easy fix for that? 2) The page scrolling is so slow when going down the page that it would be\r\n faster move the image, then scroll manually, then move it again, etc.&nbsp; Is there a variable that I can change that will increase the speed of the scrolling to something more usable?</p>\r\n",
    "PostedDate": "2010-11-03T11:02:32.07-07:00",
    "UserRole": null,
    "MarkedAsAnswerDate": null
  },
  {
    "Id": "516914",
    "ThreadId": "78430",
    "Html": "\r\n<p>Sorry about that, it should now scroll up as well as down. To change the speed use $(&quot;#list&quot;).dragsort({ scrollSpeed: 10 }); where 10 is the default and a lower value is faster while a higher value is slower.</p>\r\n",
    "PostedDate": "2010-11-04T02:22:10.713-07:00",
    "UserRole": null,
    "MarkedAsAnswerDate": null
  },
  {
    "Id": "517161",
    "ThreadId": "78430",
    "Html": "\r\n<p>Thank you!&nbsp; Works great :)</p>\r\n",
    "PostedDate": "2010-11-04T09:37:12.597-07:00",
    "UserRole": null,
    "MarkedAsAnswerDate": null
  },
  {
    "Id": "524807",
    "ThreadId": "78430",
    "Html": "\r\n<p>This has now been made part of the main release in 0.4 along with a fix to stop the page from increasing in height once you get to the bottom. If your scroll container is a div and not the window you can pass in the css selector like so: $(&quot;#list&quot;).dragsort({\r\n scrollContainer: &quot;#container&quot; });</p>\r\n",
    "PostedDate": "2010-11-20T14:49:38.183-08:00",
    "UserRole": null,
    "MarkedAsAnswerDate": null
  },
  {
    "Id": "916894",
    "ThreadId": "78430",
    "Html": "<p>Hi, I believe that I have found a problem with the scrolling code.</p>\r\n<p>For example, use this url on my development box:&nbsp;http://slideshowmaker.ath.cx/index.htm :&nbsp;</p>\r\n<p>If you drag one of the first few slides past the area so that the slider pane scrolls, then you grab one of the last items and try to move it left, you will see that the \"selected\" item gets drawn many pixels left of where the mouse really is. &nbsp;It seems to lose track of the correct offset because its not taking into account the scrollContainer's scolled position.</p>\r\n<p>I figured the scrollContainer's selector should be '.slides-wrapper .slider-pane' if I understood the docs but seems&nbsp;'.slider-pane .slider-timeline' works better (actually will scroll).</p>\r\n<p>Or am I missing something?</p>\r\n<p>Thanks</p>",
    "PostedDate": "2012-09-24T14:54:45.373-07:00",
    "UserRole": null,
    "MarkedAsAnswerDate": null
  }
]