[
  {
    "Id": "727823",
    "ThreadId": "286734",
    "Html": "\r\n<p>Hi,</p>\r\n<p>Thanks alot for an amazing piece of work. This solves 90% of what I am trying to achieve.</p>\r\n<p>I am implementing an iPad style application springboard. Currently with DragSort, dragging one neighbouring item ontop of another swaps them round. But when dragging non neighbouring items ontop of another, the items shuffle.</p>\r\n<p>Let me try and explain.</p>\r\n<p>My list order starts as....</p>\r\n<p>1,2,3,4,5,6</p>\r\n<p>------</p>\r\n<p>If I drag 3 ontop of 4, they swap. So I get...</p>\r\n<p>1,2,4,3,5,6</p>\r\n<p>This is good.</p>\r\n<p>------</p>\r\n<p>But if I drop 1 ontop of 6 I get...</p>\r\n<p>2,3,4,5,6,1</p>\r\n<p>This is bad for me.</p>\r\n<p>------</p>\r\n<p>What I want to achieve by dragging 1 ontop of 6 is....</p>\r\n<p>6,2,3,4,5,1</p>\r\n<p>-----</p>\r\n<p>Any help would be greatly appreciated. Keep up the good work and thanks again for an excellent Codeplex project.</p>\r\n<p>Thanks</p>\r\n<p>Jason</p>\r\n",
    "PostedDate": "2012-01-19T13:20:27.703-08:00",
    "UserRole": null,
    "MarkedAsAnswerDate": null
  },
  {
    "Id": "776225",
    "ThreadId": "286734",
    "Html": "<p>Sorry for taking a while to respond.&nbsp; Try making these changes to dragsort. In the dragStart function replace \"list.draggedItem.attr(\"data-origpos\", $(this).attr(\"data-listidx\") + \"-\" + list.getItems().index(list.draggedItem));\" with:</p>\n<div style=\"color: black; background-color: white;\">\n<pre><span style=\"color: green;\">//store original locations of all items</span>\n$(lists).each(<span style=\"color: blue;\">function</span>(i) { <span style=\"color: blue;\">this</span>.getItems().each(<span style=\"color: blue;\">function</span>(j) { $(<span style=\"color: blue;\">this</span>).data(<span style=\"color: #a31515;\">\"origpos\"</span>, i + <span style=\"color: #a31515;\">\"-\"</span> + j); }); });\n</pre>\n</div>\n<p>Next add this function:\n<div style=\"color: black; background-color: white;\">\n<pre>setElmPos: <span style=\"color: blue;\">function</span>(elm, pos) {\n\t<span style=\"color: blue;\">if</span> (<span style=\"color: blue;\">typeof</span> pos == <span style=\"color: #a31515;\">\"undefined\"</span>)\n\t\tpos = $(elm).data(<span style=\"color: #a31515;\">\"origpos\"</span>).split(<span style=\"color: #a31515;\">\"-\"</span>);\n\t<span style=\"color: blue;\">var</span> items = lists[pos[0]].getItems().not(<span style=\"color: #a31515;\">\"[data-placeholder],[data-droptarget]\"</span>); \n\t<span style=\"color: blue;\">var</span> next = items.get(pos[1]);\n\t<span style=\"color: blue;\">if</span> (<span style=\"color: blue;\">typeof</span> next == <span style=\"color: #a31515;\">\"undefined\"</span>)\n\t\titems.not(elm).last().after(elm);\n\t<span style=\"color: blue;\">else</span> <span style=\"color: blue;\">if</span> (next != elm)\n\t\t$(next).before(elm);\n},\n</pre>\n</div>\nThen in swapItems function below \"if (ei == -1 || $(nlist.pos[ei].elm).attr(\"data-placeholder\")) return false;\" add:</p>\n<div style=\"color: black; background-color: white;\">\n<pre><span style=\"color: green;\">//restore items to their original location</span>\n$(lists).each(<span style=\"color: blue;\">function</span>(i) { <span style=\"color: blue;\">this</span>.getItems().not(<span style=\"color: #a31515;\">\"[data-placeholder],[data-droptarget]\"</span>).each(<span style=\"color: blue;\">function</span>(j) { <span style=\"color: blue;\">if</span> ($(<span style=\"color: blue;\">this</span>).data(<span style=\"color: #a31515;\">\"origpos\"</span>) != i + <span style=\"color: #a31515;\">\"-\"</span> + j) list.setElmPos(<span style=\"color: blue;\">this</span>); }); });\n</pre>\n</div>\n<p>And further down in swapItems function below \"$(nlist.pos[ei].elm).after(list.placeHolderItem);\" add:</p>\n<div style=\"color: black; background-color: white;\">\n<pre><span style=\"color: green;\">//move list item to where dragged item originally was</span>\n<span style=\"color: blue;\">var</span> pos = list.draggedItem.data(<span style=\"color: #a31515;\">\"origpos\"</span>).split(<span style=\"color: #a31515;\">\"-\"</span>);\n<span style=\"color: blue;\">if</span> (!(nlist == list &amp;&amp; ei == pos[1]) &amp;&amp; !$(nlist.pos[ei].elm).is(<span style=\"color: #a31515;\">\"[data-droptarget]\"</span>)) <span style=\"color: green;\">//don't move item if dragged item was moved back to original location or if item is a droptarget</span>\n\tlist.setElmPos(nlist.pos[ei].elm, pos);\n</pre>\n</div>",
    "PostedDate": "2012-02-17T12:59:26.053-08:00",
    "UserRole": null,
    "MarkedAsAnswerDate": null
  },
  {
    "Id": "839971",
    "ThreadId": "286734",
    "Html": "<p>Hi,</p>\r\n<p>I have just restarted the project I was working on with DragSort in mind and implemented the changes you suggested above and it works great. I just wanted to say a big \"thank-you\" and hope you will continue to maintain this excellent piece of work.</p>\r\n<p>Thanks</p>\r\n<p>Jason</p>",
    "PostedDate": "2012-05-23T08:59:34.253-07:00",
    "UserRole": null,
    "MarkedAsAnswerDate": null
  }
]