[
  {
    "Id": "986530",
    "ThreadId": "429571",
    "Html": "\r\n<p>Hi mcm,</p>\r\n<p>Great plug-in! &nbsp;I am trying to sort a list with text box inputs. I have successfully included the text boxes by setting&nbsp;dragSelectorExclude to an empty string. &nbsp;</p>\r\n<p>But when you click on a text box, the plug-in won't allow you to enter text in the box - it just assumes you want to drag. Is there a way to set the plugin to check for a single click, give focus to the text box, and temporarily turn off the dragging action?\r\n &nbsp;That way the text box could still be used to enter text. On mousedown, it would resume the dragging action.&nbsp;</p>\r\n<p>Thanks for your help mcm.</p>\r\n",
    "PostedDate": "2013-01-14T08:59:16.31-08:00",
    "UserRole": null,
    "MarkedAsAnswerDate": null
  },
  {
    "Id": "1003307",
    "ThreadId": "429571",
    "Html": "If the jquery.dragsort.js file in the grabItem function, if you remove &quot;e.preventDefault();&quot; then you will be able to click into a textbox to enter text.<br />\n",
    "PostedDate": "2013-02-19T02:06:35.02-08:00",
    "UserRole": null,
    "MarkedAsAnswerDate": null
  }
]