[
  {
    "Id": "267498",
    "ThreadId": "78184",
    "Html": "<p>Hi!</p>\r\n<p>Release notes to v.3.8 claim that now it is possible to drag newly added items after dragsort code was already launched</p>\r\n<p><span id=\"ctl00_ctl00_MasterContent_Content_ReleasePanelOrderingContainer_ReleaseDescriptionLiteral\">&quot;Items added to list after dragsort code called will now be able to be dragged.&quot;</span></p>\r\n<p><span>But either it is seems that this functionality is broken or I'm doing something wrong. </span></p>\r\n<p><span>To reproduce the problem we need to open </span>dragsort-0.3.8/example.html in FireFox and execute in console (maybe it's easier to do in FireFox equipped with FireBug, but it doesn't matter) the following code:</p>\r\n<p>\r\n<div style=\"color:Black;background-color:White\">\r\n<pre>jQuery(<span style=\"color:#A31515\">'&lt;div&gt;123&lt;/div&gt;'</span>).appendTo(jQuery(<span style=\"color:#A31515\">'&lt;li&gt;'</span>).appendTo(<span style=\"color:#A31515\">'#list1'</span>))<br></pre>\r\n</div>\r\n</p>\r\n<p><span>Now we have added extra div to the end of the list, but that div is not draggable. </span></p>\r\n<p><span>Or maybe it's the matter of the way the extra div being added (i.e., my mistake)?<br></span></p>",
    "PostedDate": "2009-12-15T01:52:14.627-08:00",
    "UserRole": null,
    "MarkedAsAnswerDate": null
  },
  {
    "Id": "267953",
    "ThreadId": "78184",
    "Html": "<p>Your example worked for me in Firefox (<a href=\"http://www.sitepoint.com/blogs/2008/07/23/javascript-event-delegation-is-easier-than-you-think/\">this is how the binding works</a>). The one thing I forgot to mention in the release notes (just added now) is that I'm unable to automatically style newly added items with the pointer cursor since basically this code gets called:</p>\r\n<div style=\"color:Black;background-color:White\">\r\n<pre>$(<span style=\"color:#A31515\">&quot;#list1 li&quot;</span>).css(<span style=\"color:#A31515\">&quot;cursor&quot;</span>, <span style=\"color:#A31515\">&quot;pointer&quot;</span>);\r\n</pre>\r\n</div>\r\n<p>So of course items added later won't have that style attribute added, so that CSS now needs to be added as part of your stylesheet to make it obvious that the newly added items can be dragged. However now that I think about it there's no reason why I can't add that CSS myself to the head tag using javascript (although it will only work if css selectors used for the list and dragHandler are supported by the browser). So I've created a pending release that now does this:<br><a href=\"http://dragsort.codeplex.com/Release/ProjectReleases.aspx?ReleaseId=37316\">http://dragsort.codeplex.com/Release/ProjectReleases.aspx?ReleaseId=37316</a></p>\r\n<p>If this doesn't explain your issue I might need more details.</p>",
    "PostedDate": "2009-12-16T02:30:17.923-08:00",
    "UserRole": null,
    "MarkedAsAnswerDate": null
  },
  {
    "Id": "268086",
    "ThreadId": "78184",
    "Html": "<p>Tested in Firefox 3.5.5 (linux) and Firefox 3.5.6 (windows) using the example page (example.html) which comes out-of-box with every release:</p>\r\n<p>v3.8 do NOT allow to drag newly added LI-item (sure, applying cursor style doesn't change the situation). Maybe wrong version went to release?</p>\r\n<p>v3.9 ALLOWS to drag newly added items and do not requires applying cursor styles but dragging is accompanied with strange visual glitch. Glitch can be observer even in original version of example.html without any DOM modification (it can be observed in IE8 also). Maybe this caused by changes in <span id=\"ctl00_ctl00_MasterContent_Content_ReleasePanelOrderingContainer_ReleaseDescriptionLiteral\">placeHolderTemplate made in</span> v3.8?</p>\r\n<p>&nbsp;</p>\r\n<p>&nbsp;</p>\r\n<p>&nbsp;</p>",
    "PostedDate": "2009-12-16T08:57:02.847-08:00",
    "UserRole": null,
    "MarkedAsAnswerDate": null
  },
  {
    "Id": "268127",
    "ThreadId": "78184",
    "Html": "<p>Indeed you are correct v3.8 that's uploaded is an earlier version with only some of the changes mentioned in the release notes implemented. I apologise for this and thanks for bringing it to my attention, I will sort this out when I have some more time.</p>\r\n<p>I've updated v3.9 again, I didn't clean up example.html properly from playing around before uploading.</p>",
    "PostedDate": "2009-12-16T11:40:29.4-08:00",
    "UserRole": null,
    "MarkedAsAnswerDate": null
  },
  {
    "Id": "268380",
    "ThreadId": "78184",
    "Html": "<p>The latest version works fine! Thanks for the great plugin!</p>",
    "PostedDate": "2009-12-17T00:53:51.94-08:00",
    "UserRole": null,
    "MarkedAsAnswerDate": null
  }
]