[
  {
    "Id": "844272",
    "ThreadId": "358206",
    "Html": "\r\n<p>Hi,</p>\r\n<p>Great script!</p>\r\n<p>I am trying to use drag between two lists for a cms.<br>\r\nList1 shows 6 modules which will be shown on the web page.<br>\r\nList2 contains extra modules which can be added to list1.</p>\r\n<p>Because of the size and number of the 'spare' modules (300px x 300px) I tried to scale down list2 items to 50%.<br>\r\nNow I would like to be able to scale list2 items back to a 100% while dragging them to list1. and vise versa.</p>\r\n<p>Is there a way to implement this?</p>\r\n<p>Thanks in advane,</p>\r\n<p>Wilco</p>\r\n",
    "PostedDate": "2012-06-04T02:41:17.333-07:00",
    "UserRole": null,
    "MarkedAsAnswerDate": null
  }
]