[
  {
    "Id": "1044163",
    "ThreadId": "443822",
    "Html": "I need to add an additional list to a page via javascript and have the new list linked with the other existing lists to enable dragging/dropping from those other lists to the new list. Obviously just adding a new UL with the respective class doesn't work since 'dragsort' already fired on page load. I tried using 'destroy' and then re-initing dragsort after the new element has been added, but that seems to mess up everything. Is there a way to re-init dragsort after a new element has been added so that it works with the existing lists?<br />\n",
    "PostedDate": "2013-05-15T16:58:11.743-07:00",
    "UserRole": null,
    "MarkedAsAnswerDate": null
  },
  {
    "Id": "1076291",
    "ThreadId": "443822",
    "Html": "Same problem.<br />\n",
    "PostedDate": "2013-08-03T07:20:03.557-07:00",
    "UserRole": null,
    "MarkedAsAnswerDate": null
  }
]