[
  {
    "Id": "672394",
    "ThreadId": "272731",
    "Html": "\r\n<p>hi all</p>\r\n<p>i have a requirement in which&nbsp; i have a container div that contains 3 &lt;ul&gt; on which dragsort is attached stucture is comething like</p>\r\n<p>&lt;div id=&quot;container&quot;&gt;</p>\r\n<p>&lt;ul id=&quot;list1&quot;&gt;&lt;li&gt;&lt;div&gt;a&lt;/div&gt;&lt;/li&gt;&lt;li&gt;&lt;div&gt;a&lt;/div&gt;&lt;/li&gt;&lt;li&gt;&lt;div&gt;a&lt;/div&gt;&lt;/li&gt;&lt;li&gt;&lt;div&gt;a&lt;/div&gt;&lt;/li&gt;&lt;/ul&gt;</p>\r\n<p>&lt;ul id=&quot;list2&quot;&gt;&lt;li&gt;&lt;div&gt;b&lt;/div&gt;&lt;/li&gt;&lt;li&gt;&lt;div&gt;b&lt;/div&gt;&lt;/li&gt;&lt;li&gt;&lt;div&gt;b&lt;/div&gt;&lt;/li&gt;&lt;li&gt;&lt;div&gt;b&lt;/div&gt;&lt;/li&gt;&lt;/ul&gt;</p>\r\n<p>&lt;ul id=&quot;list3&quot;&gt;&lt;li&gt;&lt;div&gt;c&lt;/div&gt;&lt;/li&gt;&lt;li&gt;&lt;div&gt;c&lt;/div&gt;&lt;/li&gt;&lt;li&gt;&lt;div&gt;c&lt;/div&gt;&lt;/li&gt;&lt;li&gt;&lt;div&gt;c&lt;/div&gt;&lt;/li&gt;&lt;/ul&gt;</p>\r\n<p>&lt;/div&gt;</p>\r\n<p>requirement:</p>\r\n<p>these item are dragged &amp; drop in between these lists . but item should not be taken out of the container div (visually not) is there any way to detach the mouse from the item when somone is trying to drag item out of the container div</p>\r\n<p>like there is</p>\r\n<pre><code> containment: &quot;#containment-wrapper&quot; in jquery  </code>.draggable(<pre><pre><code>refer  </code>http://jqueryui.com/demos/draggable/#constrain-movement</pre>\r\n</pre>\r\n</pre>\r\n",
    "PostedDate": "2011-09-15T12:32:00.463-07:00",
    "UserRole": null,
    "MarkedAsAnswerDate": null
  },
  {
    "Id": "678579",
    "ThreadId": "272731",
    "Html": "<p>I'm afraid to support this you'll need to change the dragsort code. In the setPos function above \"this.draggedItem.parents().each(function() {\" add the following piece of code. Then you can pass containment as one of the parameters to dragsort like you do for jquery draggable.</p>\r\n<p>\r\n<div style=\"color: black; background-color: white;\">\r\n<pre><span style=\"color: blue;\">if</span> (<span style=\"color: blue;\">typeof</span> opts.containment != <span style=\"color: #a31515;\">\"undefined\"</span>) {\r\n\t<span style=\"color: blue;\">var</span> containment = $(opts.containment);\r\n\t<span style=\"color: blue;\">var</span> boundary = containment.offset();\r\n\tboundary.bottom = boundary.top + containment.height() - <span style=\"color: blue;\">this</span>.draggedItem.height();\r\n\tboundary.right = boundary.left + containment.width() - <span style=\"color: blue;\">this</span>.draggedItem.width();\r\n\ttop = Math.min(boundary.bottom, Math.max(top, boundary.top));\r\n\tleft = Math.min(boundary.right, Math.max(left, boundary.left));\r\n}\r\n\r\n</pre>\r\n</div>\r\n</p>",
    "PostedDate": "2011-09-30T03:16:32.57-07:00",
    "UserRole": null,
    "MarkedAsAnswerDate": null
  }
]