[
  {
    "Id": "440801",
    "ThreadId": "212057",
    "Html": "<p>first of all, thank you for this amazing script! it works smoothly</p>\r\n<p>there is one thing though i would like to ask<br>on one page of my site, i've got three areas where there is a list (with pics inside). I can drag smoothly between them, but I don't have a clue how to write the new order into my database</p>\r\n<p>I've found it how to do it when there's only 1 list on the page, but I would like the database to remember the pic is in list2 and not list1</p>\r\n<p>How can I do that?</p>\r\n<p>Thx in advance</p>",
    "PostedDate": "2010-05-09T07:17:25.76-07:00",
    "UserRole": null,
    "MarkedAsAnswerDate": null
  },
  {
    "Id": "440977",
    "ThreadId": "212057",
    "Html": "<p>Does something like this help?</p>\r\n<p>&lt;ul id=&quot;list1&quot;&gt;<br>&nbsp; &lt;li itemID=&quot;15&quot;&gt;&lt;img /&gt;&lt;/li&gt;<br>&nbsp; ...<br>&lt;/ul&gt;<br>&lt;input type=&quot;hidden&quot; name=&quot;list1sort&quot; /&gt;<br><br>&lt;ul id=&quot;list2&quot;&gt;<br>&nbsp; &lt;li itemID=&quot;41&quot;&gt;&lt;img/&gt;&lt;/li&gt;<br>&nbsp; ...<br>&lt;/ul&gt;<br>&lt;input type=&quot;hidden&quot; name=&quot;list2sort&quot; /&gt;<br><br>&lt;script type=&quot;text/javascript&quot;&gt;<br>&nbsp; $(&quot;#list1, #list2&quot;).dragsort({ dragBetween: true, dragEnd: saveOrder });<br>&nbsp; function saveOrder() {<br>&nbsp;&nbsp;&nbsp; var data = new Array();<br>&nbsp;&nbsp;&nbsp; $(&quot;#list1 li&quot;).each(function(i) { data[i] = $(this).attr(&quot;itemID&quot;); });<br>&nbsp;&nbsp;&nbsp; $(&quot;[name=list1sort]&quot;).val(data.join(&quot;|&quot;));<br><br>&nbsp;&nbsp;&nbsp; data = new Array();<br>&nbsp;&nbsp;&nbsp; $(&quot;#list2 li).each(function(i) { data[i] = $(this).attr(&quot;itemID&quot;); });<br>&nbsp;&nbsp;&nbsp; $(&quot;[name=list2sort]&quot;).val(data.join(&quot;|&quot;));<br>&nbsp; }<br>&lt;/script&gt;<br><br>If you're wanting server code example I need to know what language you use.</p>",
    "PostedDate": "2010-05-10T00:59:51.02-07:00",
    "UserRole": null,
    "MarkedAsAnswerDate": null
  },
  {
    "Id": "441018",
    "ThreadId": "212057",
    "Html": "<p>right, sorry :)</p>\r\n<p>i use php &amp; mysql</p>\r\n<p>the thing i'd like to know is how you can put in your database in what list the items are</p>\r\n<p>your solution is that the new order is saved in list1sort and list2sort, and then in different fields in the database?</p>\r\n<p>&nbsp;</p>\r\n<p>&nbsp;</p>",
    "PostedDate": "2010-05-10T03:37:03.36-07:00",
    "UserRole": null,
    "MarkedAsAnswerDate": null
  },
  {
    "Id": "441879",
    "ThreadId": "212057",
    "Html": "<p>That's right so for example if the lists represented categories then in the database for pictures I'd have a column called category that I would set during the update statement like so:</p>\r\n<p>$ids = explode(&quot;|&quot;, $_POST[&quot;list1sort&quot;]);<br>for ($idx = 0; $idx &lt; count($ids); $idx+=1) {<br>&nbsp; $id = $ids[$idx];<br>&nbsp; $ordinal = $idx;<br>&nbsp; mysql_query(&quot;update pictures set ordinal = &quot; . $idx . &quot;, category = 'people' where id = &quot; . (int)$ids[$idx]);<br>}</p>\r\n<p>$ids = explode(&quot;|&quot;, $_POST[&quot;list2sort&quot;]);<br>for ($idx = 0; $idx &lt;  count($ids); $idx+=1) {<br>&nbsp; $id = $ids[$idx];<br>&nbsp; $ordinal = $idx;<br>&nbsp;  mysql_query(&quot;update pictures set ordinal = &quot; . $idx . &quot;, category =  'scenary' where id = &quot; . (int)$ids[$idx]);<br>}</p>\r\n<p>Then when it comes to binding back to the page it's a simple matter of going:</p>\r\n<p>$query = mysql_query (&quot;select * from pictures where category = 'people' order by ordinal&quot;);<br>$row = mysql_fetch_assoc ($query);<br>...</p>\r\n<p>Does this help?</p>",
    "PostedDate": "2010-05-12T01:12:44.97-07:00",
    "UserRole": null,
    "MarkedAsAnswerDate": null
  }
]