[
  {
    "Id": "859577",
    "ThreadId": "362642",
    "Html": "\r\n<p>Thanks for this great tool.Just being using this it works great.When element is dragged with multi-select(other items also selected),currently we are showing only the draggable element and not showing other elements.What we need now is to slightly modify\r\n the draggable element and include a small icon indicating the total number elements selected/dragged and and disappear that when the element is dragged to its new location.How can be this achieved.? Any help is greatly appreciated</p>\r\n",
    "PostedDate": "2012-07-10T03:38:56.047-07:00",
    "UserRole": null,
    "MarkedAsAnswerDate": null
  }
]