[
  {
    "Id": "193337",
    "ThreadId": "57217",
    "Html": "<p>I was curious if you had any documentation on the dragEnd function - do you know what sort of object is being passed after it is done?&nbsp; Are you able to get the object type of what you dropped?&nbsp; Or perhaps can you find what list the object came from? <br><br>I put this in my code: <br><br>dragEnd: function() { alert( this.name);</p>\r\n<p><br>and all that seemed to happen was it alerted the containing ASP panel that holds ALL the ULs.</p>\r\n<p>&nbsp;</p>\r\n<p>Any thoughts?&nbsp; Thanks.</p>",
    "PostedDate": "2009-05-22T12:01:33.75-07:00",
    "UserRole": null,
    "MarkedAsAnswerDate": null
  },
  {
    "Id": "205643",
    "ThreadId": "57217",
    "Html": "<p>Sure, I actually got contacted by someome with this suggestion, so will look at releasing a version with this change implemented. Basically in the dropItem function make these changes:<br><br>list.draggedItem.css({ position: &quot;&quot;, top: &quot;&quot;, left: &quot;&quot;, opacity: &quot;&quot; });<br><span style=\"text-decoration:line-through\">list.draggedItem = null;</span><br>list.placeHolderItem.remove();<br><br>$(&quot;*[emptyPlaceHolder]&quot;).remove();<br><br>opts.dragEnd.apply(<strong>list.draggedItem</strong>);<br><strong>list.draggedItem = null;<br><br></strong>Now the <em>this</em> keyword in you dragEnd handler will refer to the listitem that is being dragged.</p>",
    "PostedDate": "2009-06-25T13:43:46.73-07:00",
    "UserRole": null,
    "MarkedAsAnswerDate": null
  },
  {
    "Id": "205704",
    "ThreadId": "57217",
    "Html": "<p>thx for the fast reply. helped a lot!</p>",
    "PostedDate": "2009-06-25T16:49:44.267-07:00",
    "UserRole": null,
    "MarkedAsAnswerDate": null
  },
  {
    "Id": "232371",
    "ThreadId": "57217",
    "Html": "<p>mcm_ham,</p>\r\n<p>I just wanted to say thanks for the update and the reply - I was looking for an email and never got one saying it updated....glad I checked again and got the code.&nbsp;</p>\r\n<p>Great plugin!!</p>",
    "PostedDate": "2009-09-08T12:51:55.89-07:00",
    "UserRole": null,
    "MarkedAsAnswerDate": null
  }
]