[
  {
    "Id": "703140",
    "ThreadId": "280770",
    "Html": "\r\n<p>I've run into a small bug moving data between empty lists.&nbsp; dragEnd does not always get called, and seems to be a bit inconsistent when it is.</p>\r\n<p>On investigation the data-itemIdx is identical for each list, so the dragEnd function does not get called when an item is moved.&nbsp; As a fix, I've added a data-parentIdx attribute to each list item in the init method, and then handle the change of list\r\n in the same way as changing the list position.&nbsp; The updated code is below:</p>\r\n<p>&nbsp;</p>\r\n<div style=\"color:black; background-color:white\">\r\n<pre><span style=\"color:blue\">var</span> changed = <span style=\"color:blue\">false</span>;\r\n$(lists).each(<span style=\"color:blue\">function</span>(i) {\r\n    $(<span style=\"color:blue\">this</span>.container).children(opts.itemSelector).each(<span style=\"color:blue\">function</span>(j) {\r\n        <span style=\"color:blue\">if</span> (parseInt($(<span style=\"color:blue\">this</span>).attr(<span style=\"color:#a31515\">&quot;data-parentIdx&quot;</span>)) != i) {\r\n            changed = <span style=\"color:blue\">true</span>;\r\n            $(<span style=\"color:blue\">this</span>).attr(<span style=\"color:#a31515\">&quot;data-parentIdx&quot;</span>, i);\r\n        }\r\n        <span style=\"color:blue\">if</span> (parseInt($(<span style=\"color:blue\">this</span>).attr(<span style=\"color:#a31515\">&quot;data-itemIdx&quot;</span>)) != j) {\r\n            changed = <span style=\"color:blue\">true</span>;\r\n            $(<span style=\"color:blue\">this</span>).attr(<span style=\"color:#a31515\">&quot;data-itemIdx&quot;</span>, j);\r\n        }\r\n    });\r\n});\r\n\r\n<span style=\"color:blue\">if</span> (changed)\r\n    opts.dragEnd.apply(list.draggedItem);\r\n</pre>\r\n</div>\r\n<p>Thanks for such a great tool!</p>\r\n<p>&nbsp;</p>\r\n",
    "PostedDate": "2011-11-24T13:05:22.527-08:00",
    "UserRole": null,
    "MarkedAsAnswerDate": null
  },
  {
    "Id": "710120",
    "ThreadId": "280770",
    "Html": "<p>Thanks for reporting this fix, will be added to next release.</p>\n<p>Edit, released as 0.5.0:<br /><a href=\"http://dragsort.codeplex.com/releases/view/80735\">http://dragsort.codeplex.com/releases/view/80735</a></p>",
    "PostedDate": "2011-12-09T14:35:29.32-08:00",
    "UserRole": null,
    "MarkedAsAnswerDate": null
  }
]