[
  {
    "Id": "632770",
    "ThreadId": "262726",
    "Html": "\r\n<p>Hello,</p>\r\n<p>I wonder if given certain list, it could be possible to keep certain elements fixed before hand, this is, elements that can't be dragged/dropped to a different position. Using the example, say that we have this list:</p>\r\n<p><span style=\"font-size:small\"><span></p>\r\n<div style=\"color:black; background-color:white\">\r\n<pre><span style=\"color:blue\">&lt;</span><span style=\"color:#a31515\">ul</span> <span style=\"color:red\">id</span><span style=\"color:blue\">=</span><span style=\"color:blue\">&quot;list1&quot;</span><span style=\"color:blue\">&gt;</span>\r\n<span style=\"color:blue\"><span style=\"white-space:pre\">\t</span>&lt;</span><span style=\"color:#a31515\">li</span><span style=\"color:blue\">&gt;</span><span style=\"color:blue\">&lt;</span><span style=\"color:#a31515\">div</span> <span style=\"color:red\">style</span><span style=\"color:blue\">=</span><span style=\"color:blue\">&quot;background-color:orange;&quot;</span><span style=\"color:blue\">&gt;</span>1<span style=\"color:blue\">&lt;/</span><span style=\"color:#a31515\">div</span><span style=\"color:blue\">&gt;</span><span style=\"color:blue\">&lt;/</span><span style=\"color:#a31515\">li</span><span style=\"color:blue\">&gt;</span>\r\n\t<span style=\"color:blue\">&lt;</span><span style=\"color:#a31515\">li</span><span style=\"color:blue\">&gt;</span><span style=\"color:blue\">&lt;</span><span style=\"color:#a31515\">div</span><span style=\"color:blue\">&gt;</span>2<span style=\"color:blue\">&lt;/</span><span style=\"color:#a31515\">div</span><span style=\"color:blue\">&gt;</span><span style=\"color:blue\">&lt;/</span><span style=\"color:#a31515\">li</span><span style=\"color:blue\">&gt;</span>\r\n<span style=\"color:blue\"><span style=\"white-space:pre\">\t</span>&lt;</span><span style=\"color:#a31515\">li</span><span style=\"color:blue\">&gt;</span><span style=\"color:blue\">&lt;</span><span style=\"color:#a31515\">div</span><span style=\"color:blue\">&gt;</span>3<span style=\"color:blue\">&lt;/</span><span style=\"color:#a31515\">div</span><span style=\"color:blue\">&gt;</span><span style=\"color:blue\">&lt;/</span><span style=\"color:#a31515\">li</span><span style=\"color:blue\">&gt;</span>\r\n\t<span style=\"color:blue\">&lt;</span><span style=\"color:#a31515\">li</span><span style=\"color:blue\">&gt;</span><span style=\"color:blue\">&lt;</span><span style=\"color:#a31515\">div</span><span style=\"color:blue\">&gt;</span>4<span style=\"color:blue\">&lt;/</span><span style=\"color:#a31515\">div</span><span style=\"color:blue\">&gt;</span><span style=\"color:blue\">&lt;/</span><span style=\"color:#a31515\">li</span><span style=\"color:blue\">&gt;</span>\r\n\t<span style=\"color:blue\">&lt;</span><span style=\"color:#a31515\">li</span><span style=\"color:blue\">&gt;</span><span style=\"color:blue\">&lt;</span><span style=\"color:#a31515\">div</span><span style=\"color:blue\">&gt;</span>5<span style=\"color:blue\">&lt;/</span><span style=\"color:#a31515\">div</span><span style=\"color:blue\">&gt;</span><span style=\"color:blue\">&lt;/</span><span style=\"color:#a31515\">li</span><span style=\"color:blue\">&gt;</span>\r\n\t<span style=\"color:blue\">&lt;</span><span style=\"color:#a31515\">li</span><span style=\"color:blue\">&gt;</span><span style=\"color:blue\">&lt;</span><span style=\"color:#a31515\">div</span><span style=\"color:blue\">&gt;</span>6<span style=\"color:blue\">&lt;/</span><span style=\"color:#a31515\">div</span><span style=\"color:blue\">&gt;</span><span style=\"color:blue\">&lt;/</span><span style=\"color:#a31515\">li</span><span style=\"color:blue\">&gt;</span>\r\n\t<span style=\"color:blue\">&lt;</span><span style=\"color:#a31515\">li</span><span style=\"color:blue\">&gt;</span><span style=\"color:blue\">&lt;</span><span style=\"color:#a31515\">div</span><span style=\"color:blue\">&gt;</span>7<span style=\"color:blue\">&lt;/</span><span style=\"color:#a31515\">div</span><span style=\"color:blue\">&gt;</span><span style=\"color:blue\">&lt;/</span><span style=\"color:#a31515\">li</span><span style=\"color:blue\">&gt;</span>\r\n\t<span style=\"color:blue\">&lt;</span><span style=\"color:#a31515\">li</span><span style=\"color:blue\">&gt;</span><span style=\"color:blue\">&lt;</span><span style=\"color:#a31515\">div</span><span style=\"color:blue\">&gt;</span>8<span style=\"color:blue\">&lt;/</span><span style=\"color:#a31515\">div</span><span style=\"color:blue\">&gt;</span><span style=\"color:blue\">&lt;/</span><span style=\"color:#a31515\">li</span><span style=\"color:blue\">&gt;</span>\r\n\t<span style=\"color:blue\">&lt;</span><span style=\"color:#a31515\">li</span><span style=\"color:blue\">&gt;</span><span style=\"color:blue\">&lt;</span><span style=\"color:#a31515\">div</span><span style=\"color:blue\">&gt;</span>9<span style=\"color:blue\">&lt;/</span><span style=\"color:#a31515\">div</span><span style=\"color:blue\">&gt;</span><span style=\"color:blue\">&lt;/</span><span style=\"color:#a31515\">li</span><span style=\"color:blue\">&gt;</span>\r\n<span style=\"color:blue\">&lt;/</span><span style=\"color:#a31515\">ul</span><span style=\"color:blue\">&gt;</span>\r\n\r\n</pre>\r\n<pre>and I want that the bullets with numbers 1, 3, 7 and 9 (the corners) to not change positions.</pre>\r\n<pre><br></pre>\r\n<pre>I know it is a stretch but any pointer you may give me will be really appreciated.</pre>\r\n<pre>Keep doing that great work, this is an awesome product!!</pre>\r\n<pre><br></pre>\r\n<pre>-agetroe</pre>\r\n</div>\r\n<br>\r\n</span></span>\r\n<p></p>\r\n",
    "PostedDate": "2011-06-24T13:59:26.96-07:00",
    "UserRole": null,
    "MarkedAsAnswerDate": null
  },
  {
    "Id": "633061",
    "ThreadId": "262726",
    "Html": "<p>Unfortunately you'll need a custom version of dragsort to support that, here are the changes in the swapItems function:</p>\n<div style=\"color: black; background-color: white; border: 1px solid gray; padding: 5px;\">\n<pre><span style=\"color: blue;\">if</span> (lastPos == <span style=\"color: blue;\">null</span> || lastPos.top &gt; list.draggedItem.offset().top || lastPos.left &gt; list.draggedItem.offset().left)\n\t$(nlist.pos[ei].elm).before(list.placeHolderItem);\n<span style=\"color: blue;\">else</span>\n\t$(nlist.pos[ei].elm).after(list.placeHolderItem);\n</pre>\n</div>\n<p>Change to:</p>\n<div style=\"color: black; background-color: white; border: 1px solid gray; padding: 5px;\">\n<pre><span style=\"color: blue;\">var</span> children = <span style=\"color: blue;\">function</span>() { <span style=\"color: blue;\">return</span> $(nlist.container).children().not(nlist.draggedItem); };\n<span style=\"color: blue;\">var</span> fixed = children().filter(<span style=\"color: #a31515;\">\".fixed\"</span>).each(<span style=\"color: blue;\">function</span>(i) { <span style=\"color: blue;\">this</span>.idx = children().index(<span style=\"color: blue;\">this</span>); });\n<span style=\"color: blue;\">if</span> (lastPos == <span style=\"color: blue;\">null</span> || lastPos.top &gt; list.draggedItem.offset().top || lastPos.left &gt; list.draggedItem.offset().left)\n\t$(nlist.pos[ei].elm).before(list.placeHolderItem);\n<span style=\"color: blue;\">else</span>\n\t$(nlist.pos[ei].elm).after(list.placeHolderItem);\nfixed.each(<span style=\"color: blue;\">function</span>() {\n\t<span style=\"color: blue;\">var</span> elm = children().eq(<span style=\"color: blue;\">this</span>.idx).get(0);\n\t<span style=\"color: blue;\">if</span> (<span style=\"color: blue;\">this</span> != elm &amp;&amp; children().index(<span style=\"color: blue;\">this</span>) &lt; <span style=\"color: blue;\">this</span>.idx)\n\t\t$(<span style=\"color: blue;\">this</span>).insertAfter(elm);\n\t<span style=\"color: blue;\">else</span> <span style=\"color: blue;\">if</span> (<span style=\"color: blue;\">this</span> != elm)\n\t\t$(<span style=\"color: blue;\">this</span>).insertBefore(elm);\n});\n</pre>\n</div>\n<p>Then add the class 'fixed' to all the li elements you don't want to move, then call dragsort like this:</p>\n<div style=\"color: black; background-color: white; border: 1px solid gray; padding: 5px;\">\n<pre>$(<span style=\"color: #a31515;\">\"#list1\"</span>).dragsort({ itemSelector: <span style=\"color: #a31515;\">\"li:not(.fixed)\"</span>, dragSelector: <span style=\"color: #a31515;\">\"li:not(.fixed) &gt; div\"</span>, ... });\n</pre>\n</div>",
    "PostedDate": "2011-06-25T20:08:55.407-07:00",
    "UserRole": null,
    "MarkedAsAnswerDate": null
  },
  {
    "Id": "633787",
    "ThreadId": "262726",
    "Html": "<p>This is awesome, thanks!</p>",
    "PostedDate": "2011-06-27T14:31:09.39-07:00",
    "UserRole": null,
    "MarkedAsAnswerDate": null
  },
  {
    "Id": "657318",
    "ThreadId": "262726",
    "Html": "<p>Why not merge this to the main development?</p>\r\n<p>It is a handy feature to have in a draggable sorter.</p>",
    "PostedDate": "2011-08-12T11:26:34.543-07:00",
    "UserRole": null,
    "MarkedAsAnswerDate": null
  },
  {
    "Id": "701196",
    "ThreadId": "262726",
    "Html": "<blockquote style=\"border: solid .1em #ccc; font-style: italic; margin: .25em 1em 0 1em; padding: 0 .25em 0 .25em;\"><strong>PJonDevelopment wrote:</strong><br />\r\n<p>Why not merge this to the main development?</p>\r\n<p>It is a handy feature to have in a draggable sorter.</p>\r\n</blockquote>\r\n<p>Great feature here! I second adding it to the main library!</p>",
    "PostedDate": "2011-11-21T06:08:48.553-08:00",
    "UserRole": null,
    "MarkedAsAnswerDate": null
  },
  {
    "Id": "725048",
    "ThreadId": "262726",
    "Html": "<p>Done.<br /><a href=\"http://dragsort.codeplex.com/releases/view/80735\">http://dragsort.codeplex.com/releases/view/80735</a></p>\n<p>For your example it can now be simply called via:</p>\n<p>\n<div style=\"color: black; background-color: white;\">\n<pre>$(<span style=\"color: #a31515;\">\"#list1\"</span>).dragsort({ itemSelector: <span style=\"color: #a31515;\">\"li:not(.fixed)\"</span>, dragSelector: <span style=\"color: #a31515;\">\"div\"</span>, ... });\n</pre>\n</div>\n</p>",
    "PostedDate": "2012-01-13T17:18:25.44-08:00",
    "UserRole": null,
    "MarkedAsAnswerDate": null
  }
]