[
  {
    "Id": "729638",
    "ThreadId": "287157",
    "Html": "\r\n<p>Hey, I'm using the newest dragsort and dragging td in safari doesnt seem to work properly. It works in Firefox, but in safari it seems like it doesnt delete the old placeholder or something. I've checked and the table cells are still the same number, but\r\n they totally misplaced.</p>\r\n",
    "PostedDate": "2012-01-23T16:06:02.197-08:00",
    "UserRole": null,
    "MarkedAsAnswerDate": null
  },
  {
    "Id": "729643",
    "ThreadId": "287157",
    "Html": "<p>Seems like there are som bugs in&nbsp;findPos().</p>",
    "PostedDate": "2012-01-23T16:22:26.867-08:00",
    "UserRole": null,
    "MarkedAsAnswerDate": null
  },
  {
    "Id": "778162",
    "ThreadId": "287157",
    "Html": "<p>I'm afraid this looks like it's an issue with the browser's rendering engine, here's a simplified example:</p>\n<div style=\"color: black; background-color: white;\">\n<pre>$(<span style=\"color: #a31515;\">\"td\"</span>).mousedown(<span style=\"color: blue;\">function</span>() {\n\t<span style=\"color: blue;\">var</span> td = <span style=\"color: blue;\">this</span>;\n\t$(document).mousemove(<span style=\"color: blue;\">function</span>(e) {\n\t\t$(td).css({ position: <span style=\"color: #a31515;\">\"absolute\"</span>, top: e.pageY, left: e.pageX });\n\t}).mouseup(<span style=\"color: blue;\">function</span>() {\n\t\t$(td).removeAttr(<span style=\"color: #a31515;\">\"style\"</span>);\n\t\t$(document).unbind(<span style=\"color: #a31515;\">\"mousemove\"</span>);\n\t});\n\t<span style=\"color: blue;\">return</span> <span style=\"color: blue;\">false</span>;\n});\n</pre>\n</div>\n<p>With this code if you drag a table cell and release it you can see it leaves a gap behind where the cell was originally located, when it shouldn't.</p>\n<p>To work around this what I've decided to is to relocate the dragged item into a new temporary table while it's being dragged and then reinsert back into the table where the placeholder is once you drop it, since the issue seems to be related to a cell being positioned absolue while it's in the table. This has the benefit placeholders can now be styled since previously they weren't being used for dragging table cells. You can obtain this change here:</p>\n<p><a href=\"http://dragsort.codeplex.com/releases/view/82560\">http://dragsort.codeplex.com/releases/view/82560</a></p>",
    "PostedDate": "2012-02-18T15:55:14.993-08:00",
    "UserRole": null,
    "MarkedAsAnswerDate": null
  }
]