[
  {
    "Id": "240238",
    "ThreadId": "70522",
    "Html": "<p>Firstly... Great script, thanks for sharing :-)</p>\r\n<p><span style=\"text-decoration:underline\">My Question</span>:<br>How do i get a string value&nbsp;of the new sorted list?</p>\r\n<p><span style=\"text-decoration:underline\">My Objective</span>:<br>I want to be able to sort a gallery of thumbnail images, then submit a form and update my database with the new order of the sorted list.</p>\r\n<p><span style=\"text-decoration:underline\">Example</span>:<br>if i start with a simple ordered&nbsp;list like (1,2,3,4,5,6)<br>... then i sort them into a new order like (5,2,4,1,3,6)<br>... How do i get a string of the new order? - Ideally the string would be the&nbsp;'id' of each &lt;li&gt; or &lt;div&gt;&nbsp;tag.</p>\r\n<p>Cheers :)</p>",
    "PostedDate": "2009-09-29T19:41:19.693-07:00",
    "UserRole": null,
    "MarkedAsAnswerDate": null
  },
  {
    "Id": "240285",
    "ThreadId": "70522",
    "Html": "<p>My pleasure. In the download there is a file called example.aspx that provides an example of what you are talking about. Although this makes an ajax request to the server immediately without waiting for the form to be submitted. If you didn't want to save the order until the user clicks the submit button then save the serialStr to a hidden input field and on postback read it's value. The example file is in ASP.NET but here is a page that provides an example of making ajax requests in PHP:<br>http://www.talkphp.com/vbarticles.php?do=article&amp;articleid=58&amp;title=simple-ajax-with-jquery</p>",
    "PostedDate": "2009-09-30T00:44:34.85-07:00",
    "UserRole": null,
    "MarkedAsAnswerDate": null
  },
  {
    "Id": "242324",
    "ThreadId": "70522",
    "Html": "<p>AWESOME!</p>\r\n<p>Thanks for your help... a clear &amp; precise solution&nbsp;to my&nbsp;question :D</p>\r\n<p>For anyone who finds this thread and wants to acheive a similar thing... i use javascript to populate a hidden form field and then submit form to update database.</p>\r\n<p>Also note - i have moved the id=&quot;gallery&quot; into a containing &lt;div&gt; (the original script used&nbsp;&lt;ul id=&quot;gallery&quot;&gt;)&nbsp;- i found the div&nbsp;works better in FireFox browser when images wrap onto new line!&nbsp;</p>\r\n<p>&nbsp;----------------------------------------------------------<br><span style=\"color:Blue\">&lt;</span><span style=\"color:#A31515\">div</span> <span style=\"color:Red\">id</span><span style=\"color:Blue\">=</span><span style=\"color:Blue\">&quot;gallery&quot;</span><span style=\"color:Blue\">&gt;</span><br><span style=\"color:Blue\">&lt;</span><span style=\"color:#A31515\">ul</span> <span style=\"color:Blue\">&gt;</span><br>&nbsp;&nbsp; <span style=\"color:Blue\">&lt;</span><span style=\"color:#A31515\">li</span> <span style=\"color:Red\">id</span><span style=\"color:Blue\">=</span><span style=\"color:Blue\">&quot;1&quot;</span><span style=\"color:Blue\">&gt;</span><span style=\"color:Blue\">&lt;</span><span style=\"color:#A31515\">div</span> <span style=\"color:Blue\">&gt;</span><span style=\"color:Blue\">&lt;</span><span style=\"color:#A31515\">img</span> <span style=\"color:Red\">border</span><span style=\"color:Blue\">=</span><span style=\"color:Blue\">&quot;1&quot;</span> <span style=\"color:Red\">src</span><span style=\"color:Blue\">=</span><span style=\"color:Blue\">&quot;i/thumbs/pic01.jpg&quot;</span> <span style=\"color:Red\">width</span><span style=\"color:Blue\">=</span><span style=\"color:Blue\">&quot;120&quot;</span> <span style=\"color:Red\">height</span><span style=\"color:Blue\">=</span><span style=\"color:Blue\">&quot;90&quot;</span><span style=\"color:Blue\">&gt;</span><span style=\"color:Blue\">&lt;/</span><span style=\"color:#A31515\">div</span><span style=\"color:Blue\">&gt;</span><span style=\"color:Blue\">&lt;/</span><span style=\"color:#A31515\">li</span><span style=\"color:Blue\">&gt;</span><br><span style=\"color:Blue\">&nbsp;&nbsp; &lt;</span><span style=\"color:#A31515\">li</span> <span style=\"color:Red\">id</span><span style=\"color:Blue\">=</span><span style=\"color:Blue\">&quot;2&quot;</span><span style=\"color:Blue\">&gt;</span><span style=\"color:Blue\">&lt;</span><span style=\"color:#A31515\">div</span> <span style=\"color:Blue\">&gt;</span><span style=\"color:Blue\">&lt;</span><span style=\"color:#A31515\">img</span> <span style=\"color:Red\">border</span><span style=\"color:Blue\">=</span><span style=\"color:Blue\">&quot;1&quot;</span> <span style=\"color:Red\">src</span><span style=\"color:Blue\">=</span><span style=\"color:Blue\">&quot;i/thumbs/pic02.jpg&quot;</span> <span style=\"color:Red\">width</span><span style=\"color:Blue\">=</span><span style=\"color:Blue\">&quot;120&quot;</span> <span style=\"color:Red\">height</span><span style=\"color:Blue\">=</span><span style=\"color:Blue\">&quot;90&quot;</span><span style=\"color:Blue\">&gt;</span><span style=\"color:Blue\">&lt;/</span><span style=\"color:#A31515\">div</span><span style=\"color:Blue\">&gt;</span><span style=\"color:Blue\">&lt;/</span><span style=\"color:#A31515\">li</span><span style=\"color:Blue\">&gt;</span><br><span style=\"color:Blue\">&nbsp;&nbsp; &lt;</span><span style=\"color:#A31515\">li</span> <span style=\"color:Red\">id</span><span style=\"color:Blue\">=</span><span style=\"color:Blue\">&quot;3&quot;</span><span style=\"color:Blue\">&gt;</span><span style=\"color:Blue\">&lt;</span><span style=\"color:#A31515\">div</span> <span style=\"color:Blue\">&gt;</span><span style=\"color:Blue\">&lt;</span><span style=\"color:#A31515\">img</span> <span style=\"color:Red\">border</span><span style=\"color:Blue\">=</span><span style=\"color:Blue\">&quot;1&quot;</span> <span style=\"color:Red\">src</span><span style=\"color:Blue\">=</span><span style=\"color:Blue\">&quot;i/thumbs/pic03.jpg&quot;</span> <span style=\"color:Red\">width</span><span style=\"color:Blue\">=</span><span style=\"color:Blue\">&quot;120&quot;</span> <span style=\"color:Red\">height</span><span style=\"color:Blue\">=</span><span style=\"color:Blue\">&quot;90&quot;</span><span style=\"color:Blue\">&gt;</span><span style=\"color:Blue\">&lt;/</span><span style=\"color:#A31515\">div</span><span style=\"color:Blue\">&gt;</span><span style=\"color:Blue\">&lt;/</span><span style=\"color:#A31515\">li</span><span style=\"color:Blue\">&gt;</span><br><span style=\"color:Blue\">&nbsp;&nbsp; &lt;</span><span style=\"color:#A31515\">li</span> <span style=\"color:Red\">id</span><span style=\"color:Blue\">=</span><span style=\"color:Blue\">&quot;4&quot;</span><span style=\"color:Blue\">&gt;</span><span style=\"color:Blue\">&lt;</span><span style=\"color:#A31515\">div</span> <span style=\"color:Blue\">&gt;</span><span style=\"color:Blue\">&lt;</span><span style=\"color:#A31515\">img</span> <span style=\"color:Red\">border</span><span style=\"color:Blue\">=</span><span style=\"color:Blue\">&quot;1&quot;</span> <span style=\"color:Red\">src</span><span style=\"color:Blue\">=</span><span style=\"color:Blue\">&quot;i/thumbs/pic04.jpg&quot;</span> <span style=\"color:Red\">width</span><span style=\"color:Blue\">=</span><span style=\"color:Blue\">&quot;120&quot;</span> <span style=\"color:Red\">height</span><span style=\"color:Blue\">=</span><span style=\"color:Blue\">&quot;90&quot;</span><span style=\"color:Blue\">&gt;</span><span style=\"color:Blue\">&lt;/</span><span style=\"color:#A31515\">div</span><span style=\"color:Blue\">&gt;</span><span style=\"color:Blue\">&lt;/</span><span style=\"color:#A31515\">li</span><span style=\"color:Blue\">&gt;</span> <br><span style=\"color:Blue\">&lt;/</span><span style=\"color:#A31515\">ul</span><span style=\"color:Blue\">&gt;</span><br><span style=\"color:Blue\">&lt;/</span><span style=\"color:#A31515\">div</span><span style=\"color:Blue\">&gt;</span><br><br><span style=\"color:Blue\">&lt;</span><span style=\"color:#A31515\">form</span> <span style=\"color:Red\">name</span><span style=\"color:Blue\">=</span><span style=\"color:Blue\">&quot;sortForm&quot;</span> <span style=\"color:Red\">action</span><span style=\"color:Blue\">=</span><span style=\"color:Blue\">&quot;sortPics_submit.php&quot;</span> <span style=\"color:Red\">method</span><span style=\"color:Blue\">=</span><span style=\"color:Blue\">&quot;post&quot;</span><span style=\"color:Blue\">&gt;</span><br>&nbsp;&nbsp;&nbsp; <span style=\"color:Blue\">&lt;</span><span style=\"color:#A31515\">input</span> <span style=\"color:Red\">type</span><span style=\"color:Blue\">=</span><span style=\"color:Blue\">&quot;hidden&quot;</span> <span style=\"color:Red\">id</span><span style=\"color:Blue\">=</span><span style=\"color:Blue\">&quot;sortOrder&quot;</span> <span style=\"color:Red\">name</span><span style=\"color:Blue\">=</span><span style=\"color:Blue\">&quot;sortOrder&quot;</span><span style=\"color:Blue\">&gt;</span><br>&nbsp;&nbsp;&nbsp;&nbsp;&nbsp;&nbsp;&nbsp; <span style=\"color:Blue\">&lt;</span><span style=\"color:#A31515\">button</span> <span style=\"color:Red\">type</span><span style=\"color:Blue\">=</span><span style=\"color:Blue\">&quot;submit&quot;</span> <span style=\"color:Red\">class</span><span style=\"color:Blue\">=</span><span style=\"color:Blue\">&quot;submit3&quot;</span> <span style=\"color:Red\">name</span><span style=\"color:Blue\">=</span><span style=\"color:Blue\">&quot;submit&quot;</span><span style=\"color:Blue\">&gt;</span><span style=\"color:Blue\">&lt;</span><span style=\"color:#A31515\">span</span><span style=\"color:Blue\">&gt;</span>Save &amp; Continue...<span style=\"color:Blue\">&lt;/</span><span style=\"color:#A31515\">span</span><span style=\"color:Blue\">&gt;</span><span style=\"color:Blue\">&lt;/</span><span style=\"color:#A31515\">button</span><span style=\"color:Blue\">&gt;</span><br><span style=\"color:Blue\">&lt;/</span><span style=\"color:#A31515\">form</span><span style=\"color:Blue\">&gt;</span><br><br><span style=\"color:Blue\">&lt;</span><span style=\"color:#A31515\">script</span> <span style=\"color:Red\">type</span><span style=\"color:Blue\">=</span><span style=\"color:Blue\">&quot;text/javascript&quot;</span><span style=\"color:Blue\">&gt;</span><br><span style=\"color:Green\">// this tells the sort script to do its thing</span><br>$(<span style=\"color:#A31515\">&quot;#gallery&quot;</span>).dragsort({ dragSelector: <span style=\"color:#A31515\">&quot;li div&quot;</span>, dragEnd: saveOrder });<br><br><span style=\"color:Green\">// this is the function that puts the new sort order into a string</span><br><span style=\"color:Blue\">function</span> saveOrder() {<br>&nbsp;&nbsp;&nbsp; <span style=\"color:Blue\">var</span> serialStr = <span style=\"color:#A31515\">&quot;&quot;</span>;<br>&nbsp;&nbsp;&nbsp; $(<span style=\"color:#A31515\">&quot;#gallery li&quot;</span>).each(<span style=\"color:Blue\">function</span>(i, elm) { serialStr += (i &gt; 0 ? <span style=\"color:#A31515\">&quot;,&quot;</span> : <span style=\"color:#A31515\">&quot;&quot;</span>) + $(elm).attr(<span style=\"color:#A31515\">&quot;id&quot;</span>); });<br><br><span style=\"color:Green\">// this dynamically updates string to hidden form field</span><br>&nbsp;&nbsp;&nbsp; document.getElementById(<span style=\"color:#A31515\">'sortOrder'</span>).value = serialStr;<br>};<br><span style=\"color:Blue\">&lt;/</span><span style=\"color:#A31515\">script</span><span style=\"color:Blue\">&gt;</span><br>----------------------------------------------------------</p>\r\n<p>Cheers,<br>Brendon</p>",
    "PostedDate": "2009-10-05T15:28:09.77-07:00",
    "UserRole": null,
    "MarkedAsAnswerDate": null
  },
  {
    "Id": "270896",
    "ThreadId": "70522",
    "Html": "<p>Love the script, but I cannot seem to get it to work with tables. In the example below, it will drag, but not sort. If I change the TABLE tag to UL, TR tags to LI and TD tags to DIV, it works.</p>\r\n<p>&nbsp;</p>\r\n<p>Do you have any suggestions on this?</p>\r\n<p>&nbsp;</p>\r\n<p>\r\n<div style=\"color:Black;background-color:White\">\r\n<pre><span style=\"color:Blue\">&lt;!</span><span style=\"color:#A31515\">DOCTYPE</span> <span style=\"color:Red\">html</span> <span style=\"color:Red\">PUBLIC</span> <span style=\"color:Blue\">&quot;-//W3C//DTD XHTML 1.0 Transitional//EN&quot;</span> <span style=\"color:Blue\">&quot;http://www.w3.org/TR/xhtml1/DTD/xhtml1-transitional.dtd&quot;</span><span style=\"color:Blue\">&gt;</span>\r\n\r\n<span style=\"color:Blue\">&lt;</span><span style=\"color:#A31515\">html</span> <span style=\"color:Red\">xmlns</span><span style=\"color:Blue\">=</span><span style=\"color:Blue\">&quot;http://www.w3.org/1999/xhtml&quot;</span><span style=\"color:Blue\">&gt;</span>\r\n<span style=\"color:Blue\">&lt;</span><span style=\"color:#A31515\">head</span><span style=\"color:Blue\">&gt;</span>\r\n  <span style=\"color:Blue\">&lt;</span><span style=\"color:#A31515\">script</span> <span style=\"color:Red\">type</span><span style=\"color:Blue\">=</span><span style=\"color:Blue\">&quot;text/javascript&quot;</span> <span style=\"color:Red\">src</span><span style=\"color:Blue\">=</span><span style=\"color:Blue\">&quot;http://ajax.googleapis.com/ajax/libs/jquery/1.3.2/jquery.min.js&quot;</span><span style=\"color:Blue\">&gt;</span><span style=\"color:Blue\">&lt;/</span><span style=\"color:#A31515\">script</span><span style=\"color:Blue\">&gt;</span>\r\n  <span style=\"color:Blue\">&lt;</span><span style=\"color:#A31515\">script</span> <span style=\"color:Red\">type</span><span style=\"color:Blue\">=</span><span style=\"color:Blue\">&quot;text/javascript&quot;</span> <span style=\"color:Red\">src</span><span style=\"color:Blue\">=</span><span style=\"color:Blue\">&quot;dragsort-0.3.8.js&quot;</span><span style=\"color:Blue\">&gt;</span><span style=\"color:Blue\">&lt;/</span><span style=\"color:#A31515\">script</span><span style=\"color:Blue\">&gt;</span>\r\n  <span style=\"color:Blue\">&lt;</span><span style=\"color:#A31515\">style</span> <span style=\"color:Red\">type</span><span style=\"color:Blue\">=</span><span style=\"color:Blue\">&quot;text/css&quot;</span><span style=\"color:Blue\">&gt;</span>\r\n    body { font-family: Arial; font-size:12pt; padding:20px; width: 800px; margin:auto; border:solid 1px black; padding-top: 20px; margin-top:20px; }\r\n    .placeHolder td { background-color: white !important; border: dashed 1px gray !important; }\r\n    #table1 { width: 100%; }\r\n    tr { background-color: #ccc; }\r\n  <span style=\"color:Blue\">&lt;/</span><span style=\"color:#A31515\">style</span><span style=\"color:Blue\">&gt;</span>\r\n<span style=\"color:Blue\">&lt;/</span><span style=\"color:#A31515\">head</span><span style=\"color:Blue\">&gt;</span>\r\n<span style=\"color:Blue\">&lt;</span><span style=\"color:#A31515\">body</span><span style=\"color:Blue\">&gt;</span>\r\n\r\n  <span style=\"color:Blue\">&lt;</span><span style=\"color:#A31515\">table</span> <span style=\"color:Red\">id</span><span style=\"color:Blue\">=</span><span style=\"color:Blue\">&quot;table1&quot;</span><span style=\"color:Blue\">&gt;</span>\r\n    <span style=\"color:Blue\">&lt;</span><span style=\"color:#A31515\">tr</span><span style=\"color:Blue\">&gt;</span><span style=\"color:Blue\">&lt;</span><span style=\"color:#A31515\">td</span><span style=\"color:Blue\">&gt;</span>1<span style=\"color:Blue\">&lt;/</span><span style=\"color:#A31515\">td</span><span style=\"color:Blue\">&gt;</span><span style=\"color:Blue\">&lt;/</span><span style=\"color:#A31515\">tr</span><span style=\"color:Blue\">&gt;</span>\r\n    <span style=\"color:Blue\">&lt;</span><span style=\"color:#A31515\">tr</span><span style=\"color:Blue\">&gt;</span><span style=\"color:Blue\">&lt;</span><span style=\"color:#A31515\">td</span><span style=\"color:Blue\">&gt;</span>2<span style=\"color:Blue\">&lt;/</span><span style=\"color:#A31515\">td</span><span style=\"color:Blue\">&gt;</span><span style=\"color:Blue\">&lt;/</span><span style=\"color:#A31515\">tr</span><span style=\"color:Blue\">&gt;</span>\r\n    <span style=\"color:Blue\">&lt;</span><span style=\"color:#A31515\">tr</span><span style=\"color:Blue\">&gt;</span><span style=\"color:Blue\">&lt;</span><span style=\"color:#A31515\">td</span><span style=\"color:Blue\">&gt;</span>3<span style=\"color:Blue\">&lt;/</span><span style=\"color:#A31515\">td</span><span style=\"color:Blue\">&gt;</span><span style=\"color:Blue\">&lt;/</span><span style=\"color:#A31515\">tr</span><span style=\"color:Blue\">&gt;</span>\r\n    <span style=\"color:Blue\">&lt;</span><span style=\"color:#A31515\">tr</span><span style=\"color:Blue\">&gt;</span><span style=\"color:Blue\">&lt;</span><span style=\"color:#A31515\">td</span><span style=\"color:Blue\">&gt;</span>4<span style=\"color:Blue\">&lt;/</span><span style=\"color:#A31515\">td</span><span style=\"color:Blue\">&gt;</span><span style=\"color:Blue\">&lt;/</span><span style=\"color:#A31515\">tr</span><span style=\"color:Blue\">&gt;</span>\r\n    <span style=\"color:Blue\">&lt;</span><span style=\"color:#A31515\">tr</span><span style=\"color:Blue\">&gt;</span><span style=\"color:Blue\">&lt;</span><span style=\"color:#A31515\">td</span><span style=\"color:Blue\">&gt;</span>5<span style=\"color:Blue\">&lt;/</span><span style=\"color:#A31515\">td</span><span style=\"color:Blue\">&gt;</span><span style=\"color:Blue\">&lt;/</span><span style=\"color:#A31515\">tr</span><span style=\"color:Blue\">&gt;</span>\r\n    <span style=\"color:Blue\">&lt;</span><span style=\"color:#A31515\">tr</span><span style=\"color:Blue\">&gt;</span><span style=\"color:Blue\">&lt;</span><span style=\"color:#A31515\">td</span><span style=\"color:Blue\">&gt;</span>6<span style=\"color:Blue\">&lt;/</span><span style=\"color:#A31515\">td</span><span style=\"color:Blue\">&gt;</span><span style=\"color:Blue\">&lt;/</span><span style=\"color:#A31515\">tr</span><span style=\"color:Blue\">&gt;</span>\r\n    <span style=\"color:Blue\">&lt;</span><span style=\"color:#A31515\">tr</span><span style=\"color:Blue\">&gt;</span><span style=\"color:Blue\">&lt;</span><span style=\"color:#A31515\">td</span><span style=\"color:Blue\">&gt;</span>7<span style=\"color:Blue\">&lt;/</span><span style=\"color:#A31515\">td</span><span style=\"color:Blue\">&gt;</span><span style=\"color:Blue\">&lt;/</span><span style=\"color:#A31515\">tr</span><span style=\"color:Blue\">&gt;</span>\r\n    <span style=\"color:Blue\">&lt;</span><span style=\"color:#A31515\">tr</span><span style=\"color:Blue\">&gt;</span><span style=\"color:Blue\">&lt;</span><span style=\"color:#A31515\">td</span><span style=\"color:Blue\">&gt;</span>8<span style=\"color:Blue\">&lt;/</span><span style=\"color:#A31515\">td</span><span style=\"color:Blue\">&gt;</span><span style=\"color:Blue\">&lt;/</span><span style=\"color:#A31515\">tr</span><span style=\"color:Blue\">&gt;</span>\r\n    <span style=\"color:Blue\">&lt;</span><span style=\"color:#A31515\">tr</span><span style=\"color:Blue\">&gt;</span><span style=\"color:Blue\">&lt;</span><span style=\"color:#A31515\">td</span><span style=\"color:Blue\">&gt;</span>9<span style=\"color:Blue\">&lt;/</span><span style=\"color:#A31515\">td</span><span style=\"color:Blue\">&gt;</span><span style=\"color:Blue\">&lt;/</span><span style=\"color:#A31515\">tr</span><span style=\"color:Blue\">&gt;</span>\r\n    <span style=\"color:Blue\">&lt;</span><span style=\"color:#A31515\">tr</span><span style=\"color:Blue\">&gt;</span><span style=\"color:Blue\">&lt;</span><span style=\"color:#A31515\">td</span><span style=\"color:Blue\">&gt;</span>10<span style=\"color:Blue\">&lt;/</span><span style=\"color:#A31515\">td</span><span style=\"color:Blue\">&gt;</span><span style=\"color:Blue\">&lt;/</span><span style=\"color:#A31515\">tr</span><span style=\"color:Blue\">&gt;</span>\r\n  <span style=\"color:Blue\">&lt;/</span><span style=\"color:#A31515\">table</span><span style=\"color:Blue\">&gt;</span>\r\n\r\n  <span style=\"color:Green\">&lt;!-- save sort order here which can be retrieved on server on postback --&gt;</span>\r\n  <span style=\"color:Blue\">&lt;</span><span style=\"color:#A31515\">input</span> <span style=\"color:Red\">name</span><span style=\"color:Blue\">=</span><span style=\"color:Blue\">&quot;list1SortOrder&quot;</span> <span style=\"color:Red\">type</span><span style=\"color:Blue\">=</span><span style=\"color:Blue\">&quot;hidden&quot;</span> <span style=\"color:Blue\">/&gt;</span>\r\n\r\n  <span style=\"color:Blue\">&lt;</span><span style=\"color:#A31515\">script</span> <span style=\"color:Red\">type</span><span style=\"color:Blue\">=</span><span style=\"color:Blue\">&quot;text/javascript&quot;</span><span style=\"color:Blue\">&gt;</span>\r\n    $(<span style=\"color:#A31515\">&quot;#table1&quot;</span>).dragsort({ itemSelector: <span style=\"color:#A31515\">&quot;tr&quot;</span>, dragSelector: <span style=\"color:#A31515\">&quot;tr &gt; td&quot;</span>, placeHolderClass: <span style=\"color:#A31515\">&quot;placeHolder&quot;</span>, placeHolderTemplate: <span style=\"color:#A31515\">&quot;&lt;td&gt;&lt;/td&gt;&quot;</span>, dragEnd: saveOrder });\r\n\r\n    <span style=\"color:Blue\">function</span> saveOrder() {\r\n      <span style=\"color:Blue\">var</span> serialStr = <span style=\"color:#A31515\">&quot;&quot;</span>;\r\n      $(<span style=\"color:#A31515\">&quot;#table1 tr&quot;</span>).each(<span style=\"color:Blue\">function</span>(i, elm) { serialStr += (i &gt; 0 ? <span style=\"color:#A31515\">&quot;|&quot;</span> : <span style=\"color:#A31515\">&quot;&quot;</span>) + $(elm).children().html(); });\r\n      $(<span style=\"color:#A31515\">&quot;input[name=list1SortOrder]&quot;</span>).val(serialStr);\r\n      alert(serialStr);\r\n    };\r\n  <span style=\"color:Blue\">&lt;/</span><span style=\"color:#A31515\">script</span><span style=\"color:Blue\">&gt;</span>\r\n\r\n  <span style=\"color:Blue\">&lt;</span><span style=\"color:#A31515\">div</span> <span style=\"color:Red\">style</span><span style=\"color:Blue\">=</span><span style=\"color:Blue\">&quot;clear:both;&quot;</span><span style=\"color:Blue\">&gt;</span><span style=\"color:Blue\">&lt;/</span><span style=\"color:#A31515\">div</span><span style=\"color:Blue\">&gt;</span>\r\n<span style=\"color:Blue\">&lt;/</span><span style=\"color:#A31515\">body</span><span style=\"color:Blue\">&gt;</span>\r\n<span style=\"color:Blue\">&lt;/</span><span style=\"color:#A31515\">html</span><span style=\"color:Blue\">&gt;</span>\r\n\r\n</pre>\r\n</div>\r\n</p>\r\n<p>&nbsp;</p>",
    "PostedDate": "2009-12-26T15:53:34.733-08:00",
    "UserRole": null,
    "MarkedAsAnswerDate": null
  },
  {
    "Id": "270901",
    "ThreadId": "70522",
    "Html": "<p>Your code works for me! - (in both firefox and IE6) ... althou i am using an older &quot;DragSort v0.3&quot; .js file</p>\r\n<p><strong>Can you explain further what you mean by &quot;it will drag but not sort&quot;...</strong></p>\r\n<p>I copy &amp; pasted your exact code into a fresh html document... the page dragged&nbsp;&amp; sorted fine...&nbsp;the 'javascript alert'&nbsp;matched the new sorted order displayed in browser!</p>\r\n<p><span style=\"color:#c0c0c0\">A possible problem with your code... try a simpler call to the &quot;dragsort&quot; function (eg. the first line of javascript) Try...</span></p>\r\n<p style=\"padding-left:30px\"><span style=\"color:#c0c0c0\">$(&quot;#table1&quot;).dragsort({ dragSelector: &quot;tr td&quot;, dragEnd: saveOrder });</span></p>\r\n<p><span style=\"color:#000000\">Ignore my suggestion above for simpler call to &quot;dragsort&quot; - it doesn't work with your code! ... </span></p>\r\n<p><span style=\"color:#000000\">Also note most browsers don't refresh javascript cache&nbsp;when clicking the browser &quot;refresh&quot; button... you must either open new browser window or use &quot;ctrl+shift+click browser refresh&quot;</span></p>\r\n<p>&nbsp;I may be totally on the wrong track... as i said, your&nbsp;code already&nbsp;works for me, so i can't test your problem!</p>\r\n<p>&nbsp;Brendon.</p>",
    "PostedDate": "2009-12-26T16:35:11.94-08:00",
    "UserRole": null,
    "MarkedAsAnswerDate": null
  },
  {
    "Id": "272325",
    "ThreadId": "70522",
    "Html": "<p style=\"width:800px\">Thanks for testing this Brendon, this is actually something that will have only stopped working with the 0.3.8 release. Basically 0.3.8 contains a fix to make sortable lists inside sortable lists work. As part of that fix <em>itemSelector</em> must now match elements that are a direct descendant of the container element&nbsp;in this case &quot;#<em>table1&quot;</em> (not the case with <em>dragSelector</em>). The reason it does not work in this example is because browsers actually render tables like this:</p>\r\n<p><span style=\"color:Blue\">&lt;</span><span style=\"color:#a31515\">table</span> <span style=\"color:Red\">id</span><span style=\"color:Blue\">=</span><span style=\"color:Blue\">&quot;table1&quot;</span><span style=\"color:Blue\">&gt;</span><br> &nbsp;<span style=\"color:Blue\">&lt;</span><span style=\"color:#a31515\">tbody</span>&gt;<br> &nbsp;&nbsp;&nbsp;<span style=\"color:Blue\">&lt;</span><span style=\"color:#a31515\">tr</span><span style=\"color:Blue\">&gt;</span><span style=\"color:Blue\">&lt;</span><span style=\"color:#a31515\">td</span><span style=\"color:Blue\">&gt;</span>1<span style=\"color:Blue\">&lt;/</span><span style=\"color:#a31515\">td</span><span style=\"color:Blue\">&gt;</span><span style=\"color:Blue\">&lt;/</span><span style=\"color:#a31515\">tr</span><span style=\"color:Blue\">&gt;</span><br> &nbsp;&nbsp;&nbsp;...<br> &nbsp;<span style=\"color:Blue\">&lt;/</span><span style=\"color:#a31515\">tbody</span><span style=\"color:Blue\">&gt;</span><br> <span style=\"color:Blue\">&lt;/</span><span style=\"color:#a31515\">table</span><span style=\"color:Blue\">&gt;</span></p>\r\n<p style=\"width:800px\">So as you can see <em>tr</em> is not a direct descendant of <em>table</em> but rather <em>tbody</em> is. Since this is not obvious I've made a change to the pending 0.3.10 release to automatically reassign the container as <em>tbody</em>&nbsp;in this scenario:<br><a href=\"../Release/ProjectReleases.aspx?ReleaseId=37479\">http://dragsort.codeplex.com/Release/ProjectReleases.aspx?ReleaseId=37479</a></p>\r\n<p style=\"width:800px\">&nbsp;</p>",
    "PostedDate": "2010-01-01T22:13:23.12-08:00",
    "UserRole": null,
    "MarkedAsAnswerDate": null
  },
  {
    "Id": "420238",
    "ThreadId": "70522",
    "Html": "<p>Hello all,&nbsp; in example.php line 55&nbsp; (version 0.3.10) we have</p>\r\n<div style=\"color:Black;background-color:White\">\r\n<pre>$.post(<span style=\"color:#A31515\">&quot;example.php&quot;</span>, { <span style=\"color:#A31515\"><strong><span style=\"color:#ff0000\">&quot;ids[]&quot;</span></strong></span>: data });\r\n</pre>\r\n</div>\r\n<p>that will generate _POST data like</p>\r\n<pre>Array ( </pre>\r\n<pre>[0] =&gt; Array ( [0] =&gt; 0 ) <br>[1] =&gt; Array ( [0] =&gt; 1 ) <br>[2] =&gt; Array ( [0] =&gt; 2 ) <br>[3] =&gt; Array ( [0] =&gt; 3 ) <br>[4] =&gt; Array ( [0] =&gt; 4 ) <br>[5] =&gt; Array ( [0] =&gt; 5 ) <br>[6] =&gt; Array ( [0] =&gt; 6 ) <br>[7] =&gt; Array ( [0] =&gt; 7 ) <br>[8] =&gt; Array ( [0] =&gt; 8 ) </pre>\r\n<pre>)</pre>\r\n<p>if we change it to:</p>\r\n<div style=\"color:Black;background-color:White\">\r\n<pre>$.post(<span style=\"color:#A31515\">&quot;example.php&quot;</span>, { <span style=\"color:#A31515\"><strong><span style=\"color:#ff0000\">&quot;ids&quot;</span></strong></span>: data });\r\n</pre>\r\n</div>\r\n<p>_POST wil look like:</p>\r\n<pre> Array ( </pre>\r\n<pre>[0] =&gt; 0 <br>[1] =&gt; 1 <br>[2] =&gt; 2 <br>[3] =&gt; 3 <br>[4] =&gt; 4 <br>[5] =&gt; 5 <br>[6] =&gt; 6 <br>[7] =&gt; 7 <br>[8] =&gt; 8 <br>)</pre>\r\n<pre>just for info...</pre>",
    "PostedDate": "2010-03-19T06:34:59.18-07:00",
    "UserRole": null,
    "MarkedAsAnswerDate": null
  },
  {
    "Id": "420518",
    "ThreadId": "70522",
    "Html": "<p>Thanks for mentioning that AnyMaster. The example file is using jQuery 1.3.2 and you are required to pass arrays using <em>{ &quot;ids[]&quot;: data }</em> otherwise _POST will only contain the number 8 instead of the array. It looks like with jQuery 1.4.0 the behaviour has changed to what you are observing now if you used the same code, so would be something to watch out for when upgrading jQuery. However, with jQuery 1.4.2 they've now sorted this so that both <em>{ &quot;ids[]&quot;: data}</em> and <em>{ &quot;ids&quot;: data }</em> will now give the same results for passing arrays. Here's an article with information regarding the change they made in the 1.4 release:</p>\r\n<p><a href=\"http://benalman.com/news/2009/12/jquery-14-param-demystified/\">http://benalman.com/news/2009/12/jquery-14-param-demystified/<br></a><a href=\"http://dev.jquery.com/ticket/6041\">http://dev.jquery.com/ticket/6041</a></p>",
    "PostedDate": "2010-03-20T04:26:12.73-07:00",
    "UserRole": null,
    "MarkedAsAnswerDate": null
  },
  {
    "Id": "420820",
    "ThreadId": "70522",
    "Html": "<blockquote style=\"border:solid .1em #ccc;font-style:italic;margin:.25em 1em 0 1em;padding:0 .25em 0 .25em\"><strong>mcm_ham wrote:</strong><br>\r\n<p>Thanks for mentioning that AnyMaster. <strong>The example file is using jQuery 1.3.2</strong> and you are required to pass arrays using { &quot;ids[]&quot;: data } otherwise _POST will only contain the number 8 instead of the array. I<br>.....</p>\r\n</blockquote>\r\n<p>Line 16 of example.php:</p>\r\n<div style=\"color:Black;background-color:White\">\r\n<pre><span style=\"color:Blue\"><div style=\"color:Black;background-color:White\"><pre><span style=\"color:Blue\">&lt;</span><span style=\"color:#A31515\">script</span> <span style=\"color:Red\">type</span><span style=\"color:Blue\">=</span><span style=\"color:Blue\">&quot;text/javascript&quot;</span> <span style=\"color:Red\">src</span><span style=\"color:Blue\">=</span><span style=\"color:Blue\">&quot;http://ajax.googleapis.com/ajax/libs/jquery/<strong><span style=\"color:#ff0000\">1.4.1</span></strong>/jquery.min.js&quot;</span><span style=\"color:Blue\">&gt;</span><span style=\"color:Blue\">&lt;/</span><span style=\"color:#A31515\">script</span><span style=\"color:Blue\">&gt;</span>\r\n</pre>\r\n</div>\r\n</span></pre>\r\n<pre>;)&nbsp;</pre>\r\n</div>\r\n<p>Anyway, thank you for explanation and for sharing your knowledge.</p>\r\n<p>P:S. Is here a way to send request to server only when some items really reordered, not by click only on item ?</p>",
    "PostedDate": "2010-03-20T08:19:52.153-07:00",
    "UserRole": null,
    "MarkedAsAnswerDate": null
  },
  {
    "Id": "422030",
    "ThreadId": "70522",
    "Html": "<p>Oops, in that case thanks for letting me know (I did debate what version of jQuery to use but thought what I had in the <a href=\"http://dragsort.codeplex.com/SourceControl/list/changesets\">repository</a> is what I used for the last release).</p>\r\n<p>| Is there a way to send request to server only when some items really  reordered, not by click only on item?</p>\r\n<p>That's a fair enough request. I'll look at making that change when I get back from the <a href=\"http://en.wikipedia.org/wiki/Routeburn_Track\">tramp</a> I'm busy packing for now and will let you know.</p>",
    "PostedDate": "2010-03-22T02:49:42.277-07:00",
    "UserRole": null,
    "MarkedAsAnswerDate": null
  },
  {
    "Id": "442009",
    "ThreadId": "70522",
    "Html": "<p>Man please could you explain how it work to save the new sort to data base at asp.net with SQL</p>\r\n<p>the example of the aspx page dosn't&nbsp;  save the new sort&nbsp; or i can't execute the function am a beginner&nbsp; and may be confused .</p>\r\n<p>plz explain the code and if you could give me an example</p>\r\n<p>&nbsp;</p>\r\n<p>my own case that i have a table (image_id , image_name) and a folder that i am saving the image in it</p>\r\n<p>the sorting going well but what i want to do to save the new position of the sort</p>\r\n<p>thank you very much</p>",
    "PostedDate": "2010-05-12T05:40:44.913-07:00",
    "UserRole": null,
    "MarkedAsAnswerDate": null
  },
  {
    "Id": "442889",
    "ThreadId": "70522",
    "Html": "<p>Here's a sample site that saves the ordinal to the database.<br><a href=\"http://cid-05010a422e83cdcf.skydrive.live.com/self.aspx/.Public/DragSort^_SampleSite.zip\">SampleSite.zip</a></p>\r\n<p>Here's a useful post that explains Linq to Sql used in the sample site and it's use of lambda expressions.<br><a href=\"http://weblogs.asp.net/scottgu/archive/2007/11/19/visual-studio-2008-and-net-3-5-released.aspx\">DotNet 3.5 Changes</a></p>\r\n<p>The sample site is in .NET 4 although you can <a href=\"http://weblogs.asp.net/scottgu/archive/2007/06/20/vs-2008-multi-targeting-support.aspx\">target .NET 3.5</a> instead. However, if you need it to run on an earlier version of .NET or some other database instead of MS SQL I can change the sample site to suit. Does this help?</p>",
    "PostedDate": "2010-05-14T06:25:05.877-07:00",
    "UserRole": null,
    "MarkedAsAnswerDate": null
  },
  {
    "Id": "443700",
    "ThreadId": "70522",
    "Html": "<p>Thanks a lot for replaying me but....</p>\r\n<p>&nbsp;</p>\r\n<p>i am not familiar with linque&nbsp; tech so if you please could do the example with the usual ado tech (sqlconnection, sqlcommand and so on...) and with repeater</p>\r\n<p>i will be very thankful</p>\r\n<p>and am sorry for that&nbsp; but am still beginner</p>\r\n<p>thank you very much</p>\r\n<p>&nbsp;</p>",
    "PostedDate": "2010-05-17T03:17:00.36-07:00",
    "UserRole": null,
    "MarkedAsAnswerDate": null
  },
  {
    "Id": "443757",
    "ThreadId": "70522",
    "Html": "<p>Ok here is a .NET 2 version without the Linq stuff:<br><a href=\"http://cid-05010a422e83cdcf.skydrive.live.com/self.aspx/.Public/Dragsort^_SampleSite^_DotNet2.zip?sa=324883282\">SampleSite2.zip</a></p>\r\n<p>This does use <a href=\"http://weblogs.asp.net/scottgu/archive/2003/11/03/35645.aspx\">C# Generics</a> to separate the database logic from the data objects but can remove it's use if you like.</p>",
    "PostedDate": "2010-05-17T05:53:02.483-07:00",
    "UserRole": null,
    "MarkedAsAnswerDate": null
  },
  {
    "Id": "445351",
    "ThreadId": "70522",
    "Html": "Thank you very much man \r\n\r\nits work good \r\n\r\nif you are going to Egypt any time just tell me =)\r\n\r\nyou will be my  guest \r\n\r\nthanks a lot  ",
    "PostedDate": "2010-05-20T04:31:14.973-07:00",
    "UserRole": null,
    "MarkedAsAnswerDate": null
  },
  {
    "Id": "452243",
    "ThreadId": "70522",
    "Html": "This discussion has been copied to a work item. Click <a href=\"http://dragsort.codeplex.com/workitem/27382\">here</a> to go to the work item and continue the discussion.",
    "PostedDate": "2010-06-06T15:56:27.59-07:00",
    "UserRole": null,
    "MarkedAsAnswerDate": null
  }
]