[
  {
    "Id": "260101",
    "ThreadId": "76046",
    "Html": "<p>My goal is this:</p>\r\n<p>1. Create a horizontal plan of parent menus,&nbsp; The order of the parent menus can be changed by dragging the parents from right to left.<br>2. Create sub menus for each parent menu.&nbsp; The sub menu items load in a vertical list beneath each parent.&nbsp; <br>&nbsp;&nbsp;&nbsp; The sub menu items may be sorted vertically,&nbsp; or may be dragged from one parent to another.</p>\r\n<p>Here is what i have so far:</p>\r\n<pre>&lt;!--CTYPE html PUBLIC &quot;-//W3C//DTD XHTML 1.0 Transitional//EN&quot; &quot;http://www.w3.org/TR/xhtml1/DTD/xhtml1-transitional.dt--&gt;\r\n\r\n\r\n&lt;!--\r\nbody {\r\n\tfont-family: Arial;\r\n\tfont-size:12pt;\r\n\tpadding:20px;\r\n\twidth: 800px;\r\n\tmargin:auto;\r\n\tborder:solid 1px black;\r\n\tpadding-top: 20px;\r\n\tmargin-top:20px;\r\n}\r\nh1 {\r\n\tfont-size: 16pt;\r\n}\r\nh2 {\r\n\tfont-size: 13pt;\r\n}\r\nul {\r\n\tmargin:0px;\r\n\tpadding:0px;\r\n\tmargin-left:20px;\r\n}\r\n.menuholder {\r\n\tbackground-color:#000;\r\n\twidth:100%;\r\n\theight:35px;\r\n}\r\n#AllMenus {\r\n\twidth:100%;\r\n\tmargin:0px;\r\n\tpadding:0px;\r\n\tmargin-left:0px;\r\n\tlist-style-type:none;\r\n\tborder:none;\r\n\tfont-size:10px;\r\n}\r\n#AllMenus li {\r\n\tfloat:left;\r\n\tmin-width:100px;\r\n\tborder:none;\r\n\tpadding:0px;\r\n\tmargin:0px;\r\n}\r\n#AllMenus li div {\r\n\theight:33px;\r\n\tmin-width:114px;\r\n\tmargin:0px;\r\n\tborder:solid 1px black;\r\n\ttext-align:center;\r\n\tvertical-align:top;\r\n}\r\n.parentmenu_item {\r\n\twidth:100px;\r\n\tbackground-color:#000;\r\n\tcolor:#FFF;\r\n\tborder:1px solid black;\r\n\tpadding-top:10px;\r\n\tpadding-bottom:9px;\r\n\tpadding-right:6px;\r\n\tpadding-left:6px;\r\n\ttext-align:center;\r\n\tdisplay:block;\r\n\tmargin-bottom:0px;\r\n\tborder-right:#242424 1px solid;\r\n\tvertical-align:top;\r\n}\r\n.placeHolder div {\r\n\tbackground-color: #0FF !important;\r\n\tborder: dashed 1px gray !important;\r\n\twidth:53px;\r\n}\r\n#babylist, #babylist2, #babylist3, #babylist4 {\r\n\twidth:114px;\r\n\tlist-style-type: none;\r\n\tmargin:0px;\r\n\tborder:none;\r\n\tpadding:0px;\r\n\tpadding:none;\r\n}\r\n#babylist li, #babylist2 li, #babylist3 li, #babylist4 li {\r\n\tfloat:left;\r\n\twidth:100px;\r\n\tbackground-color:#333;\r\n\tcolor:#CCC;\r\n\ttext-align:left;\r\n\tpadding:6px;\r\n\tborder-bottom:1px solid #000;\r\n}\r\n--&gt;\r\n\r\n\r\n<h1>jQuery List DragSort Example</h1>\r\n<a href=\"http://dragsort.codeplex.com/\">Homepage</a><br>\r\n<br>\r\n<h2>PARENT MENUS</h2>\r\n&lt;form enctype=&quot;application/x-www-form-urlencoded&quot; method=&quot;get&quot;&gt;\r\n  &lt;input id=&quot;ParentsortOrder&quot; name=&quot;ParentsortOrder&quot; size=&quot;100&quot; type=&quot;text&quot; /&gt;\r\n  &lt;button class=&quot;submit3&quot;&gt;<span>Save &amp; Continue...</span>&lt;/button&gt;\r\n&lt;/form&gt;\r\n\r\n<br>\r\n<br>\r\n<div style=\"height:500px\">\r\n<div>\r\n&lt;!--For Background Menu Bar --&gt;\r\n&lt;!--Menus List --&gt;\r\n<ul id=AllMenus>\r\n        &lt;!--Top Menu --&gt;\r\n        <li id=P1>\r\n          <div> <span> Menu 1 </span>\r\n            &lt;!--Child Menus --&gt;\r\n            <ul id=babylist>\r\n              <li id=s1><span id=spandex>My Pictures </span>\r\n              </li><li id=s2><span id=spandex>My Music </span>\r\n              </li><li id=s3><span>My Docs </span>\r\n              </li><li id=s4><span>My Friends </span>\r\n              </li><li id=s5><span>My Books </span>\r\n              </li><li id=s6><span>My Computer </span>\r\n              </li><li id=s7><span>My Network </span>\r\n              </li><li id=s8><span>My Test </span>\r\n            </li></ul>\r\n          </div>\r\n        \r\n\r\n\r\n        &lt;!--Top Menu --&gt;\r\n        </li><li id=P2>\r\n          <div> <span> Menu 2 </span>\r\n            &lt;!--Child Menus --&gt;\r\n            <ul id=babylist2>\r\n              <li id=s9><span>Milk</span>\r\n              </li><li id=s10><span>Cheese </span>\r\n              </li><li id=s11><span>Eggs </span>\r\n              </li><li id=s12><span>Bacon </span>\r\n              </li><li id=s13><span>Flour </span>\r\n            </li></ul>\r\n          </div>\r\n        \r\n\r\n\r\n        &lt;!--Top Menu --&gt;\r\n        </li><li id=P3>\r\n          <div> <span> Menu 3 </span>\r\n            &lt;!--Child Menus --&gt;\r\n            <ul id=babylist3>\r\n              <li id=s14><span>Cow</span>\r\n              </li><li id=s15><span>Pig </span>\r\n              </li><li id=s16><span>Horse </span>\r\n              </li><li id=s17><span>Lamb </span>\r\n            </li></ul>\r\n          </div>\r\n        \r\n\r\n\r\n        &lt;!--Top Menu --&gt;\r\n        </li><li id=P4>\r\n          <div> <span> Menu 4 </span>\r\n            &lt;!--Child Menus --&gt;\r\n            <ul id=babylist4>\r\n              <li id=s19><span>Bob</span>\r\n              </li><li id=s20><span>Kevin </span>\r\n              </li><li id=s21><span>Nancy </span>\r\n              </li><li id=s22><span>Stacy </span>\r\n              </li><li id=s23><span>Rochelle </span>\r\n            </li></ul>\r\n          </div>\r\n        \r\n</li></ul>  \r\n</div>  &lt;!--End Top Menu Bkr --&gt;\r\n</div>  &lt;!--End Background --&gt;\r\n\r\n&lt;!--MY ATTEMPT TO SORT THE CHILD MENU &quot;BABY LIST&quot; ITEMS INTO A DIFFERENT PARENT OR TO RE ORDER... --&gt;\r\n\r\n\r\n\r\n</pre>",
    "PostedDate": "2009-11-23T22:00:38.023-08:00",
    "UserRole": null,
    "MarkedAsAnswerDate": null
  },
  {
    "Id": "260102",
    "ThreadId": "76046",
    "Html": "<p>&lt;!DOCTYPE html PUBLIC &quot;-//W3C//DTD XHTML 1.0 Transitional//EN&quot; &quot;http://www.w3.org/TR/xhtml1/DTD/xhtml1-transitional.dtd&quot;&gt;</p>\r\n<p>&lt;html xmlns=&quot;http://www.w3.org/1999/xhtml&quot;&gt;</p>\r\n<p>&lt;head&gt;</p>\r\n<p>&lt;script type=&quot;text/javascript&quot; src=&quot;http://ajax.googleapis.com/ajax/libs/jquery/1.3.2/jquery.min.js&quot;&gt;&lt;/script&gt;</p>\r\n<p>&lt;script type=&quot;text/javascript&quot; src=&quot;dragsort-0.3.7.min.js&quot;&gt;&lt;/script&gt;</p>\r\n<p>&lt;style type=&quot;text/css&quot;&gt;</p>\r\n<p>body {</p>\r\n<p>font-family: Arial;</p>\r\n<p>font-size:12pt;</p>\r\n<p>padding:20px;</p>\r\n<p>width: 800px;</p>\r\n<p>margin:auto;</p>\r\n<p>border:solid 1px black;</p>\r\n<p>padding-top: 20px;</p>\r\n<p>margin-top:20px;</p>\r\n<p>}</p>\r\n<p>h1 {</p>\r\n<p>font-size: 16pt;</p>\r\n<p>}</p>\r\n<p>h2 {</p>\r\n<p>font-size: 13pt;</p>\r\n<p>}</p>\r\n<p>ul {</p>\r\n<p>margin:0px;</p>\r\n<p>padding:0px;</p>\r\n<p>margin-left:20px;</p>\r\n<p>}</p>\r\n<p>.menuholder {</p>\r\n<p>background-color:#000;</p>\r\n<p>width:100%;</p>\r\n<p>height:35px;</p>\r\n<p>}</p>\r\n<p>#AllMenus {</p>\r\n<p>width:100%;</p>\r\n<p>margin:0px;</p>\r\n<p>padding:0px;</p>\r\n<p>margin-left:0px;</p>\r\n<p>list-style-type:none;</p>\r\n<p>border:none;</p>\r\n<p>font-size:10px;</p>\r\n<p>}</p>\r\n<p>#AllMenus li {</p>\r\n<p>float:left;</p>\r\n<p>min-width:100px;</p>\r\n<p>border:none;</p>\r\n<p>padding:0px;</p>\r\n<p>margin:0px;</p>\r\n<p>}</p>\r\n<p>#AllMenus li div {</p>\r\n<p>height:33px;</p>\r\n<p>min-width:114px;</p>\r\n<p>margin:0px;</p>\r\n<p>border:solid 1px black;</p>\r\n<p>text-align:center;</p>\r\n<p>vertical-align:top;</p>\r\n<p>}</p>\r\n<p>.parentmenu_item {</p>\r\n<p>width:100px;</p>\r\n<p>background-color:#000;</p>\r\n<p>color:#FFF;</p>\r\n<p>border:1px solid black;</p>\r\n<p>padding-top:10px;</p>\r\n<p>padding-bottom:9px;</p>\r\n<p>padding-right:6px;</p>\r\n<p>padding-left:6px;</p>\r\n<p>text-align:center;</p>\r\n<p>display:block;</p>\r\n<p>margin-bottom:0px;</p>\r\n<p>border-right:#242424 1px solid;</p>\r\n<p>vertical-align:top;</p>\r\n<p>}</p>\r\n<p>.placeHolder div {</p>\r\n<p>background-color: #0FF !important;</p>\r\n<p>border: dashed 1px gray !important;</p>\r\n<p>width:53px;</p>\r\n<p>}</p>\r\n<p>#babylist, #babylist2, #babylist3, #babylist4 {</p>\r\n<p>width:114px;</p>\r\n<p>list-style-type: none;</p>\r\n<p>margin:0px;</p>\r\n<p>border:none;</p>\r\n<p>padding:0px;</p>\r\n<p>padding:none;</p>\r\n<p>}</p>\r\n<p>#babylist li, #babylist2 li, #babylist3 li, #babylist4 li {</p>\r\n<p>float:left;</p>\r\n<p>width:100px;</p>\r\n<p>background-color:#333;</p>\r\n<p>color:#CCC;</p>\r\n<p>text-align:left;</p>\r\n<p>padding:6px;</p>\r\n<p>border-bottom:1px solid #000;</p>\r\n<p>}</p>\r\n<p>&lt;/style&gt;</p>\r\n<p>&lt;/head&gt;</p>\r\n<p>&lt;body&gt;</p>\r\n<p>&lt;h1&gt;jQuery List DragSort Example&lt;/h1&gt;</p>\r\n<p>&lt;a href=&quot;http://dragsort.codeplex.com/&quot;&gt;Homepage&lt;/a&gt;&lt;br/&gt;</p>\r\n<p>&lt;br/&gt;</p>\r\n<p>&lt;h2&gt;PARENT MENUS&lt;/h2&gt;</p>\r\n<p>&lt;form name=&quot;sortForm&quot; method=&quot;get&quot;&gt;</p>\r\n<p>&lt;input name=&quot;ParentsortOrder&quot; type=&quot;text&quot; id=&quot;ParentsortOrder&quot; size=&quot;100&quot;&gt;</p>\r\n<p>&lt;button type=&quot;submit&quot; class=&quot;submit3&quot; name=&quot;submit&quot;&gt;&lt;span&gt;Save &amp; Continue...&lt;/span&gt;&lt;/button&gt;</p>\r\n<p>&lt;/form&gt;</p>\r\n<p>&lt;div style=&quot;clear:both;&quot;&gt;&lt;/div&gt;</p>\r\n<p>&lt;br /&gt;</p>\r\n<p>&lt;br /&gt;</p>\r\n<p>&lt;div style=&quot;background-image:url(../Users/all/bkri/fs/phase_8.jpg); min-width:500px; height:500px; max-width:1920px;&quot;&gt;</p>\r\n<p>&lt;div class=&quot;menuholder&quot;&gt;</p>\r\n<p>&lt;!--For Background Menu Bar --&gt;</p>\r\n<p>&lt;!--Menus List --&gt;</p>\r\n<p>&lt;ul id=&quot;AllMenus&quot;&gt;</p>\r\n<p>&lt;!--Top Menu --&gt;</p>\r\n<p>&lt;li id=&quot;P1&quot;&gt;</p>\r\n<p>&lt;div&gt; &lt;span class=&quot;parentmenu_item&quot;&gt; Menu 1 &lt;/span&gt;</p>\r\n<p>&lt;!--Child Menus --&gt;</p>\r\n<p>&lt;ul id=&quot;babylist&quot;&gt;</p>\r\n<p>&lt;li id=&quot;s1&quot;&gt;&lt;span id=&quot;spandex&quot;&gt;My Pictures &lt;/span&gt;&lt;/li&gt;</p>\r\n<p>&lt;li id=&quot;s2&quot;&gt;&lt;span id=&quot;spandex&quot;&gt;My Music &lt;/span&gt;&lt;/li&gt;</p>\r\n<p>&lt;li id=&quot;s3&quot;&gt;&lt;span&gt;My Docs &lt;/span&gt;&lt;/li&gt;</p>\r\n<p>&lt;li id=&quot;s4&quot;&gt;&lt;span&gt;My Friends &lt;/span&gt;&lt;/li&gt;</p>\r\n<p>&lt;li id=&quot;s5&quot;&gt;&lt;span&gt;My Books &lt;/span&gt;&lt;/li&gt;</p>\r\n<p>&lt;li id=&quot;s6&quot;&gt;&lt;span&gt;My Computer &lt;/span&gt;&lt;/li&gt;</p>\r\n<p>&lt;li id=&quot;s7&quot;&gt;&lt;span&gt;My Network &lt;/span&gt;&lt;/li&gt;</p>\r\n<p>&lt;li id=&quot;s8&quot;&gt;&lt;span&gt;My Test &lt;/span&gt;&lt;/li&gt;</p>\r\n<p>&lt;/ul&gt;</p>\r\n<p>&lt;/div&gt;</p>\r\n<p>&lt;/li&gt;</p>\r\n<p>&lt;!--Top Menu --&gt;</p>\r\n<p>&lt;li id=&quot;P2&quot;&gt;</p>\r\n<p>&lt;div&gt; &lt;span class=&quot;parentmenu_item&quot;&gt; Menu 2 &lt;/span&gt;</p>\r\n<p>&lt;!--Child Menus --&gt;</p>\r\n<p>&lt;ul id=&quot;babylist2&quot;&gt;</p>\r\n<p>&lt;li id=&quot;s9&quot;&gt;&lt;span&gt;Milk&lt;/span&gt;&lt;/li&gt;</p>\r\n<p>&lt;li id=&quot;s10&quot;&gt;&lt;span&gt;Cheese &lt;/span&gt;&lt;/li&gt;</p>\r\n<p>&lt;li id=&quot;s11&quot;&gt;&lt;span&gt;Eggs &lt;/span&gt;&lt;/li&gt;</p>\r\n<p>&lt;li id=&quot;s12&quot;&gt;&lt;span&gt;Bacon &lt;/span&gt;&lt;/li&gt;</p>\r\n<p>&lt;li id=&quot;s13&quot;&gt;&lt;span&gt;Flour &lt;/span&gt;&lt;/li&gt;</p>\r\n<p>&lt;/ul&gt;</p>\r\n<p>&lt;/div&gt;</p>\r\n<p>&lt;/li&gt;</p>\r\n<p>&lt;!--Top Menu --&gt;</p>\r\n<p>&lt;li id=&quot;P3&quot;&gt;</p>\r\n<p>&lt;div&gt; &lt;span class=&quot;parentmenu_item&quot;&gt; Menu 3 &lt;/span&gt;</p>\r\n<p>&lt;!--Child Menus --&gt;</p>\r\n<p>&lt;ul id=&quot;babylist3&quot;&gt;</p>\r\n<p>&lt;li id=&quot;s14&quot;&gt;&lt;span&gt;Cow&lt;/span&gt;&lt;/li&gt;</p>\r\n<p>&lt;li id=&quot;s15&quot;&gt;&lt;span&gt;Pig &lt;/span&gt;&lt;/li&gt;</p>\r\n<p>&lt;li id=&quot;s16&quot;&gt;&lt;span&gt;Horse &lt;/span&gt;&lt;/li&gt;</p>\r\n<p>&lt;li id=&quot;s17&quot;&gt;&lt;span&gt;Lamb &lt;/span&gt;&lt;/li&gt;</p>\r\n<p>&lt;/ul&gt;</p>\r\n<p>&lt;/div&gt;</p>\r\n<p>&lt;/li&gt;</p>\r\n<p>&lt;!--Top Menu --&gt;</p>\r\n<p>&lt;li id=&quot;P4&quot;&gt;</p>\r\n<p>&lt;div&gt; &lt;span class=&quot;parentmenu_item&quot;&gt; Menu 4 &lt;/span&gt;</p>\r\n<p>&lt;!--Child Menus --&gt;</p>\r\n<p>&lt;ul id=&quot;babylist4&quot;&gt;</p>\r\n<p>&lt;li id=&quot;s19&quot;&gt;&lt;span&gt;Bob&lt;/span&gt;&lt;/li&gt;</p>\r\n<p>&lt;li id=&quot;s20&quot;&gt;&lt;span&gt;Kevin &lt;/span&gt;&lt;/li&gt;</p>\r\n<p>&lt;li id=&quot;s21&quot;&gt;&lt;span&gt;Nancy &lt;/span&gt;&lt;/li&gt;</p>\r\n<p>&lt;li id=&quot;s22&quot;&gt;&lt;span&gt;Stacy &lt;/span&gt;&lt;/li&gt;</p>\r\n<p>&lt;li id=&quot;s23&quot;&gt;&lt;span&gt;Rochelle &lt;/span&gt;&lt;/li&gt;</p>\r\n<p>&lt;/ul&gt;</p>\r\n<p>&lt;/div&gt;</p>\r\n<p>&lt;/li&gt;</p>\r\n<p>&lt;/ul&gt;</p>\r\n<p>&lt;/div&gt; &lt;!--End Top Menu Bkr --&gt;</p>\r\n<p>&lt;/div&gt; &lt;!--End Background --&gt;</p>\r\n<p>&lt;script type=&quot;text/javascript&quot;&gt;</p>\r\n<p>// this tells the sort script to do its thing</p>\r\n<p>$(&quot;#AllMenus&quot;).dragsort({ dragSelector: &quot;span&quot;, dragEnd: saveOrder });</p>\r\n<p>&nbsp;</p>\r\n<p>// this is the function that puts the new sort order into a string</p>\r\n<p>function saveOrder() {</p>\r\n<p>var serialStr = &quot;&quot;;</p>\r\n<p>$(&quot;#AllMenus li&quot;).each(function(i, elm) { serialStr += (i &gt; 0 ? &quot;,&quot; : &quot;&quot;) + $(elm).attr(&quot;id&quot;); });</p>\r\n<p>&nbsp;</p>\r\n<p>// this dynamically updates string to hidden form field</p>\r\n<p>document.getElementById('ParentsortOrder').value = serialStr;</p>\r\n<p>};</p>\r\n<p>&lt;/script&gt;</p>\r\n<p>&lt;!--MY ATTEMPT TO SORT THE CHILD MENU &quot;BABY LIST&quot; ITEMS INTO A DIFFERENT PARENT OR TO RE ORDER... --&gt;</p>\r\n<p>&lt;script type=&quot;text/javascript&quot;&gt;</p>\r\n<p>$(&quot;#babylist, #babylist2, #babylist3, #babylist4&quot;).dragsort({ dragSelector: &quot; li &gt; #spandex&quot;, dragBetween: true });</p>\r\n<p>&lt;/script&gt;</p>\r\n<p>&lt;div style=&quot;clear:both;&quot;&gt;&lt;/div&gt;</p>\r\n<p>&lt;/body&gt;</p>\r\n<p>&lt;/html&gt;</p>",
    "PostedDate": "2009-11-23T22:01:35.693-08:00",
    "UserRole": null,
    "MarkedAsAnswerDate": null
  },
  {
    "Id": "260536",
    "ThreadId": "76046",
    "Html": "<p>Interesting example, thanks for posting this. I guess the first problem is that I haven't really provided very good  documentation, so will look at doing that at some stage, but here is a  quick explanation. jQuery uses CSS selectors to retrieve page elements  so:<br> <br> $(&quot;#AllMenus&quot;).dragsort({ dragSelector: &quot;span&quot;, dragEnd:  saveOrder });<br> &nbsp;&nbsp;&nbsp;&nbsp;&nbsp;&nbsp;&nbsp;&nbsp; &uarr;&nbsp;&nbsp;&nbsp;&nbsp;&nbsp;&nbsp;&nbsp;&nbsp;&nbsp;&nbsp;&nbsp;&nbsp;&nbsp;&nbsp;&nbsp;&nbsp;&nbsp;&nbsp;&nbsp;&nbsp;&nbsp;&nbsp;&nbsp;&nbsp;&nbsp;&nbsp;&nbsp;&nbsp;&nbsp;&nbsp;&nbsp;&nbsp;&nbsp;&nbsp;&nbsp;&nbsp;&nbsp;&nbsp;&nbsp;&nbsp;&nbsp;&nbsp;&nbsp;&nbsp;&nbsp;&nbsp;&nbsp;&nbsp;&nbsp;&nbsp; &uarr;<br> &nbsp; matches the UL tag&nbsp;&nbsp;&nbsp;&nbsp;&nbsp;&nbsp;&nbsp;&nbsp;&nbsp;&nbsp;&nbsp;&nbsp;&nbsp;&nbsp;&nbsp;&nbsp;&nbsp;&nbsp;&nbsp;&nbsp;&nbsp;&nbsp;&nbsp; matches any span elements  inside the UL tag (i.e. #AllMenus span)<br> <br> The dragSelector is used to specify what element you need to click on if  you want to drag and drop the LI tag (if it's not specified then the LI  tag is used so that clicking anywhere inside it will move it). Therefore the problem is that when you click on the span  tag in the child menu you will end up moving the parent menu as well, so  the fix is simple enough:<br> <br> <strong>$(&quot;#AllMenus&quot;).dragsort({ dragSelector: &quot;.parentmenu_item&quot;, dragEnd:  saveOrder });</strong><br> <br> The second problem has highlighted a bug in the code. When you click on  the element specified by the drag selector I first test to see if it's  the LI tag and if not I then keep looking at the parent elements until I find the  LI tag and then proceed to move that tag to where you cursor is.  The problem is I'm not stopping at the first parent LI tag I find and so I move all  parent LI tags i.e. the parent menu as well. In your case however there's no need to make a child element the drag selector so leaving it at the default of LI won't experience this bug (will be fixed in the next version released):<br> <br> <strong>$(&quot;#babylist, #babylist2, #babylist3, #babylist4&quot;).dragsort({ dragBetween: true</strong><strong>, dragEnd:  saveOrder</strong><strong> });</strong></p>",
    "PostedDate": "2009-11-25T02:28:33.447-08:00",
    "UserRole": null,
    "MarkedAsAnswerDate": null
  }
]