[
  {
    "Id": "898327",
    "ThreadId": "391116",
    "Html": "\r\n<p>Hi, really nice plugin.</p>\r\n<p>I would like to ask if it is somehow&nbsp;possible adopt it for using on touch devices like ipad or iphone.&nbsp;I tried to use simulated events, in particular&nbsp;<a href=\"https://github.com/furf/jquery-ui-touch-punch\">jQuery UI Touch Punch</a>, but nothing\r\n helps.</p>\r\n<p>So, is it somehow possible use it on touch devices like ipad or iphone???</p>\r\n<p>&nbsp;</p>\r\n<p>Thank you.</p>\r\n",
    "PostedDate": "2012-08-11T03:52:20.04-07:00",
    "UserRole": null,
    "MarkedAsAnswerDate": null
  },
  {
    "Id": "927373",
    "ThreadId": "391116",
    "Html": "<p>My gut would guide me to a lightweight mobile-only standalone&nbsp;library&nbsp;like QuoJS or HammerJS which at first glance seem to have minimum conflict with jQuery/UI and the amazing DragSort library.</p>\r\n<p>&nbsp;</p>\r\n<p>Also look into HTML5 Libraries that offer drag/drop like&nbsp;<a href=\"http://kineticjs.com/\">http://kineticjs.com/</a>&nbsp;- although you'd have to most likely re-write your app/script.<br /><br />Source:&nbsp;http://www.queness.com/post/11755/11-multi-touch-and-touch-events-javascript-libraries &amp;&nbsp;<a href=\"http://kineticjs.com/\">http://kineticjs.com/</a>&nbsp;&amp;&nbsp;<a href=\"http://caniuse.com/\">http://caniuse.com/</a></p>",
    "PostedDate": "2012-10-16T06:45:19.123-07:00",
    "UserRole": null,
    "MarkedAsAnswerDate": null
  },
  {
    "Id": "1126021",
    "ThreadId": "391116",
    "Html": "<strong>Nickkk wrote:</strong><br />\n<blockquote>\nHi, really nice plugin. I would like to ask if it is somehow&nbsp;possible adopt it for using on touch devices like ipad or iphone.&nbsp;I tried to use simulated events, in particular&nbsp;jQuery UI Touch Punch, but nothing helps. So, is it somehow possible use it on touch devices like ipad or iphone??? &nbsp; Thank you.<br />\n</blockquote>\n@ Nickkk did you get it working?\r<br />\n<br />\nRegards,\r<br />\nDetky<br />\n",
    "PostedDate": "2013-11-18T06:55:32.867-08:00",
    "UserRole": null,
    "MarkedAsAnswerDate": null
  }
]