[
  {
    "Id": "610412",
    "ThreadId": "257096",
    "Html": "\r\n<p>I'm trying to retreive a sorted list of the image id's... to pass in a form variable to another form.&nbsp; This is based off some other code I found here, but I can't seem to get it to work.</p>\r\n<p>The problem is that the sortOrder() function does not seem to be called - I have an alert call in there that never gets fired and the sortOrder field never gets updated... any thoughts on what I'm missing?</p>\r\n<p>here is my code:</p>\r\n<p><span style=\"color:#0000ff\">&lt;!DOCTYPE html PUBLIC &quot;-//W3C//DTD XHTML 1.0 Transitional//EN&quot; &quot;<a href=\"http://www.w3.org/TR/xhtml1/DTD/xhtml1-transitional.dtd\">http://www.w3.org/TR/xhtml1/DTD/xhtml1-transitional.dtd</a>&quot;&gt;</span></p>\r\n<p><span style=\"color:#0000ff\">&lt;html xmlns=&quot;<a href=\"http://www.w3.org/1999/xhtml\">http://www.w3.org/1999/xhtml</a>&quot;&gt;</span><br>\r\n<span style=\"color:#0000ff\">&lt;head&gt;</span><br>\r\n<span style=\"color:#0000ff\">&lt;script type=&quot;text/javascript&quot; src=&quot;<a href=\"http://ajax.googleapis.com/ajax/libs/jquery/1.5.1/jquery.min.js\">http://ajax.googleapis.com/ajax/libs/jquery/1.5.1/jquery.min.js&quot;&gt;&lt;/script</a>&gt;</span><br>\r\n<span style=\"color:#0000ff\">&lt;script type=&quot;text/javascript&quot; src=&quot;jquery.dragsort-0.4.2.min.js&quot;&gt;&lt;/script&gt;</span></p>\r\n<p><span style=\"color:#0000ff\">&lt;style type=&quot;text/css&quot;&gt;</span><br>\r\n<span style=\"color:#0000ff\">&nbsp;&nbsp;ul { margin:0px; padding:0px; margin-left:20px; }</span><br>\r\n<span style=\"color:#0000ff\">&nbsp;&nbsp;.list1, .list2 { width:250px; list-style-type:none; margin:0px; }</span><br>\r\n<span style=\"color:#0000ff\">&nbsp;&nbsp;.list1 li { float:left; padding:5px;&nbsp; }</span><br>\r\n<span style=\"color:#0000ff\">&nbsp;&nbsp;.list1 div { border:solid 1px black; background-color:#E0E0E0; text-align:center; margin-top:30px; padding-top:0px; }</span><br>\r\n<span style=\"color:#0000ff\">&nbsp;&nbsp;.placeHolder div { background-color:white !important; border:dashed 1px gray !important; }</span><br>\r\n<span style=\"color:#0000ff\">&lt;/style&gt;</span></p>\r\n<p><span style=\"color:#0000ff\">&lt;script type=&quot;text/javascript&quot;&gt;</span><br>\r\n<span style=\"color:#0000ff\">// this tells the sort script to do its thing</span><br>\r\n<span style=\"color:#0000ff\">$(&quot;#gallery&quot;).dragsort({ dragSelector: &quot;li div&quot;, dragBetween: true, dragEnd: saveOrder();, placeHolderTemplate: &quot;&lt;li class='placeHolder'&gt;&lt;div&gt;&lt;/div&gt;&lt;/li&gt;&quot; });</span></p>\r\n<p><span style=\"color:#0000ff\">// this is the function that puts the new sort order into a string</span><br>\r\n<span style=\"color:#0000ff\">function saveOrder() {</span><br>\r\n<span style=\"color:#0000ff\">&nbsp;&nbsp;&nbsp; var serialStr = &quot;&quot;;</span></p>\r\n<p><span style=\"color:#0000ff\">&nbsp;&nbsp;&nbsp; $(&quot;#gallery li&quot;).each(function(i, elm) { serialStr &#43;= (i &gt; 0 ? &quot;|&quot; : &quot;&quot;) &#43; $(elm).attr(&quot;id&quot;); });</span></p>\r\n<p><span style=\"color:#0000ff\">// this dynamically updates string to hidden form field</span><br>\r\n<span style=\"color:#0000ff\">&nbsp;&nbsp;&nbsp; document.getElementById('sortOrder').value = serialStr;</span><br>\r\n<span style=\"color:#0000ff\">&nbsp;alert(serialStr);</span><br>\r\n<span style=\"color:#0000ff\">&nbsp;</span><br>\r\n<span style=\"color:#0000ff\">};</span><br>\r\n<span style=\"color:#0000ff\">&lt;/script&gt;</span></p>\r\n<p><span style=\"color:#0000ff\">&lt;/head&gt;</span><br>\r\n<span style=\"color:#0000ff\">&lt;body&gt;&nbsp;</span></p>\r\n<p><span style=\"color:#0000ff\">&lt;div id=&quot;gallery&quot;&gt;</span><br>\r\n<span style=\"color:#0000ff\">&lt;ul class=&quot;list1&quot;&gt;</span><br>\r\n<span style=\"color:#0000ff\">&nbsp;&nbsp; &lt;li id=&quot;1&quot;&gt;&lt;div &gt;&lt;img alt=&quot;1&quot; src=&quot;1.png&quot; /&gt;&lt;/div&gt;&lt;/li&gt;</span><br>\r\n<span style=\"color:#0000ff\">&nbsp;&nbsp; &lt;li id=&quot;2&quot;&gt;&lt;div &gt;&lt;img alt=&quot;2&quot; src=&quot;2.png&quot; /&gt;&lt;/div&gt;&lt;/li&gt;</span><br>\r\n<span style=\"color:#0000ff\">&nbsp;&nbsp; &lt;li id=&quot;3&quot;&gt;&lt;div &gt;&lt;img alt=&quot;3&quot; src=&quot;3.png&quot; /&gt;&lt;/div&gt;&lt;/li&gt;</span><br>\r\n<span style=\"color:#0000ff\">&nbsp;&nbsp; &lt;li id=&quot;4&quot;&gt;&lt;div &gt;&lt;img alt=&quot;4&quot; src=&quot;4.png&quot; /&gt;&lt;/div&gt;&lt;/li&gt;\r\n</span><br>\r\n<span style=\"color:#0000ff\">&lt;/ul&gt;</span><br>\r\n<span style=\"color:#0000ff\">&lt;/div&gt;</span></p>\r\n<p><br>\r\n<span style=\"color:#0000ff\">&lt;script type=&quot;text/javascript&quot;&gt;</span><br>\r\n<span style=\"color:#0000ff\">&nbsp;$(&quot;ul:first&quot;).dragsort();</span><br>\r\n<span style=\"color:#0000ff\">&lt;/script&gt;</span><br>\r\n<span style=\"color:#0000ff\">&lt;br/&gt;</span><br>\r\n<span style=\"color:#0000ff\">&lt;div&gt;</span><br>\r\n<span style=\"color:#0000ff\">&lt;form name=&quot;sortForm&quot; action=&quot;save-sort.asp&quot; method=&quot;post&quot;&gt;</span><br>\r\n<span style=\"color:#0000ff\">&nbsp;&nbsp;&nbsp; &lt;input type=&quot;hidden&quot; id=&quot;sortOrder&quot; name=&quot;sortOrder&quot;&nbsp; /&gt;</span><br>\r\n<span style=\"color:#0000ff\">&nbsp;&nbsp;&nbsp;&nbsp;&nbsp;&nbsp;&nbsp; &lt;button type=&quot;submit&quot; class=&quot;submit3&quot; name=&quot;submit&quot;&gt;&lt;span&gt;Save &amp;amp; Continue...&lt;/span&gt;&lt;/button&gt;</span><br>\r\n<span style=\"color:#0000ff\">&lt;/form&gt;</span><br>\r\n<span style=\"color:#0000ff\">&lt;/div&gt;</span></p>\r\n<p><span style=\"color:#0000ff\">&nbsp;</span></p>\r\n<p><span style=\"color:#0000ff\">&lt;/body&gt;</span><br>\r\n<span style=\"color:#0000ff\">&lt;/html&gt;</span></p>\r\n",
    "PostedDate": "2011-05-10T11:18:49.263-07:00",
    "UserRole": null,
    "MarkedAsAnswerDate": null
  },
  {
    "Id": "613193",
    "ThreadId": "257096",
    "Html": "<p>Hi JFC, the only thing you're missing is just knowing that javascript can only access elements that appear before it in the page not after, so if you try \"alert($(\"#gallery\").size());\" before the gallery div you will get 0 and if you try it after you will  get 1. So the code that is actually enabling the dragsort to work is \"$('ul:first').dragsort();\" where no dragEnd function is specified to be called. Also no doubt you added \"();\" after the name of the dragEnd function to call as something to try in getting  this to work but that is only needed when you want to invoke a function, in this case you just want to pass a reference to the function for the dragsort script to invoke at the appropriate time. And last of all something I haven't made clear in my documentation,  in order for me to support nested sortable lists easily, I've made it a requirement that the elements that get moved need to be direct children of the list container element, which is not the case here because the LI tags are not direct children of the gallery  div, so if you change the selector to \"#gallery ul\" that will fix that. So try:</p>\n<p>\n<div style=\"color: black; background-color: white;\">\n<pre><span style=\"color: blue;\">&lt;!</span><span style=\"color: #a31515;\">DOCTYPE</span> <span style=\"color: red;\">html</span> <span style=\"color: red;\">PUBLIC</span> <span style=\"color: blue;\">\"-//W3C//DTD XHTML 1.0 Transitional//EN\"</span> <span style=\"color: blue;\">\"http://www.w3.org/TR/xhtml1/DTD/xhtml1-transitional.dtd\"</span><span style=\"color: blue;\">&gt;</span>\n<span style=\"color: blue;\">&lt;</span><span style=\"color: #a31515;\">html</span> <span style=\"color: red;\">xmlns</span><span style=\"color: blue;\">=</span><span style=\"color: blue;\">\"http://www.w3.org/1999/xhtml\"</span><span style=\"color: blue;\">&gt;</span>\n<span style=\"color: blue;\">&lt;</span><span style=\"color: #a31515;\">head</span><span style=\"color: blue;\">&gt;</span>\n<span style=\"color: blue;\">&lt;</span><span style=\"color: #a31515;\">script</span> <span style=\"color: red;\">type</span><span style=\"color: blue;\">=</span><span style=\"color: blue;\">\"text/javascript\"</span> <span style=\"color: red;\">src</span><span style=\"color: blue;\">=</span><span style=\"color: blue;\">\"http://ajax.googleapis.com/ajax/libs/jquery/1.5.1/jquery.min.js\"</span><span style=\"color: blue;\">&gt;</span><span style=\"color: blue;\">&lt;/</span><span style=\"color: #a31515;\">script</span><span style=\"color: blue;\">&gt;</span>\n<span style=\"color: blue;\">&lt;</span><span style=\"color: #a31515;\">script</span> <span style=\"color: red;\">type</span><span style=\"color: blue;\">=</span><span style=\"color: blue;\">\"text/javascript\"</span> <span style=\"color: red;\">src</span><span style=\"color: blue;\">=</span><span style=\"color: blue;\">\"jquery.dragsort-0.4.2.min.js\"</span><span style=\"color: blue;\">&gt;</span><span style=\"color: blue;\">&lt;/</span><span style=\"color: #a31515;\">script</span><span style=\"color: blue;\">&gt;</span>\n<span style=\"color: blue;\">&lt;</span><span style=\"color: #a31515;\">style</span> <span style=\"color: red;\">type</span><span style=\"color: blue;\">=</span><span style=\"color: blue;\">\"text/css\"</span><span style=\"color: blue;\">&gt;</span>\n  ul { margin:0px; padding:0px; margin-left:20px; }\n  .list1, .list2 { width:250px; list-style-type:none; margin:0px; }\n  .list1 li { float:left; padding:5px;  }\n  .list1 div { border:solid 1px black; background-color:#E0E0E0; text-align:center; margin-top:30px; padding-top:0px; }\n  .placeHolder div { background-color:white !important; border:dashed 1px gray !important; }\n<span style=\"color: blue;\">&lt;/</span><span style=\"color: #a31515;\">style</span><span style=\"color: blue;\">&gt;</span>\n<span style=\"color: blue;\">&lt;/</span><span style=\"color: #a31515;\">head</span><span style=\"color: blue;\">&gt;</span>\n<span style=\"color: blue;\">&lt;</span><span style=\"color: #a31515;\">body</span><span style=\"color: blue;\">&gt;</span>\n\n<span style=\"color: blue;\">&lt;</span><span style=\"color: #a31515;\">div</span> <span style=\"color: red;\">id</span><span style=\"color: blue;\">=</span><span style=\"color: blue;\">\"gallery\"</span><span style=\"color: blue;\">&gt;</span>\n<span style=\"color: blue;\">&lt;</span><span style=\"color: #a31515;\">ul</span> <span style=\"color: red;\">class</span><span style=\"color: blue;\">=</span><span style=\"color: blue;\">\"list1\"</span><span style=\"color: blue;\">&gt;</span>\n   <span style=\"color: blue;\">&lt;</span><span style=\"color: #a31515;\">li</span> <span style=\"color: red;\">id</span><span style=\"color: blue;\">=</span><span style=\"color: blue;\">\"1\"</span><span style=\"color: blue;\">&gt;</span><span style=\"color: blue;\">&lt;</span><span style=\"color: #a31515;\">div</span> <span style=\"color: blue;\">&gt;</span><span style=\"color: blue;\">&lt;</span><span style=\"color: #a31515;\">img</span> <span style=\"color: red;\">alt</span><span style=\"color: blue;\">=</span><span style=\"color: blue;\">\"1\"</span> <span style=\"color: red;\">src</span><span style=\"color: blue;\">=</span><span style=\"color: blue;\">\"1.png\"</span> <span style=\"color: blue;\">/&gt;</span><span style=\"color: blue;\">&lt;/</span><span style=\"color: #a31515;\">div</span><span style=\"color: blue;\">&gt;</span><span style=\"color: blue;\">&lt;/</span><span style=\"color: #a31515;\">li</span><span style=\"color: blue;\">&gt;</span>\n   <span style=\"color: blue;\">&lt;</span><span style=\"color: #a31515;\">li</span> <span style=\"color: red;\">id</span><span style=\"color: blue;\">=</span><span style=\"color: blue;\">\"2\"</span><span style=\"color: blue;\">&gt;</span><span style=\"color: blue;\">&lt;</span><span style=\"color: #a31515;\">div</span> <span style=\"color: blue;\">&gt;</span><span style=\"color: blue;\">&lt;</span><span style=\"color: #a31515;\">img</span> <span style=\"color: red;\">alt</span><span style=\"color: blue;\">=</span><span style=\"color: blue;\">\"2\"</span> <span style=\"color: red;\">src</span><span style=\"color: blue;\">=</span><span style=\"color: blue;\">\"2.png\"</span> <span style=\"color: blue;\">/&gt;</span><span style=\"color: blue;\">&lt;/</span><span style=\"color: #a31515;\">div</span><span style=\"color: blue;\">&gt;</span><span style=\"color: blue;\">&lt;/</span><span style=\"color: #a31515;\">li</span><span style=\"color: blue;\">&gt;</span>\n   <span style=\"color: blue;\">&lt;</span><span style=\"color: #a31515;\">li</span> <span style=\"color: red;\">id</span><span style=\"color: blue;\">=</span><span style=\"color: blue;\">\"3\"</span><span style=\"color: blue;\">&gt;</span><span style=\"color: blue;\">&lt;</span><span style=\"color: #a31515;\">div</span> <span style=\"color: blue;\">&gt;</span><span style=\"color: blue;\">&lt;</span><span style=\"color: #a31515;\">img</span> <span style=\"color: red;\">alt</span><span style=\"color: blue;\">=</span><span style=\"color: blue;\">\"3\"</span> <span style=\"color: red;\">src</span><span style=\"color: blue;\">=</span><span style=\"color: blue;\">\"3.png\"</span> <span style=\"color: blue;\">/&gt;</span><span style=\"color: blue;\">&lt;/</span><span style=\"color: #a31515;\">div</span><span style=\"color: blue;\">&gt;</span><span style=\"color: blue;\">&lt;/</span><span style=\"color: #a31515;\">li</span><span style=\"color: blue;\">&gt;</span>\n   <span style=\"color: blue;\">&lt;</span><span style=\"color: #a31515;\">li</span> <span style=\"color: red;\">id</span><span style=\"color: blue;\">=</span><span style=\"color: blue;\">\"4\"</span><span style=\"color: blue;\">&gt;</span><span style=\"color: blue;\">&lt;</span><span style=\"color: #a31515;\">div</span> <span style=\"color: blue;\">&gt;</span><span style=\"color: blue;\">&lt;</span><span style=\"color: #a31515;\">img</span> <span style=\"color: red;\">alt</span><span style=\"color: blue;\">=</span><span style=\"color: blue;\">\"4\"</span> <span style=\"color: red;\">src</span><span style=\"color: blue;\">=</span><span style=\"color: blue;\">\"4.png\"</span> <span style=\"color: blue;\">/&gt;</span><span style=\"color: blue;\">&lt;/</span><span style=\"color: #a31515;\">div</span><span style=\"color: blue;\">&gt;</span><span style=\"color: blue;\">&lt;/</span><span style=\"color: #a31515;\">li</span><span style=\"color: blue;\">&gt;</span>\n<span style=\"color: blue;\">&lt;/</span><span style=\"color: #a31515;\">ul</span><span style=\"color: blue;\">&gt;</span>\n<span style=\"color: blue;\">&lt;/</span><span style=\"color: #a31515;\">div</span><span style=\"color: blue;\">&gt;</span>\n\n<span style=\"color: blue;\">&lt;</span><span style=\"color: #a31515;\">script</span> <span style=\"color: red;\">type</span><span style=\"color: blue;\">=</span><span style=\"color: blue;\">\"text/javascript\"</span><span style=\"color: blue;\">&gt;</span>\n    <span style=\"color: green;\">// this tells the sort script to do its thing</span>\n    $(<span style=\"color: #a31515;\">\"#gallery ul\"</span>).dragsort({ dragSelector: <span style=\"color: #a31515;\">\"li div\"</span>, dragBetween: <span style=\"color: blue;\">true</span>, dragEnd: saveOrder, placeHolderTemplate: <span style=\"color: #a31515;\">\"&lt;li class='placeHolder'&gt;&lt;div&gt;&lt;/div&gt;&lt;/li&gt;\"</span> });\n\n    <span style=\"color: green;\">// this is the function that puts the new sort order into a string</span>\n    <span style=\"color: blue;\">function</span> saveOrder() {\n        <span style=\"color: blue;\">var</span> serialStr = <span style=\"color: #a31515;\">\"\"</span>;\n        $(<span style=\"color: #a31515;\">\"#gallery li\"</span>).each(<span style=\"color: blue;\">function</span>(i, elm) { serialStr += (i &gt; 0 ? <span style=\"color: #a31515;\">\"|\"</span> : <span style=\"color: #a31515;\">\"\"</span>) + $(elm).attr(<span style=\"color: #a31515;\">\"id\"</span>); });\n\n        <span style=\"color: green;\">// this dynamically updates string to hidden form field</span>\n        document.getElementById(<span style=\"color: #a31515;\">'sortOrder'</span>).value = serialStr;\n        alert(serialStr);\n    };\n<span style=\"color: blue;\">&lt;/</span><span style=\"color: #a31515;\">script</span><span style=\"color: blue;\">&gt;</span>\n<span style=\"color: blue;\">&lt;</span><span style=\"color: #a31515;\">br</span><span style=\"color: blue;\">/&gt;</span>\n<span style=\"color: blue;\">&lt;</span><span style=\"color: #a31515;\">div</span><span style=\"color: blue;\">&gt;</span>\n<span style=\"color: blue;\">&lt;</span><span style=\"color: #a31515;\">form</span> <span style=\"color: red;\">name</span><span style=\"color: blue;\">=</span><span style=\"color: blue;\">\"sortForm\"</span> <span style=\"color: red;\">action</span><span style=\"color: blue;\">=</span><span style=\"color: blue;\">\"save-sort.asp\"</span> <span style=\"color: red;\">method</span><span style=\"color: blue;\">=</span><span style=\"color: blue;\">\"post\"</span><span style=\"color: blue;\">&gt;</span>\n    <span style=\"color: blue;\">&lt;</span><span style=\"color: #a31515;\">input</span> <span style=\"color: red;\">type</span><span style=\"color: blue;\">=</span><span style=\"color: blue;\">\"hidden\"</span> <span style=\"color: red;\">id</span><span style=\"color: blue;\">=</span><span style=\"color: blue;\">\"sortOrder\"</span> <span style=\"color: red;\">name</span><span style=\"color: blue;\">=</span><span style=\"color: blue;\">\"sortOrder\"</span>  <span style=\"color: blue;\">/&gt;</span>\n        <span style=\"color: blue;\">&lt;</span><span style=\"color: #a31515;\">button</span> <span style=\"color: red;\">type</span><span style=\"color: blue;\">=</span><span style=\"color: blue;\">\"submit\"</span> <span style=\"color: red;\">class</span><span style=\"color: blue;\">=</span><span style=\"color: blue;\">\"submit3\"</span> <span style=\"color: red;\">name</span><span style=\"color: blue;\">=</span><span style=\"color: blue;\">\"submit\"</span><span style=\"color: blue;\">&gt;</span><span style=\"color: blue;\">&lt;</span><span style=\"color: #a31515;\">span</span><span style=\"color: blue;\">&gt;</span>Save <span style=\"color: red;\">&amp;amp;</span> Continue...<span style=\"color: blue;\">&lt;/</span><span style=\"color: #a31515;\">span</span><span style=\"color: blue;\">&gt;</span><span style=\"color: blue;\">&lt;/</span><span style=\"color: #a31515;\">button</span><span style=\"color: blue;\">&gt;</span>\n<span style=\"color: blue;\">&lt;/</span><span style=\"color: #a31515;\">form</span><span style=\"color: blue;\">&gt;</span>\n<span style=\"color: blue;\">&lt;/</span><span style=\"color: #a31515;\">div</span><span style=\"color: blue;\">&gt;</span>\n<span style=\"color: blue;\">&lt;/</span><span style=\"color: #a31515;\">body</span><span style=\"color: blue;\">&gt;</span>\n<span style=\"color: blue;\">&lt;/</span><span style=\"color: #a31515;\">html</span><span style=\"color: blue;\">&gt;</span>\n</pre>\n</div>\n</p>",
    "PostedDate": "2011-05-16T02:23:19.45-07:00",
    "UserRole": null,
    "MarkedAsAnswerDate": null
  }
]