[
  {
    "Id": "1123834",
    "ThreadId": "468776",
    "Html": "How to make drag-able for ul having li in vertical order ... like below order <br />\n<br />\n1.ListItem1     7.ListItem1<br />\n2.ListItem1     8.ListItem1<br />\n3.ListItem1     9.ListItem1<br />\n4.ListItem1     10.ListItem1<br />\n5.ListItem1<br />\n6.ListItem1<br />\n<br />\nPlease can you help on this.....<br />\n",
    "PostedDate": "2013-11-15T02:10:50.007-08:00",
    "UserRole": null,
    "MarkedAsAnswerDate": null
  }
]