[
  {
    "Id": "477194",
    "ThreadId": "222660",
    "Html": "<p>I've implemented the dragsort against an UL and all is working in IE8, however, the list does not format properly in IE7.</p>\r\n<p>I put the UL and items within a div that expands when the number of items is &gt; 8. With two items in the list in IE8, the items display side-by-side. In IE7, the second list item displays below the first and overlaps the div and other content on the page.</p>",
    "PostedDate": "2010-08-05T18:17:52.667-07:00",
    "UserRole": null,
    "MarkedAsAnswerDate": null
  },
  {
    "Id": "495883",
    "ThreadId": "222660",
    "Html": "<p>Do you think you could email a sample html page to &quot;mcm DOT ham AT gmail DOT com&quot; for me to take a look.</p>",
    "PostedDate": "2010-09-20T02:50:26.327-07:00",
    "UserRole": null,
    "MarkedAsAnswerDate": null
  }
]