[
  {
    "Id": "473831",
    "ThreadId": "221733",
    "Html": "<p>Hi,</p>\r\n<p>I do love this resource, but I am experiencing some difficulties due to some lacks in the documentation...</p>\r\n<p>I need to retrieve the dragged DOM element, inside the saveOrder function; I am working with Symfony php framework and I really need it! How am I supposed to do so?</p>\r\n<p>Thank you so much!</p>",
    "PostedDate": "2010-07-28T11:58:53.453-07:00",
    "UserRole": null,
    "MarkedAsAnswerDate": null
  },
  {
    "Id": "473884",
    "ThreadId": "221733",
    "Html": "<p>Solved... :)</p>\r\n<p>What I was looking for was simply:</p>\r\n<p>&nbsp;</p>\r\n<p>this.attr('id');</p>\r\n<p>&nbsp;</p>\r\n<p>I hope this could help someone!</p>\r\n<p>Bye!</p>",
    "PostedDate": "2010-07-28T13:44:44.387-07:00",
    "UserRole": null,
    "MarkedAsAnswerDate": null
  }
]