[
  {
    "Id": "222084",
    "ThreadId": "65203",
    "Html": "<p>Hi, I like this library because is lightweight and offers everythig I need: a simple sortable list with drag and drop.</p>\r\n<p>But I wanted to have this nice effect of showing the place (usually a box with dashed borders)&nbsp; where a dragged item would fit after dropping it (like in the personalized page of google),so I made a little change in the library as follows:</p>\r\n<p>in the line 48 i changed this:</p>\r\n<p>list.placeHolderItem = list.draggedItem.clone().html(&quot;&amp;nbsp;&quot;).css({ <span style=\"color:#ff0000\">visibility: &quot;hidden&quot;</span>, height: list.draggedItem.height() }).attr(&quot;placeHolder&quot;, true);</p>\r\n<p>to this:</p>\r\n<p>list.placeHolderItem = list.draggedItem.clone().html(&quot;&amp;nbsp;&quot;).css({ height: list.draggedItem.height()}).<span style=\"color:#0000ff\">attr({ placeHolder: true, class:'dragsort_placeHolder' }</span>);</p>\r\n<p>That is, leaving the place holder visible (getting rid of the &quot;visibility:'hidden'&quot; style) and adding a class to it called <span style=\"color:#0000ff\">dragsort_placeHolder.</span></p>\r\n<p><span style=\"color:#000000\"><span style=\"color:#000000\">Then I added the style</span> li.dragsort_placeHolder to my css like this (can be any style you like): <br></span></p>\r\n<p><span style=\"color:#000080\">li.dragsort_placeHolder {</span></p>\r\n<p><span style=\"color:#000080\">border:dashed 2px #ccc;</span></p>\r\n<p><span style=\"color:#000080\">}</span></p>\r\n<p><span style=\"color:#000000\">And in this way, while dragging an item from the list, it can be seen the dashed border around the position where the item will fit once dropped.</span></p>\r\n<p><span style=\"color:#000000\">If this class is not defined, or even defined like </span></p>\r\n<p><span style=\"color:#000080\">li.dragsort_placeHolder {</span></p>\r\n<p><span style=\"color:#000080\">visibility:hidden;</span></p>\r\n<p><span style=\"color:#000080\">}</span></p>\r\n<p><span style=\"color:#000080\"><span style=\"color:#000000\">The behaviour is the same</span><span style=\"color:#000000\"> as the original library.</span></span></p>\r\n<p><span style=\"color:#000080\"><span style=\"color:#000000\">The change is no fully tested, bu at least works fine in the webpage I'm developing.</span></span></p>\r\n<p><span style=\"color:#000080\"><span style=\"color:#000000\">Regards,</span></span></p>\r\n<p><span style=\"color:#000080\"><span style=\"color:#000000\">R&uacute;bel Mujica (from Venezuela)<br></span></span></p>",
    "PostedDate": "2009-08-11T09:31:52.893-07:00",
    "UserRole": null,
    "MarkedAsAnswerDate": null
  }
]