[
  {
    "Id": "1002239",
    "ThreadId": "433379",
    "Html": "Hello\r<br />\n<br />\nThanks for a nice plugin.\r<br />\n<br />\nI am having problems reordering table rows. Everything works OK if I target the table without any extra parameters, like so:\r<br />\n<br />\n$(&quot;#mytableid&quot;).dragsort({ dragBetween: true });\r<br />\n<br />\nHowever in my table the first row is the header and I want to exclude it, so I try:\r<br />\n<br />\n$(&quot;#mytableid&quot;).dragsort({ dragBetween: true, itemSelector: &quot;tr:gt(0)&quot; });\r<br />\n<br />\nBut that doesn't work because the check on row number 117 is returning true:\r<br />\n<br />\n$(e.target).closest(opts.itemSelector).size() == 0)\r<br />\n<br />\nAfter this I modified my table somewhat - I added thead, tbody and tfoot elements there and targeted tbody:\r<br />\n<br />\n$(&quot;#mytableid tbody&quot;).dragsort({ dragBetween: true });\r<br />\n<br />\nThis works, but then I want to specify the cell used in dragging the rows:\r<br />\n<br />\n$(&quot;#mytableid tbody&quot;).dragsort({ dragBetween: true, dragSelector: &quot;td:eq(0)&quot; });\r<br />\n<br />\nAnd again reordering doesnt work anymore. This time I believe it's failing on this row:\r<br />\n<br />\nif (dragHandle == this) return;\r<br />\n<br />\nSo - any examples on how to reorder table rows while excluding the first row and specifying the dragSelector-cell?<br />\n",
    "PostedDate": "2013-02-16T10:34:44.387-08:00",
    "UserRole": null,
    "MarkedAsAnswerDate": null
  },
  {
    "Id": "1003240",
    "ThreadId": "433379",
    "Html": "<pre><code>$(e.target).closest(opts.itemSelector).size() == 0)</code></pre>\n\nI can't find this in the dragsort code, what version are you using?<br />\n<pre><code>var dragHandle = e.target;\nwhile (!$(dragHandle).is(opts.dragSelector)) {\n    if (dragHandle == this) return;\n    dragHandle = dragHandle.parentNode;\n}</code></pre>\n\nThe idea behind this code is that the element you clicked i.e. &quot;e.target&quot; could be inside the element acting as the drag handle e.g. you clicked a div inside a table cell. So I keep going up the tree until it matches the dragSelector. The variable &quot;this&quot; is the list container in this case &quot;tbody&quot; so if we go up that far it means no dragHandle was found and should mean we didn't click on it so return from the method. So what's failing is <em>$(td).is(&quot;td:eq(0)&quot;)</em> in the while condition. My suggestion would be to do this:<br />\n<pre><code>$(&quot;#mytableid td:eq(0)&quot;).addClass(&quot;dragHandle&quot;);\n$(&quot;#mytableid tbody&quot;).dragsort({ dragBetween: true, dragSelector: &quot;.dragHandle&quot; }); </code></pre>\n\nThen it will be <em>$(td).is(&quot;.dragHandle&quot;)</em> in the while condition and that should definitely match the first table cell.<br />\n",
    "PostedDate": "2013-02-18T23:44:03.91-08:00",
    "UserRole": null,
    "MarkedAsAnswerDate": null
  },
  {
    "Id": "1003252",
    "ThreadId": "433379",
    "Html": "Thank you for the reply.\r<br />\n<br />\nI am using jquery.dragsort-0.5.1.js from the download page. It seems there are some discrepancy in the versioning, because the source code on the &quot;SOURCE CODE&quot;-tab looks a lot different.\r<br />\n<br />\nWhere can I get the newest version? Do you recommend getting the code from the &quot;SOURCE CODE&quot;-tab?<br />\n",
    "PostedDate": "2013-02-19T00:09:07.22-08:00",
    "UserRole": null,
    "MarkedAsAnswerDate": null
  },
  {
    "Id": "1003436",
    "ThreadId": "433379",
    "Html": "I got the code from the &quot;SOURCE CODE&quot; tab and it's working great.\r<br />\n<br />\nOne small problem still exists though.\r<br />\n<br />\nMy table is inside a div which has overflow: auto. The table is higher than the available height, so there's a scrollbar to scroll the div up and down. The placement of the row being dragged is displaced if the div has been scrolled down. I can probably modify the code to take the parents scrollHeight into consideration, but just so you know in case you want to fix it.<br />\n",
    "PostedDate": "2013-02-19T06:46:09.743-08:00",
    "UserRole": null,
    "MarkedAsAnswerDate": null
  },
  {
    "Id": "1003924",
    "ThreadId": "433379",
    "Html": "I've looked at the code and modifying it doesn't seem to be so easy as I wold have hoped.\r<br />\n<br />\nHere is more or less what I have:<br />\n<pre><code>$(&quot;#dragsort tbody&quot;).dragsort({ dragBetween: true });\n\n&lt;div style='position: absolute; left: 100px; top: 100px; right: 100px; bottom: 100px; overflow: auto' id='container'&gt;\n&lt;table id='dragsort'&gt;\n&lt;thead&gt;\n&lt;tr&gt;&lt;th&gt;...&lt;/th&gt;&lt;/tr&gt;\n&lt;/thead&gt;\n&lt;tbody&gt;\n&lt;tr&gt;&lt;td&gt;Enough rows to make the table higher than the container&lt;/td&gt;&lt;/tr&gt;\n&lt;tr&gt;&lt;td&gt;Enough rows to make the table higher than the container&lt;/td&gt;&lt;/tr&gt;\n&lt;tr&gt;&lt;td&gt;Enough rows to make the table higher than the container&lt;/td&gt;&lt;/tr&gt;\n&lt;/tbody&gt;\n&lt;/table&gt;\n&lt;/div&gt;</code></pre>\n\nReordering only works properly when the container div is scrolled all the way up. If it has been scrolled 100px down, then the element being dragged is offset up by 100px.\r<br />\n<br />\nI also tried this:<br />\n<pre><code>$(&quot;#dragsort tbody&quot;).dragsort({ dragBetween: true, scrollContainer: &quot;#container&quot; });</code></pre>\n\nBut scrollContainer doesn't seem to be doing anything or maybe I just don't understand how to use it properly.<br />\n",
    "PostedDate": "2013-02-20T02:47:55.5-08:00",
    "UserRole": null,
    "MarkedAsAnswerDate": null
  }
]