[
  {
    "Id": "431812",
    "ThreadId": "209537",
    "Html": "<p>Hi all,<br><br>I test DragSort with JQuery AD Gallery where DragSort is reponsible for, you know, sorting. Here's an example (sorry for a lot of Russian words but the images are all what we need for now) -<br><br><a href=\"http://www.irk.fm/proto/design/html2/template-photo-edit.html\"><span style=\"color:#ffb0ff\">http://www.irk.fm/proto/design/html2/template-photo-edit.html</span></a><br><br>Each thumbnail image is clickable, the click loads new picture in the preview area.  Each thumbnail is also draggable thanks to DragSort. But currently DragSort handles single clicks like drag operation also. Sometimes it even causes unwanted exchange of the clicked thumbnail with its neighbour.<br><br>So is there any option to decrease DragSort sensitivity ? It would be nice to be able to set it to X pixels so if the target is moved less than X the movement is not interpreted as drag but as click.<br><br>Besides of that I should say I'm very impressed of the plugin and its seamless integration with the gallery.</p>",
    "PostedDate": "2010-04-16T00:34:24.627-07:00",
    "UserRole": null,
    "MarkedAsAnswerDate": null
  },
  {
    "Id": "432151",
    "ThreadId": "209537",
    "Html": "<p style=\"color:blue\">&gt; Sometimes it even causes unwanted exchange of the clicked thumbnail with  its neighbour.</p>\r\n<p>Thanks, that's actually a bug in my code which I'll fix for the next version but will explain. Basically as soon as you click on an LI it get's styled position absolute so that it can be positioned where the mouse cursor is using css top and left. But as a result it no longer affects the layout of the rest of the LI's in the UL list, so a place holder LI tag is inserted to indicate where the dragged LI would appear in the list. In my code I set the height of the placeholder LI tag with that of the dragged LI but not the width, so as soon as you click an image to drag in your scenario the next image would immediately move in behind it and any movement to the right is considered to be dragging the image over another image so a swap is performed. Anyway here is the fix:</p>\r\n<div style=\"margin:10px;border:1px solid black;padding:10px\">Replace:<br> list.placeHolderItem = list.draggedItem.next().css(&quot;height&quot;, list.draggedItem.height()).attr(&quot;placeHolder&quot;, true);<br> <br> With:<br> list.placeHolderItem = list.draggedItem.next().css({ height: list.draggedItem.height(), width: list.draggedItem.width() }).attr(&quot;placeHolder&quot;, true);</div>\r\n<p style=\"color:blue\">&gt; So is there any option to decrease DragSort sensitivity?</p>\r\n<p>No there's not. However here is the code to implement this:</p>\r\n<div style=\"margin:10px;border:1px solid black;padding:10px\">grabItem: function(e) { <br> &nbsp; &nbsp;if (e.button == 2 || $(e.target).is(opts.dragSelectorExclude)) <br> &nbsp; &nbsp; &nbsp; &nbsp;return; <br> <br> &nbsp; &nbsp;var elm = e.target; <br> &nbsp; &nbsp;while (!$(elm).is(&quot;[listIdx=&quot; + $(this).attr(&quot;listIdx&quot;) + &quot;] &quot; + opts.dragSelector)) { <br> &nbsp; &nbsp; &nbsp; &nbsp;if (elm == this) return; <br> &nbsp; &nbsp; &nbsp; &nbsp;elm = elm.parentNode; <br> &nbsp; &nbsp;} <br> &nbsp; &nbsp;var x = e.pageX, y = e.pageY; <br> &nbsp; &nbsp;list = lists[$(this).attr(&quot;listIdx&quot;)]; <br> &nbsp; &nbsp;var ismousedown = true; <br> &nbsp; &nbsp;$(document).mouseup(function() { ismousedown = false; }); <br> <br> &nbsp; &nbsp;window.setTimeout(function() { <br> &nbsp; &nbsp; &nbsp; &nbsp;if (!ismousedown) <br> &nbsp; &nbsp; &nbsp; &nbsp; &nbsp; &nbsp;return; <br> <br> &nbsp; &nbsp; &nbsp; &nbsp;if (list != null &amp;&amp; list.draggedItem != null) <br> &nbsp; &nbsp; &nbsp; &nbsp; &nbsp; &nbsp;list.dropItem(); <br> <br> &nbsp; &nbsp; &nbsp; &nbsp;... <br> &nbsp; &nbsp; &nbsp; &nbsp;list.offset.top = y - list.offset.top + (isNaN(mt) ? 0 : mt) - 1; <br> &nbsp; &nbsp; &nbsp; &nbsp;list.offset.left = x - list.offset.left + (isNaN(ml) ? 0 : ml) - 1; <br> <br> &nbsp; &nbsp; &nbsp; &nbsp;... <br> &nbsp; &nbsp; &nbsp; &nbsp;list.setPos(x, y); <br> &nbsp; &nbsp; &nbsp; &nbsp;... <br> &nbsp; &nbsp;}, 100); //play with this value to change sensitivity <br> <br> &nbsp; &nbsp;return false; //stop moz text selection <br>},</div>\r\n<p>That's an interesting gallery you found, thanks for sharing it.</p>",
    "PostedDate": "2010-04-16T19:17:34.793-07:00",
    "UserRole": null,
    "MarkedAsAnswerDate": null
  },
  {
    "Id": "433023",
    "ThreadId": "209537",
    "Html": "<p>Thank you ! The placeholder fix worked like expected. The second one didn't work properly, may be I just didn't implement it correctly - you can see that http://www.irk.fm/proto/design/html2/template-photo-edit.html causes &quot;list is undefined&quot; JavaScript error. So I'd better wait your own fix :)</p>",
    "PostedDate": "2010-04-19T22:22:47.963-07:00",
    "UserRole": null,
    "MarkedAsAnswerDate": null
  },
  {
    "Id": "435794",
    "ThreadId": "209537",
    "Html": "<p><span style=\"color:#000000\"><span style=\"font-family:&quot;Segoe UI&quot;,&quot;Microsoft Sans Serif&quot;,Arial,Geneva,Sans-Serif\">Found the error, and aftex fixing it's working like a charm!<br></span></span></p>",
    "PostedDate": "2010-04-26T23:45:12.83-07:00",
    "UserRole": null,
    "MarkedAsAnswerDate": null
  },
  {
    "Id": "436356",
    "ThreadId": "209537",
    "Html": "<p>Sorry about that, attaching the modified js file would have been easier. Glad you got it sorted.</p>",
    "PostedDate": "2010-04-28T00:49:14.353-07:00",
    "UserRole": null,
    "MarkedAsAnswerDate": null
  }
]