[
  {
    "Id": "568037",
    "ThreadId": "246525",
    "Html": "\r\n<p>list.removeAttr(&quot;data-origStyle&quot;)</p>\r\n<p>should be:</p>\r\n<p>list.draggedItem.removeAttr(&quot;data-origStyle&quot;)</p>\r\n<p>it currently throws an error because list isn't a jQuery object.</p>\r\n",
    "PostedDate": "2011-02-17T10:53:40.257-08:00",
    "UserRole": null,
    "MarkedAsAnswerDate": null
  },
  {
    "Id": "581264",
    "ThreadId": "246525",
    "Html": "<p>Indeed it should be, thanks for pointing that out.</p>\n<p>I will release a version with that fix once I have fixed this other issue with IE7 and jquery 1.5.</p>\n<p>Edit: This is now released as dragsort 0.4.2.</p>",
    "PostedDate": "2011-03-16T02:32:29.513-07:00",
    "UserRole": null,
    "MarkedAsAnswerDate": null
  }
]