[
  {
    "Id": "447798",
    "ThreadId": "213960",
    "Html": "<p>I have one sortable list, that contains elements that contain their own sortable lists. &nbsp;When I sort the outer list, the inner lists dissapear. &nbsp;Any ideas on how to fix?</p>",
    "PostedDate": "2010-05-26T12:01:26.163-07:00",
    "UserRole": null,
    "MarkedAsAnswerDate": null
  },
  {
    "Id": "448592",
    "ThreadId": "213960",
    "Html": "<p>This post may help explain the cause:<br><a href=\"http://dragsort.codeplex.com/Thread/View.aspx?ThreadId=76046\">http://dragsort.codeplex.com/Thread/View.aspx?ThreadId=76046</a></p>\r\n<p>Otherwise if you can provide me an example, that would help me know what's going on.</p>",
    "PostedDate": "2010-05-28T03:28:32.027-07:00",
    "UserRole": null,
    "MarkedAsAnswerDate": null
  },
  {
    "Id": "448675",
    "ThreadId": "213960",
    "Html": "<p>This is how I initialize the parent list. &nbsp;There are two parent lists where the user can drag between.</p>\r\n<p>\r\n<div style=\"color:black;background-color:white\">\r\n<pre>\t$(<span style=\"color:#a31515\">&quot;#categories, #categoriesOff&quot;</span>).dragsort({\r\n\t\tdragSelector: <span style=\"color:#a31515\">&quot;.catHandle&quot;</span>,\r\n\t\tdragEnd: categorySave,\r\n\t\tdragBetween: <span style=\"color:blue\">true</span>,\r\n\t\tplaceHolderTemplate: <span style=\"color:#a31515\">&quot;&lt;li class='feedCategoryContainer'&gt;&lt;div&gt;&lt;/div&gt;&lt;/li&gt;&quot;</span>\r\n\t});\r\n\r\n</pre>\r\n</div>\r\n</p>\r\n<p>And the child lists:</p>\r\n<p>\r\n<div style=\"color:black;background-color:white\">\r\n<pre>  $(<span style=\"color:#a31515\">&quot;#categoryFeedHolder&quot;</span> + categoryId).dragsort({\r\n    dragSelector: <span style=\"color:#a31515\">&quot;.feedHandle&quot;</span>,\r\n    dragEnd: saveFeedOrder,\r\n    dragBetween: <span style=\"color:blue\">false</span>,\r\n    placeHolderTemplate: <span style=\"color:#a31515\">&quot;&lt;li class='feedContainer'&gt;&lt;div class='feed'&gt;&lt;/div&gt;&lt;/li&gt;&quot;</span>\r\n  });\r\n\r\n</pre>\r\n</div>\r\n</p>\r\n<p>&nbsp;</p>\r\n<div style=\"color:black;background-color:white\">\r\n<pre><span style=\"color:blue\">&lt;</span><span style=\"color:#a31515\">ul</span> <span style=\"color:red\">id</span><span style=\"color:blue\">=</span><span style=\"color:blue\">&quot;categories&quot;</span> <span style=\"color:red\">class</span><span style=\"color:blue\">=</span><span style=\"color:blue\">&quot;categories&quot;</span><span style=\"color:blue\">&gt;</span>\r\n<span style=\"color:blue\">  </span><span style=\"color:blue\">&lt;</span><span style=\"color:#a31515\">li</span> <span style=\"color:red\">class</span><span style=\"color:blue\">=</span><span style=\"color:blue\">&quot;feedCategoryContainer&quot;</span> <span style=\"color:red\">categoryId</span><span style=\"color:blue\">=</span><span style=\"color:blue\">&quot;1780&quot;</span> <span style=\"color:red\">id</span><span style=\"color:blue\">=</span><span style=\"color:blue\">&quot;category1780&quot;</span> <span style=\"color:red\">toggleState</span><span style=\"color:blue\">=</span><span style=\"color:blue\">&quot;Down&quot;</span><span style=\"color:blue\">&gt;</span>\r\n      <span style=\"color:blue\">&lt;</span><span style=\"color:#a31515\">div</span> <span style=\"color:red\">class</span><span style=\"color:blue\">=</span><span style=\"color:blue\">&quot;feedCategory&quot;</span><span style=\"color:blue\">&gt;</span>\r\n       <span style=\"color:blue\">&lt;</span><span style=\"color:#a31515\">div</span> <span style=\"color:red\">class</span><span style=\"color:blue\">=</span><span style=\"color:blue\">&quot;&quot; id=&quot;categoryNameInput1780&quot;</span> <span style=\"color:red\">style</span><span style=\"color:blue\">=</span><span style=\"color:blue\">&quot;display: none&quot;</span><span style=\"color:blue\">&gt;</span>\r\n\r\n         <span style=\"color:blue\">&lt;</span><span style=\"color:#a31515\">span</span> <span style=\"color:red\">class</span><span style=\"color:blue\">=</span><span style=\"color:blue\">&quot;categoryTitleInput&quot;</span><span style=\"color:blue\">&gt;</span><span style=\"color:blue\">&lt;</span><span style=\"color:#a31515\">div</span> <span style=\"color:red\">class</span><span style=\"color:blue\">=</span><span style=\"color:blue\">&quot;fleft&quot;</span><span style=\"color:blue\">&gt;</span><span style=\"color:blue\">&lt;</span><span style=\"color:#a31515\">input</span> <span style=\"color:red\">name</span><span style=\"color:blue\">=</span><span style=\"color:blue\">&quot;data[Category][name]&quot;</span> <span style=\"color:red\">type</span><span style=\"color:blue\">=</span><span style=\"color:blue\">&quot;text&quot;</span> <span style=\"color:red\">id</span><span style=\"color:blue\">=</span><span style=\"color:blue\">&quot;CategoryName1780&quot;</span> <span style=\"color:red\">value</span><span style=\"color:blue\">=</span><span style=\"color:blue\">&quot;Traffic&quot;</span> <span style=\"color:red\">class</span><span style=\"color:blue\">=</span><span style=\"color:blue\">&quot;appinput&quot;</span> <span style=\"color:red\">maxlength</span><span style=\"color:blue\">=</span><span style=\"color:blue\">&quot;100&quot;</span> <span style=\"color:blue\">/&gt;</span><span style=\"color:blue\">&lt;/</span><span style=\"color:#a31515\">div</span><span style=\"color:blue\">&gt;</span><span style=\"color:blue\">&lt;/</span><span style=\"color:#a31515\">span</span><span style=\"color:blue\">&gt;</span>\r\n         <span style=\"color:blue\">&lt;</span><span style=\"color:#a31515\">span</span> <span style=\"color:red\">class</span><span style=\"color:blue\">=</span><span style=\"color:blue\">&quot;categoryTitleSave&quot;</span> <span style=\"color:red\">onclick</span><span style=\"color:blue\">=</span><span style=\"color:blue\">&quot;saveCategoryName('1780');&quot;</span><span style=\"color:blue\">&gt;</span><span style=\"color:blue\">&lt;</span><span style=\"color:#a31515\">img</span> <span style=\"color:red\">src</span><span style=\"color:blue\">=</span><span style=\"color:blue\">&quot;/img/images/management/images/save.png&quot; alt=&quot;&quot;</span> <span style=\"color:blue\">/&gt;</span><span style=\"color:blue\">&lt;/</span><span style=\"color:#a31515\">span</span><span style=\"color:blue\">&gt;</span>\r\n         <span style=\"color:blue\">&lt;</span><span style=\"color:#a31515\">span</span> <span style=\"color:red\">class</span><span style=\"color:blue\">=</span><span style=\"color:blue\">&quot;categoryTitleCancel&quot;</span> <span style=\"color:red\">onclick</span><span style=\"color:blue\">=</span><span style=\"color:blue\">&quot;cancelCategoryName('1780');&quot;</span><span style=\"color:blue\">&gt;</span><span style=\"color:blue\">&lt;</span><span style=\"color:#a31515\">img</span> <span style=\"color:red\">src</span><span style=\"color:blue\">=</span><span style=\"color:blue\">&quot;/img/images/cancel.jpg&quot; alt=&quot;&quot;</span> <span style=\"color:blue\">/&gt;</span><span style=\"color:blue\">&lt;/</span><span style=\"color:#a31515\">span</span><span style=\"color:blue\">&gt;</span>\r\n         <span style=\"color:blue\">&lt;</span><span style=\"color:#a31515\">span</span> <span style=\"color:red\">class</span><span style=\"color:blue\">=</span><span style=\"color:blue\">&quot;categoryTitleDelete&quot;</span> <span style=\"color:red\">onclick</span><span style=\"color:blue\">=</span><span style=\"color:blue\">&quot;deleteCategory('1780', 'Traffic', '9');&quot;</span><span style=\"color:blue\">&gt;</span><span style=\"color:blue\">&lt;</span><span style=\"color:#a31515\">img</span> <span style=\"color:red\">src</span><span style=\"color:blue\">=</span><span style=\"color:blue\">&quot;/img/images/management/images/delete.png&quot; alt=&quot;&quot;</span> <span style=\"color:blue\">/&gt;</span><span style=\"color:blue\">&lt;/</span><span style=\"color:#a31515\">span</span><span style=\"color:blue\">&gt;</span>\r\n       <span style=\"color:blue\">&lt;/</span><span style=\"color:#a31515\">div</span><span style=\"color:blue\">&gt;</span>\r\n       <span style=\"color:blue\">&lt;</span><span style=\"color:#a31515\">div</span> <span style=\"color:red\">class</span><span style=\"color:blue\">=</span><span style=\"color:blue\">&quot;catTitle&quot;</span> <span style=\"color:red\">id</span><span style=\"color:blue\">=</span><span style=\"color:blue\">&quot;categoryName1780&quot;</span><span style=\"color:blue\">&gt;</span>\r\n            <span style=\"color:blue\">&lt;</span><span style=\"color:#a31515\">a</span> <span style=\"color:red\">href</span><span style=\"color:blue\">=</span><span style=\"color:blue\">&quot;javascript: toggleCategory('1780');&quot;</span><span style=\"color:blue\">&gt;</span>\r\n              <span style=\"color:blue\">&lt;</span><span style=\"color:#a31515\">span</span> <span style=\"color:red\">class</span><span style=\"color:blue\">=</span><span style=\"color:blue\">&quot;feedCatArrow&quot;</span><span style=\"color:blue\">&gt;</span><span style=\"color:blue\">&lt;</span><span style=\"color:#a31515\">img</span> <span style=\"color:red\">src</span><span style=\"color:blue\">=</span><span style=\"color:blue\">&quot;/img/images/management/images/feedcatUp.png&quot;</span> <span style=\"color:red\">id</span><span style=\"color:blue\">=</span><span style=\"color:blue\">&quot;feedCatArrow1780&quot; alt=&quot;&quot;</span> <span style=\"color:blue\">/&gt;</span><span style=\"color:blue\">&lt;/</span><span style=\"color:#a31515\">span</span><span style=\"color:blue\">&gt;</span>\r\n              <span style=\"color:blue\">&lt;</span><span style=\"color:#a31515\">span</span> <span style=\"color:red\">class</span><span style=\"color:blue\">=</span><span style=\"color:blue\">&quot;catName&quot;</span> <span style=\"color:red\">id</span><span style=\"color:blue\">=</span><span style=\"color:blue\">&quot;catName1780&quot;</span><span style=\"color:blue\">&gt;</span>Traffic<span style=\"color:blue\">&lt;/</span><span style=\"color:#a31515\">span</span><span style=\"color:blue\">&gt;</span>\r\n\r\n            <span style=\"color:blue\">&lt;/</span><span style=\"color:#a31515\">a</span><span style=\"color:blue\">&gt;</span>\r\n            <span style=\"color:blue\">&lt;</span><span style=\"color:#a31515\">span</span> <span style=\"color:red\">class</span><span style=\"color:blue\">=</span><span style=\"color:blue\">&quot;feedCount&quot;</span><span style=\"color:blue\">&gt;</span>(9 Feeds)<span style=\"color:blue\">&lt;/</span><span style=\"color:#a31515\">span</span><span style=\"color:blue\">&gt;</span>\r\n            <span style=\"color:blue\">&lt;</span><span style=\"color:#a31515\">span</span> <span style=\"color:red\">class</span><span style=\"color:blue\">=</span><span style=\"color:blue\">&quot;catHandle&quot;</span><span style=\"color:blue\">&gt;</span><span style=\"color:blue\">&lt;</span><span style=\"color:#a31515\">img</span> <span style=\"color:red\">src</span><span style=\"color:blue\">=</span><span style=\"color:blue\">&quot;/img/move_icon.png&quot; alt=&quot;&quot;</span> <span style=\"color:blue\">/&gt;</span><span style=\"color:blue\">&lt;/</span><span style=\"color:#a31515\">span</span><span style=\"color:blue\">&gt;</span>\r\n            <span style=\"color:blue\">&lt;</span><span style=\"color:#a31515\">span</span> <span style=\"color:red\">class</span><span style=\"color:blue\">=</span><span style=\"color:blue\">&quot;editCategory&quot;</span> <span style=\"color:red\">onclick</span><span style=\"color:blue\">=</span><span style=\"color:blue\">&quot;editCategoryName('1780');&quot;</span><span style=\"color:blue\">&gt;</span><span style=\"color:blue\">&lt;</span><span style=\"color:#a31515\">img</span> <span style=\"color:red\">src</span><span style=\"color:blue\">=</span><span style=\"color:blue\">&quot;/img/images/management/images/editupFEED.png&quot; alt=&quot;&quot;</span> <span style=\"color:blue\">/&gt;</span><span style=\"color:blue\">&lt;/</span><span style=\"color:#a31515\">span</span><span style=\"color:blue\">&gt;</span>\r\n       <span style=\"color:blue\">&lt;/</span><span style=\"color:#a31515\">div</span><span style=\"color:blue\">&gt;</span>\r\n       <span style=\"color:blue\">&lt;</span><span style=\"color:#a31515\">div</span> <span style=\"color:red\">class</span><span style=\"color:blue\">=</span><span style=\"color:blue\">&quot;categoryFeeds&quot;</span> <span style=\"color:red\">id</span><span style=\"color:blue\">=</span><span style=\"color:blue\">&quot;categoryFeeds1780&quot;</span> <span style=\"color:red\">style</span><span style=\"color:blue\">=</span><span style=\"color:blue\">&quot;display: none;&quot;</span><span style=\"color:blue\">&gt;</span>\r\n\t<span style=\"color:blue\">&lt;</span><span style=\"color:#a31515\">div</span> <span style=\"color:red\">id</span><span style=\"color:blue\">=</span><span style=\"color:blue\">&quot;appHeader&quot;</span><span style=\"color:blue\">&gt;</span>\r\n\t  <span style=\"color:blue\">&lt;</span><span style=\"color:#a31515\">div</span> <span style=\"color:red\">class</span><span style=\"color:blue\">=</span><span style=\"color:blue\">&quot;lcorner&quot;</span><span style=\"color:blue\">&gt;</span><span style=\"color:blue\">&lt;/</span><span style=\"color:#a31515\">div</span><span style=\"color:blue\">&gt;</span>\r\n\r\n\t  <span style=\"color:blue\">&lt;</span><span style=\"color:#a31515\">div</span> <span style=\"color:red\">class</span><span style=\"color:blue\">=</span><span style=\"color:blue\">&quot;bg&quot;</span><span style=\"color:blue\">&gt;</span>\r\n\t    <span style=\"color:blue\">&lt;</span><span style=\"color:#a31515\">div</span> <span style=\"color:red\">class</span><span style=\"color:blue\">=</span><span style=\"color:blue\">&quot;fright addFeed&quot;</span><span style=\"color:blue\">&gt;</span><span style=\"color:blue\">&lt;</span><span style=\"color:#a31515\">span</span> <span style=\"color:red\">class</span><span style=\"color:blue\">=</span><span style=\"color:blue\">&quot;button&quot;</span> <span style=\"color:red\">onclick</span><span style=\"color:blue\">=</span><span style=\"color:blue\">&quot;addFeed('1780');&quot;</span><span style=\"color:blue\">&gt;</span><span style=\"color:blue\">&lt;</span><span style=\"color:#a31515\">img</span> <span style=\"color:red\">src</span><span style=\"color:blue\">=</span><span style=\"color:blue\">&quot;/img/images/management/images/addsubsectionFEED.png&quot; alt=&quot;&quot;</span> <span style=\"color:blue\">/&gt;</span><span style=\"color:blue\">&lt;/</span><span style=\"color:#a31515\">span</span><span style=\"color:blue\">&gt;</span><span style=\"color:blue\">&lt;/</span><span style=\"color:#a31515\">div</span><span style=\"color:blue\">&gt;</span>\r\n\t  <span style=\"color:blue\">&lt;/</span><span style=\"color:#a31515\">div</span><span style=\"color:blue\">&gt;</span>\r\n\t  <span style=\"color:blue\">&lt;</span><span style=\"color:#a31515\">div</span> <span style=\"color:red\">class</span><span style=\"color:blue\">=</span><span style=\"color:blue\">&quot;rcorner&quot;</span><span style=\"color:blue\">&gt;</span><span style=\"color:blue\">&lt;/</span><span style=\"color:#a31515\">div</span><span style=\"color:blue\">&gt;</span>\r\n\t<span style=\"color:blue\">&lt;/</span><span style=\"color:#a31515\">div</span><span style=\"color:blue\">&gt;</span>\r\n\t\r\n\t<span style=\"color:blue\">&lt;</span><span style=\"color:#a31515\">div</span> <span style=\"color:red\">class</span><span style=\"color:blue\">=</span><span style=\"color:blue\">&quot;clear&quot;</span><span style=\"color:blue\">&gt;</span><span style=\"color:blue\">&lt;/</span><span style=\"color:#a31515\">div</span><span style=\"color:blue\">&gt;</span>\r\n\t\r\n\t<span style=\"color:blue\">&lt;</span><span style=\"color:#a31515\">div</span> <span style=\"color:red\">class</span><span style=\"color:blue\">=</span><span style=\"color:blue\">&quot;fleft&quot;</span><span style=\"color:blue\">&gt;</span>\r\n\t  <span style=\"color:blue\">&lt;</span><span style=\"color:#a31515\">div</span> <span style=\"color:red\">class</span><span style=\"color:blue\">=</span><span style=\"color:blue\">&quot;feedsHeader&quot;</span><span style=\"color:blue\">&gt;</span>\r\n\t    <span style=\"color:blue\">&lt;</span><span style=\"color:#a31515\">div</span> <span style=\"color:red\">class</span><span style=\"color:blue\">=</span><span style=\"color:blue\">&quot;fleft feedTitleHeader&quot;</span><span style=\"color:blue\">&gt;</span>Title<span style=\"color:blue\">&lt;/</span><span style=\"color:#a31515\">div</span><span style=\"color:blue\">&gt;</span>\r\n\r\n\t    <span style=\"color:blue\">&lt;</span><span style=\"color:#a31515\">div</span> <span style=\"color:red\">class</span><span style=\"color:blue\">=</span><span style=\"color:blue\">&quot;fleft feedRSSFeedHeader&quot;</span><span style=\"color:blue\">&gt;</span>RSS Feed<span style=\"color:blue\">&lt;/</span><span style=\"color:#a31515\">div</span><span style=\"color:blue\">&gt;</span>\r\n\t    <span style=\"color:blue\">&lt;</span><span style=\"color:#a31515\">div</span> <span style=\"color:red\">class</span><span style=\"color:blue\">=</span><span style=\"color:blue\">&quot;fleft feedTypeHeader&quot;</span><span style=\"color:blue\">&gt;</span>Type<span style=\"color:blue\">&lt;/</span><span style=\"color:#a31515\">div</span><span style=\"color:blue\">&gt;</span>\r\n\t    <span style=\"color:blue\">&lt;</span><span style=\"color:#a31515\">div</span> <span style=\"color:red\">class</span><span style=\"color:blue\">=</span><span style=\"color:blue\">&quot;fleft feedStatusHeader&quot;</span><span style=\"color:blue\">&gt;</span>Status<span style=\"color:blue\">&lt;/</span><span style=\"color:#a31515\">div</span><span style=\"color:blue\">&gt;</span>\r\n\t  <span style=\"color:blue\">&lt;/</span><span style=\"color:#a31515\">div</span><span style=\"color:blue\">&gt;</span>\r\n\t\r\n\t  <span style=\"color:blue\">&lt;</span><span style=\"color:#a31515\">div</span> <span style=\"color:red\">class</span><span style=\"color:blue\">=</span><span style=\"color:blue\">&quot;clear&quot;</span><span style=\"color:blue\">&gt;</span><span style=\"color:blue\">&lt;/</span><span style=\"color:#a31515\">div</span><span style=\"color:blue\">&gt;</span>\r\n\t  \r\n\t  <span style=\"color:blue\">&lt;</span><span style=\"color:#a31515\">ul</span> <span style=\"color:red\">class</span><span style=\"color:blue\">=</span><span style=\"color:blue\">&quot;feedHolder&quot;</span> <span style=\"color:red\">id</span><span style=\"color:blue\">=</span><span style=\"color:blue\">&quot;categoryFeedHolder1780&quot;</span> <span style=\"color:red\">categoryId</span><span style=\"color:blue\">=</span><span style=\"color:blue\">&quot;1780&quot;</span><span style=\"color:blue\">&gt;</span>\r\n\t\t        <span style=\"color:blue\">&lt;</span><span style=\"color:#a31515\">div</span> <span style=\"color:red\">class</span><span style=\"color:blue\">=</span><span style=\"color:blue\">&quot;feedEdit&quot;</span> <span style=\"color:red\">id</span><span style=\"color:blue\">=</span><span style=\"color:blue\">&quot;feedInputNew1780&quot;</span> <span style=\"color:red\">style</span><span style=\"color:blue\">=</span><span style=\"color:blue\">&quot;display: none&quot;</span><span style=\"color:blue\">&gt;</span>\r\n\r\n                <span style=\"color:blue\">&lt;</span><span style=\"color:#a31515\">input</span> <span style=\"color:red\">type</span><span style=\"color:blue\">=</span><span style=\"color:blue\">&quot;hidden&quot;</span> <span style=\"color:red\">name</span><span style=\"color:blue\">=</span><span style=\"color:blue\">&quot;data[Feed][feed_category_id]&quot;</span> <span style=\"color:red\">id</span><span style=\"color:blue\">=</span><span style=\"color:blue\">&quot;FeedCategoryIdNew1780&quot;</span> <span style=\"color:red\">value</span><span style=\"color:blue\">=</span><span style=\"color:blue\">&quot;1780&quot;</span> <span style=\"color:blue\">/&gt;</span>        <span style=\"color:blue\">&lt;</span><span style=\"color:#a31515\">div</span> <span style=\"color:red\">class</span><span style=\"color:blue\">=</span><span style=\"color:blue\">&quot;fleft&quot;</span><span style=\"color:blue\">&gt;</span><span style=\"color:blue\">&lt;</span><span style=\"color:#a31515\">input</span> <span style=\"color:red\">name</span><span style=\"color:blue\">=</span><span style=\"color:blue\">&quot;data[Feed][name]&quot;</span> <span style=\"color:red\">type</span><span style=\"color:blue\">=</span><span style=\"color:blue\">&quot;text&quot;</span> <span style=\"color:red\">id</span><span style=\"color:blue\">=</span><span style=\"color:blue\">&quot;FeedNameNew1780&quot;</span> <span style=\"color:red\">value</span><span style=\"color:blue\">=</span><span style=\"color:blue\">&quot;&quot; class=&quot;feedinput feedInputTitle&quot;</span> <span style=\"color:red\">maxlength</span><span style=\"color:blue\">=</span><span style=\"color:blue\">&quot;100&quot;</span> <span style=\"color:blue\">/&gt;</span><span style=\"color:blue\">&lt;/</span><span style=\"color:#a31515\">div</span><span style=\"color:blue\">&gt;</span>        <span style=\"color:blue\">&lt;</span><span style=\"color:#a31515\">div</span> <span style=\"color:red\">class</span><span style=\"color:blue\">=</span><span style=\"color:blue\">&quot;fleft&quot;</span><span style=\"color:blue\">&gt;</span><span style=\"color:blue\">&lt;</span><span style=\"color:#a31515\">input</span> <span style=\"color:red\">name</span><span style=\"color:blue\">=</span><span style=\"color:blue\">&quot;data[Feed][path]&quot;</span> <span style=\"color:red\">type</span><span style=\"color:blue\">=</span><span style=\"color:blue\">&quot;text&quot;</span> <span style=\"color:red\">id</span><span style=\"color:blue\">=</span><span style=\"color:blue\">&quot;FeedPathNew1780&quot;</span> <span style=\"color:red\">value</span><span style=\"color:blue\">=</span><span style=\"color:blue\">&quot;&quot; class=&quot;feedinput feedInputRssFeed&quot;</span> <span style=\"color:red\">maxlength</span><span style=\"color:blue\">=</span><span style=\"color:blue\">&quot;500&quot;</span> <span style=\"color:blue\">/&gt;</span><span style=\"color:blue\">&lt;/</span><span style=\"color:#a31515\">div</span><span style=\"color:blue\">&gt;</span>        <span style=\"color:blue\">&lt;</span><span style=\"color:#a31515\">select</span> <span style=\"color:red\">name</span><span style=\"color:blue\">=</span><span style=\"color:blue\">&quot;data[Feed][feed_type]&quot;</span> <span style=\"color:red\">id</span><span style=\"color:blue\">=</span><span style=\"color:blue\">&quot;FeedTypeNew1780&quot;</span> <span style=\"color:red\">div</span><span style=\"color:blue\">=</span><span style=\"color:blue\">&quot;fleft&quot;</span> <span style=\"color:red\">label</span><span style=\"color:blue\">=</span><span style=\"color:blue\">&quot;&quot; class=&quot;feedinput feedInputType&quot;</span><span style=\"color:blue\">&gt;</span>\r\n<span style=\"color:blue\">&lt;</span><span style=\"color:#a31515\">option</span> <span style=\"color:red\">value</span><span style=\"color:blue\">=</span><span style=\"color:blue\">&quot;1&quot;</span> <span style=\"color:red\">selected</span><span style=\"color:blue\">=</span><span style=\"color:blue\">&quot;selected&quot;</span><span style=\"color:blue\">&gt;</span>Article<span style=\"color:blue\">&lt;/</span><span style=\"color:#a31515\">option</span><span style=\"color:blue\">&gt;</span>\r\n<span style=\"color:blue\">&lt;</span><span style=\"color:#a31515\">option</span> <span style=\"color:red\">value</span><span style=\"color:blue\">=</span><span style=\"color:blue\">&quot;3&quot;</span><span style=\"color:blue\">&gt;</span>Animation<span style=\"color:blue\">&lt;/</span><span style=\"color:#a31515\">option</span><span style=\"color:blue\">&gt;</span>\r\n<span style=\"color:blue\">&lt;</span><span style=\"color:#a31515\">option</span> <span style=\"color:red\">value</span><span style=\"color:blue\">=</span><span style=\"color:blue\">&quot;4&quot;</span><span style=\"color:blue\">&gt;</span>Image<span style=\"color:blue\">&lt;/</span><span style=\"color:#a31515\">option</span><span style=\"color:blue\">&gt;</span>\r\n<span style=\"color:blue\">&lt;</span><span style=\"color:#a31515\">option</span> <span style=\"color:red\">value</span><span style=\"color:blue\">=</span><span style=\"color:blue\">&quot;5&quot;</span><span style=\"color:blue\">&gt;</span>Slideshow<span style=\"color:blue\">&lt;/</span><span style=\"color:#a31515\">option</span><span style=\"color:blue\">&gt;</span>\r\n<span style=\"color:blue\">&lt;</span><span style=\"color:#a31515\">option</span> <span style=\"color:red\">value</span><span style=\"color:blue\">=</span><span style=\"color:blue\">&quot;6&quot;</span><span style=\"color:blue\">&gt;</span>Forecast<span style=\"color:blue\">&lt;/</span><span style=\"color:#a31515\">option</span><span style=\"color:blue\">&gt;</span>\r\n<span style=\"color:blue\">&lt;</span><span style=\"color:#a31515\">option</span> <span style=\"color:red\">value</span><span style=\"color:blue\">=</span><span style=\"color:blue\">&quot;7&quot;</span><span style=\"color:blue\">&gt;</span>Weather Conditions<span style=\"color:blue\">&lt;/</span><span style=\"color:#a31515\">option</span><span style=\"color:blue\">&gt;</span>\r\n\r\n<span style=\"color:blue\">&lt;</span><span style=\"color:#a31515\">option</span> <span style=\"color:red\">value</span><span style=\"color:blue\">=</span><span style=\"color:blue\">&quot;8&quot;</span><span style=\"color:blue\">&gt;</span>Weather Alerts<span style=\"color:blue\">&lt;/</span><span style=\"color:#a31515\">option</span><span style=\"color:blue\">&gt;</span>\r\n<span style=\"color:blue\">&lt;</span><span style=\"color:#a31515\">option</span> <span style=\"color:red\">value</span><span style=\"color:blue\">=</span><span style=\"color:blue\">&quot;9&quot;</span><span style=\"color:blue\">&gt;</span>About<span style=\"color:blue\">&lt;/</span><span style=\"color:#a31515\">option</span><span style=\"color:blue\">&gt;</span>\r\n<span style=\"color:blue\">&lt;</span><span style=\"color:#a31515\">option</span> <span style=\"color:red\">value</span><span style=\"color:blue\">=</span><span style=\"color:blue\">&quot;10&quot;</span><span style=\"color:blue\">&gt;</span>Traffic<span style=\"color:blue\">&lt;/</span><span style=\"color:#a31515\">option</span><span style=\"color:blue\">&gt;</span>\r\n<span style=\"color:blue\">&lt;</span><span style=\"color:#a31515\">option</span> <span style=\"color:red\">value</span><span style=\"color:blue\">=</span><span style=\"color:blue\">&quot;11&quot;</span><span style=\"color:blue\">&gt;</span>Audio Stream<span style=\"color:blue\">&lt;/</span><span style=\"color:#a31515\">option</span><span style=\"color:blue\">&gt;</span>\r\n<span style=\"color:blue\">&lt;</span><span style=\"color:#a31515\">option</span> <span style=\"color:red\">value</span><span style=\"color:blue\">=</span><span style=\"color:blue\">&quot;14&quot;</span><span style=\"color:blue\">&gt;</span>Single Item<span style=\"color:blue\">&lt;/</span><span style=\"color:#a31515\">option</span><span style=\"color:blue\">&gt;</span>\r\n<span style=\"color:blue\">&lt;</span><span style=\"color:#a31515\">option</span> <span style=\"color:red\">value</span><span style=\"color:blue\">=</span><span style=\"color:blue\">&quot;15&quot;</span><span style=\"color:blue\">&gt;</span>Load URL<span style=\"color:blue\">&lt;/</span><span style=\"color:#a31515\">option</span><span style=\"color:blue\">&gt;</span>\r\n<span style=\"color:blue\">&lt;</span><span style=\"color:#a31515\">option</span> <span style=\"color:red\">value</span><span style=\"color:blue\">=</span><span style=\"color:blue\">&quot;16&quot;</span><span style=\"color:blue\">&gt;</span>Google Traffic<span style=\"color:blue\">&lt;/</span><span style=\"color:#a31515\">option</span><span style=\"color:blue\">&gt;</span>\r\n<span style=\"color:blue\">&lt;/</span><span style=\"color:#a31515\">select</span><span style=\"color:blue\">&gt;</span>        <span style=\"color:blue\">&lt;</span><span style=\"color:#a31515\">select</span> <span style=\"color:red\">name</span><span style=\"color:blue\">=</span><span style=\"color:blue\">&quot;data[Feed][status]&quot;</span> <span style=\"color:red\">id</span><span style=\"color:blue\">=</span><span style=\"color:blue\">&quot;FeedStatusNew1780&quot;</span> <span style=\"color:red\">div</span><span style=\"color:blue\">=</span><span style=\"color:blue\">&quot;fleft&quot;</span> <span style=\"color:red\">label</span><span style=\"color:blue\">=</span><span style=\"color:blue\">&quot;&quot; class=&quot;feedinput feedInputStatus&quot;</span><span style=\"color:blue\">&gt;</span>\r\n<span style=\"color:blue\">&lt;</span><span style=\"color:#a31515\">option</span> <span style=\"color:red\">value</span><span style=\"color:blue\">=</span><span style=\"color:blue\">&quot;0&quot;</span><span style=\"color:blue\">&gt;</span>Off<span style=\"color:blue\">&lt;/</span><span style=\"color:#a31515\">option</span><span style=\"color:blue\">&gt;</span>\r\n\r\n<span style=\"color:blue\">&lt;</span><span style=\"color:#a31515\">option</span> <span style=\"color:red\">value</span><span style=\"color:blue\">=</span><span style=\"color:blue\">&quot;1&quot;</span> <span style=\"color:red\">selected</span><span style=\"color:blue\">=</span><span style=\"color:blue\">&quot;selected&quot;</span><span style=\"color:blue\">&gt;</span>On<span style=\"color:blue\">&lt;/</span><span style=\"color:#a31515\">option</span><span style=\"color:blue\">&gt;</span>\r\n<span style=\"color:blue\">&lt;/</span><span style=\"color:#a31515\">select</span><span style=\"color:blue\">&gt;</span>        \r\n        <span style=\"color:blue\">&lt;</span><span style=\"color:#a31515\">div</span> <span style=\"color:red\">class</span><span style=\"color:blue\">=</span><span style=\"color:blue\">&quot;clear&quot;</span><span style=\"color:blue\">&gt;</span><span style=\"color:blue\">&lt;/</span><span style=\"color:#a31515\">div</span><span style=\"color:blue\">&gt;</span>\r\n        \r\n        <span style=\"color:blue\">&lt;</span><span style=\"color:#a31515\">div</span> <span style=\"color:red\">class</span><span style=\"color:blue\">=</span><span style=\"color:blue\">&quot;feedInputSecond&quot;</span><span style=\"color:blue\">&gt;</span>\r\n          <span style=\"color:blue\">&lt;</span><span style=\"color:#a31515\">div</span> <span style=\"color:red\">class</span><span style=\"color:blue\">=</span><span style=\"color:blue\">&quot;feedDays fleft&quot;</span><span style=\"color:blue\">&gt;</span>\r\n            <span style=\"color:red\">&amp;nbsp;</span>\r\n          <span style=\"color:blue\">&lt;/</span><span style=\"color:#a31515\">div</span><span style=\"color:blue\">&gt;</span>\r\n          <span style=\"color:blue\">&lt;</span><span style=\"color:#a31515\">div</span> <span style=\"color:red\">class</span><span style=\"color:blue\">=</span><span style=\"color:blue\">&quot;feedButtons fleft&quot;</span> <span style=\"color:red\">id</span><span style=\"color:blue\">=</span><span style=\"color:blue\">&quot;feedButtonsNew1780&quot;</span><span style=\"color:blue\">&gt;</span>\r\n           <span style=\"color:blue\">&lt;</span><span style=\"color:#a31515\">div</span> <span style=\"color:red\">class</span><span style=\"color:blue\">=</span><span style=\"color:blue\">&quot;button feedButton&quot;</span> <span style=\"color:red\">onclick</span><span style=\"color:blue\">=</span><span style=\"color:blue\">&quot;saveFeed('New1780', 'add');&quot;</span><span style=\"color:blue\">&gt;</span><span style=\"color:blue\">&lt;</span><span style=\"color:#a31515\">img</span> <span style=\"color:red\">src</span><span style=\"color:blue\">=</span><span style=\"color:blue\">&quot;/img/images/management/images/save.png&quot; alt=&quot;&quot;</span> <span style=\"color:blue\">/&gt;</span><span style=\"color:blue\">&lt;/</span><span style=\"color:#a31515\">div</span><span style=\"color:blue\">&gt;</span>\r\n           <span style=\"color:blue\">&lt;</span><span style=\"color:#a31515\">div</span> <span style=\"color:red\">class</span><span style=\"color:blue\">=</span><span style=\"color:blue\">&quot;button feedButton&quot;</span> <span style=\"color:red\">onclick</span><span style=\"color:blue\">=</span><span style=\"color:blue\">&quot;cancelFeed('New1780', 'add');&quot;</span><span style=\"color:blue\">&gt;</span><span style=\"color:blue\">&lt;</span><span style=\"color:#a31515\">img</span> <span style=\"color:red\">src</span><span style=\"color:blue\">=</span><span style=\"color:blue\">&quot;/img/images/cancel.jpg&quot; alt=&quot;&quot;</span> <span style=\"color:blue\">/&gt;</span><span style=\"color:blue\">&lt;/</span><span style=\"color:#a31515\">div</span><span style=\"color:blue\">&gt;</span>\r\n\r\n                     <span style=\"color:blue\">&lt;/</span><span style=\"color:#a31515\">div</span><span style=\"color:blue\">&gt;</span>\r\n        <span style=\"color:blue\">&lt;/</span><span style=\"color:#a31515\">div</span><span style=\"color:blue\">&gt;</span>\r\n        \r\n      <span style=\"color:blue\">&lt;/</span><span style=\"color:#a31515\">div</span><span style=\"color:blue\">&gt;</span>\r\n\t\t  \t\t         <span style=\"color:blue\">&lt;</span><span style=\"color:#a31515\">li</span> <span style=\"color:red\">class</span><span style=\"color:blue\">=</span><span style=\"color:blue\">&quot;feedContainer&quot;</span> <span style=\"color:red\">id</span><span style=\"color:blue\">=</span><span style=\"color:blue\">&quot;feedHolder4537&quot;</span> <span style=\"color:red\">feedId</span><span style=\"color:blue\">=</span><span style=\"color:blue\">&quot;4537&quot;</span><span style=\"color:blue\">&gt;</span>\r\n        <span style=\"color:blue\">&lt;</span><span style=\"color:#a31515\">div</span> <span style=\"color:red\">class</span><span style=\"color:blue\">=</span><span style=\"color:blue\">&quot;feed&quot;</span> <span style=\"color:red\">id</span><span style=\"color:blue\">=</span><span style=\"color:blue\">&quot;feed4537&quot;</span><span style=\"color:blue\">&gt;</span>\r\n          <span style=\"color:blue\">&lt;</span><span style=\"color:#a31515\">div</span> <span style=\"color:red\">class</span><span style=\"color:blue\">=</span><span style=\"color:blue\">&quot;fleft feedCheckbox&quot;</span><span style=\"color:blue\">&gt;</span><span style=\"color:blue\">&lt;</span><span style=\"color:#a31515\">input</span> <span style=\"color:red\">type</span><span style=\"color:blue\">=</span><span style=\"color:blue\">&quot;checkbox&quot;</span> <span style=\"color:red\">id</span><span style=\"color:blue\">=</span><span style=\"color:blue\">&quot;feedCheckbox4537&quot;</span> <span style=\"color:red\">onclick</span><span style=\"color:blue\">=</span><span style=\"color:blue\">&quot;editFeed('4537');&quot;</span> <span style=\"color:blue\">/&gt;</span><span style=\"color:blue\">&lt;/</span><span style=\"color:#a31515\">div</span><span style=\"color:blue\">&gt;</span>\r\n          <span style=\"color:blue\">&lt;</span><span style=\"color:#a31515\">div</span> <span style=\"color:red\">class</span><span style=\"color:blue\">=</span><span style=\"color:blue\">&quot;fleft feedTitle&quot;</span> <span style=\"color:red\">id</span><span style=\"color:blue\">=</span><span style=\"color:blue\">&quot;feedTitle4537&quot;</span> <span style=\"color:red\">feedName</span><span style=\"color:blue\">=</span><span style=\"color:blue\">&quot;Test&quot;</span><span style=\"color:blue\">&gt;</span>Test<span style=\"color:blue\">&lt;/</span><span style=\"color:#a31515\">div</span><span style=\"color:blue\">&gt;</span>\r\n          <span style=\"color:blue\">&lt;</span><span style=\"color:#a31515\">div</span> <span style=\"color:red\">class</span><span style=\"color:blue\">=</span><span style=\"color:blue\">&quot;fleft feedRssFeed&quot;</span> <span style=\"color:red\">id</span><span style=\"color:blue\">=</span><span style=\"color:blue\">&quot;feedRSSFeed4537&quot; feedPath=&quot;&quot;</span><span style=\"color:blue\">&gt;</span><span style=\"color:red\">&amp;nbsp;</span><span style=\"color:blue\">&lt;/</span><span style=\"color:#a31515\">div</span><span style=\"color:blue\">&gt;</span>\r\n\r\n          <span style=\"color:blue\">&lt;</span><span style=\"color:#a31515\">div</span> <span style=\"color:red\">class</span><span style=\"color:blue\">=</span><span style=\"color:blue\">&quot;fleft feedType&quot;</span> <span style=\"color:red\">id</span><span style=\"color:blue\">=</span><span style=\"color:blue\">&quot;feedType4537&quot;</span> <span style=\"color:red\">feedTypeId</span><span style=\"color:blue\">=</span><span style=\"color:blue\">&quot;7&quot;</span><span style=\"color:blue\">&gt;</span>Weather Conditions<span style=\"color:blue\">&lt;/</span><span style=\"color:#a31515\">div</span><span style=\"color:blue\">&gt;</span>\r\n          <span style=\"color:blue\">&lt;</span><span style=\"color:#a31515\">div</span> <span style=\"color:red\">class</span><span style=\"color:blue\">=</span><span style=\"color:blue\">&quot;fleft feedStatus&quot;</span> <span style=\"color:red\">id</span><span style=\"color:blue\">=</span><span style=\"color:blue\">&quot;feedStatus4537&quot;</span> <span style=\"color:red\">feedStatusId</span><span style=\"color:blue\">=</span><span style=\"color:blue\">&quot;1&quot;</span><span style=\"color:blue\">&gt;</span>On<span style=\"color:blue\">&lt;/</span><span style=\"color:#a31515\">div</span><span style=\"color:blue\">&gt;</span>\r\n          <span style=\"color:blue\">&lt;</span><span style=\"color:#a31515\">div</span> <span style=\"color:red\">class</span><span style=\"color:blue\">=</span><span style=\"color:blue\">&quot;feedHandle fright&quot;</span><span style=\"color:blue\">&gt;</span><span style=\"color:blue\">&lt;</span><span style=\"color:#a31515\">img</span> <span style=\"color:red\">src</span><span style=\"color:blue\">=</span><span style=\"color:blue\">&quot;/img/move_icon.png&quot; alt=&quot;&quot;</span> <span style=\"color:blue\">/&gt;</span><span style=\"color:blue\">&lt;/</span><span style=\"color:#a31515\">div</span><span style=\"color:blue\">&gt;</span>\r\n        <span style=\"color:blue\">&lt;/</span><span style=\"color:#a31515\">div</span><span style=\"color:blue\">&gt;</span>\r\n        <span style=\"color:blue\">&lt;</span><span style=\"color:#a31515\">div</span> <span style=\"color:red\">class</span><span style=\"color:blue\">=</span><span style=\"color:blue\">&quot;clear&quot;</span><span style=\"color:blue\">&gt;</span><span style=\"color:blue\">&lt;/</span><span style=\"color:#a31515\">div</span><span style=\"color:blue\">&gt;</span>\r\n        \r\n              <span style=\"color:blue\">&lt;</span><span style=\"color:#a31515\">div</span> <span style=\"color:red\">class</span><span style=\"color:blue\">=</span><span style=\"color:blue\">&quot;feedEdit&quot;</span> <span style=\"color:red\">id</span><span style=\"color:blue\">=</span><span style=\"color:blue\">&quot;feedInput4537&quot;</span> <span style=\"color:red\">style</span><span style=\"color:blue\">=</span><span style=\"color:blue\">&quot;display: none&quot;</span><span style=\"color:blue\">&gt;</span>\r\n                  <span style=\"color:blue\">&lt;</span><span style=\"color:#a31515\">input</span> <span style=\"color:red\">type</span><span style=\"color:blue\">=</span><span style=\"color:blue\">&quot;hidden&quot;</span> <span style=\"color:red\">name</span><span style=\"color:blue\">=</span><span style=\"color:blue\">&quot;data[Feed][id]&quot;</span> <span style=\"color:red\">id</span><span style=\"color:blue\">=</span><span style=\"color:blue\">&quot;FeedId4537&quot;</span> <span style=\"color:red\">value</span><span style=\"color:blue\">=</span><span style=\"color:blue\">&quot;4537&quot;</span> <span style=\"color:blue\">/&gt;</span>                <span style=\"color:blue\">&lt;</span><span style=\"color:#a31515\">input</span> <span style=\"color:red\">type</span><span style=\"color:blue\">=</span><span style=\"color:blue\">&quot;hidden&quot;</span> <span style=\"color:red\">name</span><span style=\"color:blue\">=</span><span style=\"color:blue\">&quot;data[Feed][feed_category_id]&quot;</span> <span style=\"color:red\">id</span><span style=\"color:blue\">=</span><span style=\"color:blue\">&quot;FeedCategoryId4537&quot;</span> <span style=\"color:red\">value</span><span style=\"color:blue\">=</span><span style=\"color:blue\">&quot;1780&quot;</span> <span style=\"color:blue\">/&gt;</span>        <span style=\"color:blue\">&lt;</span><span style=\"color:#a31515\">div</span> <span style=\"color:red\">class</span><span style=\"color:blue\">=</span><span style=\"color:blue\">&quot;fleft&quot;</span><span style=\"color:blue\">&gt;</span><span style=\"color:blue\">&lt;</span><span style=\"color:#a31515\">input</span> <span style=\"color:red\">name</span><span style=\"color:blue\">=</span><span style=\"color:blue\">&quot;data[Feed][name]&quot;</span> <span style=\"color:red\">type</span><span style=\"color:blue\">=</span><span style=\"color:blue\">&quot;text&quot;</span> <span style=\"color:red\">id</span><span style=\"color:blue\">=</span><span style=\"color:blue\">&quot;FeedName4537&quot;</span> <span style=\"color:red\">value</span><span style=\"color:blue\">=</span><span style=\"color:blue\">&quot;Test&quot;</span> <span style=\"color:red\">class</span><span style=\"color:blue\">=</span><span style=\"color:blue\">&quot;feedinput feedInputTitle&quot;</span> <span style=\"color:red\">maxlength</span><span style=\"color:blue\">=</span><span style=\"color:blue\">&quot;100&quot;</span> <span style=\"color:blue\">/&gt;</span><span style=\"color:blue\">&lt;/</span><span style=\"color:#a31515\">div</span><span style=\"color:blue\">&gt;</span>        <span style=\"color:blue\">&lt;</span><span style=\"color:#a31515\">div</span> <span style=\"color:red\">class</span><span style=\"color:blue\">=</span><span style=\"color:blue\">&quot;fleft&quot;</span><span style=\"color:blue\">&gt;</span><span style=\"color:blue\">&lt;</span><span style=\"color:#a31515\">input</span> <span style=\"color:red\">name</span><span style=\"color:blue\">=</span><span style=\"color:blue\">&quot;data[Feed][path]&quot;</span> <span style=\"color:red\">type</span><span style=\"color:blue\">=</span><span style=\"color:blue\">&quot;text&quot;</span> <span style=\"color:red\">id</span><span style=\"color:blue\">=</span><span style=\"color:blue\">&quot;FeedPath4537&quot;</span> <span style=\"color:red\">value</span><span style=\"color:blue\">=</span><span style=\"color:blue\">&quot;&quot; class=&quot;feedinput feedInputRssFeed&quot;</span> <span style=\"color:red\">maxlength</span><span style=\"color:blue\">=</span><span style=\"color:blue\">&quot;500&quot;</span> <span style=\"color:blue\">/&gt;</span><span style=\"color:blue\">&lt;/</span><span style=\"color:#a31515\">div</span><span style=\"color:blue\">&gt;</span>        <span style=\"color:blue\">&lt;</span><span style=\"color:#a31515\">select</span> <span style=\"color:red\">name</span><span style=\"color:blue\">=</span><span style=\"color:blue\">&quot;data[Feed][feed_type]&quot;</span> <span style=\"color:red\">id</span><span style=\"color:blue\">=</span><span style=\"color:blue\">&quot;FeedType4537&quot;</span> <span style=\"color:red\">div</span><span style=\"color:blue\">=</span><span style=\"color:blue\">&quot;fleft&quot;</span> <span style=\"color:red\">label</span><span style=\"color:blue\">=</span><span style=\"color:blue\">&quot;&quot; class=&quot;feedinput feedInputType&quot;</span><span style=\"color:blue\">&gt;</span>\r\n\r\n<span style=\"color:blue\">&lt;</span><span style=\"color:#a31515\">option</span> <span style=\"color:red\">value</span><span style=\"color:blue\">=</span><span style=\"color:blue\">&quot;1&quot;</span><span style=\"color:blue\">&gt;</span>Article<span style=\"color:blue\">&lt;/</span><span style=\"color:#a31515\">option</span><span style=\"color:blue\">&gt;</span>\r\n<span style=\"color:blue\">&lt;</span><span style=\"color:#a31515\">option</span> <span style=\"color:red\">value</span><span style=\"color:blue\">=</span><span style=\"color:blue\">&quot;3&quot;</span><span style=\"color:blue\">&gt;</span>Animation<span style=\"color:blue\">&lt;/</span><span style=\"color:#a31515\">option</span><span style=\"color:blue\">&gt;</span>\r\n<span style=\"color:blue\">&lt;</span><span style=\"color:#a31515\">option</span> <span style=\"color:red\">value</span><span style=\"color:blue\">=</span><span style=\"color:blue\">&quot;4&quot;</span><span style=\"color:blue\">&gt;</span>Image<span style=\"color:blue\">&lt;/</span><span style=\"color:#a31515\">option</span><span style=\"color:blue\">&gt;</span>\r\n<span style=\"color:blue\">&lt;</span><span style=\"color:#a31515\">option</span> <span style=\"color:red\">value</span><span style=\"color:blue\">=</span><span style=\"color:blue\">&quot;5&quot;</span><span style=\"color:blue\">&gt;</span>Slideshow<span style=\"color:blue\">&lt;/</span><span style=\"color:#a31515\">option</span><span style=\"color:blue\">&gt;</span>\r\n<span style=\"color:blue\">&lt;</span><span style=\"color:#a31515\">option</span> <span style=\"color:red\">value</span><span style=\"color:blue\">=</span><span style=\"color:blue\">&quot;6&quot;</span><span style=\"color:blue\">&gt;</span>Forecast<span style=\"color:blue\">&lt;/</span><span style=\"color:#a31515\">option</span><span style=\"color:blue\">&gt;</span>\r\n<span style=\"color:blue\">&lt;</span><span style=\"color:#a31515\">option</span> <span style=\"color:red\">value</span><span style=\"color:blue\">=</span><span style=\"color:blue\">&quot;7&quot;</span> <span style=\"color:red\">selected</span><span style=\"color:blue\">=</span><span style=\"color:blue\">&quot;selected&quot;</span><span style=\"color:blue\">&gt;</span>Weather Conditions<span style=\"color:blue\">&lt;/</span><span style=\"color:#a31515\">option</span><span style=\"color:blue\">&gt;</span>\r\n<span style=\"color:blue\">&lt;</span><span style=\"color:#a31515\">option</span> <span style=\"color:red\">value</span><span style=\"color:blue\">=</span><span style=\"color:blue\">&quot;8&quot;</span><span style=\"color:blue\">&gt;</span>Weather Alerts<span style=\"color:blue\">&lt;/</span><span style=\"color:#a31515\">option</span><span style=\"color:blue\">&gt;</span>\r\n<span style=\"color:blue\">&lt;</span><span style=\"color:#a31515\">option</span> <span style=\"color:red\">value</span><span style=\"color:blue\">=</span><span style=\"color:blue\">&quot;9&quot;</span><span style=\"color:blue\">&gt;</span>About<span style=\"color:blue\">&lt;/</span><span style=\"color:#a31515\">option</span><span style=\"color:blue\">&gt;</span>\r\n<span style=\"color:blue\">&lt;</span><span style=\"color:#a31515\">option</span> <span style=\"color:red\">value</span><span style=\"color:blue\">=</span><span style=\"color:blue\">&quot;10&quot;</span><span style=\"color:blue\">&gt;</span>Traffic<span style=\"color:blue\">&lt;/</span><span style=\"color:#a31515\">option</span><span style=\"color:blue\">&gt;</span>\r\n\r\n<span style=\"color:blue\">&lt;</span><span style=\"color:#a31515\">option</span> <span style=\"color:red\">value</span><span style=\"color:blue\">=</span><span style=\"color:blue\">&quot;11&quot;</span><span style=\"color:blue\">&gt;</span>Audio Stream<span style=\"color:blue\">&lt;/</span><span style=\"color:#a31515\">option</span><span style=\"color:blue\">&gt;</span>\r\n<span style=\"color:blue\">&lt;</span><span style=\"color:#a31515\">option</span> <span style=\"color:red\">value</span><span style=\"color:blue\">=</span><span style=\"color:blue\">&quot;14&quot;</span><span style=\"color:blue\">&gt;</span>Single Item<span style=\"color:blue\">&lt;/</span><span style=\"color:#a31515\">option</span><span style=\"color:blue\">&gt;</span>\r\n<span style=\"color:blue\">&lt;</span><span style=\"color:#a31515\">option</span> <span style=\"color:red\">value</span><span style=\"color:blue\">=</span><span style=\"color:blue\">&quot;15&quot;</span><span style=\"color:blue\">&gt;</span>Load URL<span style=\"color:blue\">&lt;/</span><span style=\"color:#a31515\">option</span><span style=\"color:blue\">&gt;</span>\r\n<span style=\"color:blue\">&lt;</span><span style=\"color:#a31515\">option</span> <span style=\"color:red\">value</span><span style=\"color:blue\">=</span><span style=\"color:blue\">&quot;16&quot;</span><span style=\"color:blue\">&gt;</span>Google Traffic<span style=\"color:blue\">&lt;/</span><span style=\"color:#a31515\">option</span><span style=\"color:blue\">&gt;</span>\r\n<span style=\"color:blue\">&lt;/</span><span style=\"color:#a31515\">select</span><span style=\"color:blue\">&gt;</span>        <span style=\"color:blue\">&lt;</span><span style=\"color:#a31515\">select</span> <span style=\"color:red\">name</span><span style=\"color:blue\">=</span><span style=\"color:blue\">&quot;data[Feed][status]&quot;</span> <span style=\"color:red\">id</span><span style=\"color:blue\">=</span><span style=\"color:blue\">&quot;FeedStatus4537&quot;</span> <span style=\"color:red\">div</span><span style=\"color:blue\">=</span><span style=\"color:blue\">&quot;fleft&quot;</span> <span style=\"color:red\">label</span><span style=\"color:blue\">=</span><span style=\"color:blue\">&quot;&quot; class=&quot;feedinput feedInputStatus&quot;</span><span style=\"color:blue\">&gt;</span>\r\n<span style=\"color:blue\">&lt;</span><span style=\"color:#a31515\">option</span> <span style=\"color:red\">value</span><span style=\"color:blue\">=</span><span style=\"color:blue\">&quot;0&quot;</span><span style=\"color:blue\">&gt;</span>Off<span style=\"color:blue\">&lt;/</span><span style=\"color:#a31515\">option</span><span style=\"color:blue\">&gt;</span>\r\n<span style=\"color:blue\">&lt;</span><span style=\"color:#a31515\">option</span> <span style=\"color:red\">value</span><span style=\"color:blue\">=</span><span style=\"color:blue\">&quot;1&quot;</span> <span style=\"color:red\">selected</span><span style=\"color:blue\">=</span><span style=\"color:blue\">&quot;selected&quot;</span><span style=\"color:blue\">&gt;</span>On<span style=\"color:blue\">&lt;/</span><span style=\"color:#a31515\">option</span><span style=\"color:blue\">&gt;</span>\r\n<span style=\"color:blue\">&lt;/</span><span style=\"color:#a31515\">select</span><span style=\"color:blue\">&gt;</span>        \r\n        <span style=\"color:blue\">&lt;</span><span style=\"color:#a31515\">div</span> <span style=\"color:red\">class</span><span style=\"color:blue\">=</span><span style=\"color:blue\">&quot;clear&quot;</span><span style=\"color:blue\">&gt;</span><span style=\"color:blue\">&lt;/</span><span style=\"color:#a31515\">div</span><span style=\"color:blue\">&gt;</span>\r\n        \r\n        <span style=\"color:blue\">&lt;</span><span style=\"color:#a31515\">div</span> <span style=\"color:red\">class</span><span style=\"color:blue\">=</span><span style=\"color:blue\">&quot;feedInputSecond&quot;</span><span style=\"color:blue\">&gt;</span>\r\n\r\n          <span style=\"color:blue\">&lt;</span><span style=\"color:#a31515\">div</span> <span style=\"color:red\">class</span><span style=\"color:blue\">=</span><span style=\"color:blue\">&quot;feedDays fleft&quot;</span><span style=\"color:blue\">&gt;</span>\r\n            <span style=\"color:red\">&amp;nbsp;</span>\r\n          <span style=\"color:blue\">&lt;/</span><span style=\"color:#a31515\">div</span><span style=\"color:blue\">&gt;</span>\r\n          <span style=\"color:blue\">&lt;</span><span style=\"color:#a31515\">div</span> <span style=\"color:red\">class</span><span style=\"color:blue\">=</span><span style=\"color:blue\">&quot;feedButtons fleft&quot;</span> <span style=\"color:red\">id</span><span style=\"color:blue\">=</span><span style=\"color:blue\">&quot;feedButtons4537&quot;</span><span style=\"color:blue\">&gt;</span>\r\n           <span style=\"color:blue\">&lt;</span><span style=\"color:#a31515\">div</span> <span style=\"color:red\">class</span><span style=\"color:blue\">=</span><span style=\"color:blue\">&quot;button feedButton&quot;</span> <span style=\"color:red\">onclick</span><span style=\"color:blue\">=</span><span style=\"color:blue\">&quot;saveFeed('4537', 'edit');&quot;</span><span style=\"color:blue\">&gt;</span><span style=\"color:blue\">&lt;</span><span style=\"color:#a31515\">img</span> <span style=\"color:red\">src</span><span style=\"color:blue\">=</span><span style=\"color:blue\">&quot;/img/images/management/images/save.png&quot; alt=&quot;&quot;</span> <span style=\"color:blue\">/&gt;</span><span style=\"color:blue\">&lt;/</span><span style=\"color:#a31515\">div</span><span style=\"color:blue\">&gt;</span>\r\n           <span style=\"color:blue\">&lt;</span><span style=\"color:#a31515\">div</span> <span style=\"color:red\">class</span><span style=\"color:blue\">=</span><span style=\"color:blue\">&quot;button feedButton&quot;</span> <span style=\"color:red\">onclick</span><span style=\"color:blue\">=</span><span style=\"color:blue\">&quot;cancelFeed('4537', 'edit');&quot;</span><span style=\"color:blue\">&gt;</span><span style=\"color:blue\">&lt;</span><span style=\"color:#a31515\">img</span> <span style=\"color:red\">src</span><span style=\"color:blue\">=</span><span style=\"color:blue\">&quot;/img/images/cancel.jpg&quot; alt=&quot;&quot;</span> <span style=\"color:blue\">/&gt;</span><span style=\"color:blue\">&lt;/</span><span style=\"color:#a31515\">div</span><span style=\"color:blue\">&gt;</span>\r\n                      <span style=\"color:blue\">&lt;</span><span style=\"color:#a31515\">div</span> <span style=\"color:red\">class</span><span style=\"color:blue\">=</span><span style=\"color:blue\">&quot;button feedButton&quot;</span> <span style=\"color:red\">onclick</span><span style=\"color:blue\">=</span><span style=\"color:blue\">&quot;deleteFeed('4537', 'Test');&quot;</span><span style=\"color:blue\">&gt;</span><span style=\"color:blue\">&lt;</span><span style=\"color:#a31515\">img</span> <span style=\"color:red\">src</span><span style=\"color:blue\">=</span><span style=\"color:blue\">&quot;/img/images/management/images/delete.png&quot; alt=&quot;&quot;</span> <span style=\"color:blue\">/&gt;</span><span style=\"color:blue\">&lt;/</span><span style=\"color:#a31515\">div</span><span style=\"color:blue\">&gt;</span>\r\n                     <span style=\"color:blue\">&lt;/</span><span style=\"color:#a31515\">div</span><span style=\"color:blue\">&gt;</span>\r\n        <span style=\"color:blue\">&lt;/</span><span style=\"color:#a31515\">div</span><span style=\"color:blue\">&gt;</span>\r\n\r\n        \r\n      <span style=\"color:blue\">&lt;/</span><span style=\"color:#a31515\">div</span><span style=\"color:blue\">&gt;</span>\r\n      <span style=\"color:blue\">&lt;/</span><span style=\"color:#a31515\">li</span><span style=\"color:blue\">&gt;</span>\r\n\t\t  \t\t  \t\t         <span style=\"color:blue\">&lt;</span><span style=\"color:#a31515\">li</span> <span style=\"color:red\">class</span><span style=\"color:blue\">=</span><span style=\"color:blue\">&quot;feedContainer&quot;</span> <span style=\"color:red\">id</span><span style=\"color:blue\">=</span><span style=\"color:blue\">&quot;feedHolder4545&quot;</span> <span style=\"color:red\">feedId</span><span style=\"color:blue\">=</span><span style=\"color:blue\">&quot;4545&quot;</span><span style=\"color:blue\">&gt;</span>\r\n        <span style=\"color:blue\">&lt;</span><span style=\"color:#a31515\">div</span> <span style=\"color:red\">class</span><span style=\"color:blue\">=</span><span style=\"color:blue\">&quot;feed&quot;</span> <span style=\"color:red\">id</span><span style=\"color:blue\">=</span><span style=\"color:blue\">&quot;feed4545&quot;</span><span style=\"color:blue\">&gt;</span>\r\n          <span style=\"color:blue\">&lt;</span><span style=\"color:#a31515\">div</span> <span style=\"color:red\">class</span><span style=\"color:blue\">=</span><span style=\"color:blue\">&quot;fleft feedCheckbox&quot;</span><span style=\"color:blue\">&gt;</span><span style=\"color:blue\">&lt;</span><span style=\"color:#a31515\">input</span> <span style=\"color:red\">type</span><span style=\"color:blue\">=</span><span style=\"color:blue\">&quot;checkbox&quot;</span> <span style=\"color:red\">id</span><span style=\"color:blue\">=</span><span style=\"color:blue\">&quot;feedCheckbox4545&quot;</span> <span style=\"color:red\">onclick</span><span style=\"color:blue\">=</span><span style=\"color:blue\">&quot;editFeed('4545');&quot;</span> <span style=\"color:blue\">/&gt;</span><span style=\"color:blue\">&lt;/</span><span style=\"color:#a31515\">div</span><span style=\"color:blue\">&gt;</span>\r\n          <span style=\"color:blue\">&lt;</span><span style=\"color:#a31515\">div</span> <span style=\"color:red\">class</span><span style=\"color:blue\">=</span><span style=\"color:blue\">&quot;fleft feedTitle&quot;</span> <span style=\"color:red\">id</span><span style=\"color:blue\">=</span><span style=\"color:blue\">&quot;feedTitle4545&quot;</span> <span style=\"color:red\">feedName</span><span style=\"color:blue\">=</span><span style=\"color:blue\">&quot;sdf&quot;</span><span style=\"color:blue\">&gt;</span>sdf<span style=\"color:blue\">&lt;/</span><span style=\"color:#a31515\">div</span><span style=\"color:blue\">&gt;</span>\r\n          <span style=\"color:blue\">&lt;</span><span style=\"color:#a31515\">div</span> <span style=\"color:red\">class</span><span style=\"color:blue\">=</span><span style=\"color:blue\">&quot;fleft feedRssFeed&quot;</span> <span style=\"color:red\">id</span><span style=\"color:blue\">=</span><span style=\"color:blue\">&quot;feedRSSFeed4545&quot; feedPath=&quot;&quot;</span><span style=\"color:blue\">&gt;</span><span style=\"color:red\">&amp;nbsp;</span><span style=\"color:blue\">&lt;/</span><span style=\"color:#a31515\">div</span><span style=\"color:blue\">&gt;</span>\r\n          <span style=\"color:blue\">&lt;</span><span style=\"color:#a31515\">div</span> <span style=\"color:red\">class</span><span style=\"color:blue\">=</span><span style=\"color:blue\">&quot;fleft feedType&quot;</span> <span style=\"color:red\">id</span><span style=\"color:blue\">=</span><span style=\"color:blue\">&quot;feedType4545&quot;</span> <span style=\"color:red\">feedTypeId</span><span style=\"color:blue\">=</span><span style=\"color:blue\">&quot;8&quot;</span><span style=\"color:blue\">&gt;</span>Weather Alerts<span style=\"color:blue\">&lt;/</span><span style=\"color:#a31515\">div</span><span style=\"color:blue\">&gt;</span>\r\n\r\n          <span style=\"color:blue\">&lt;</span><span style=\"color:#a31515\">div</span> <span style=\"color:red\">class</span><span style=\"color:blue\">=</span><span style=\"color:blue\">&quot;fleft feedStatus&quot;</span> <span style=\"color:red\">id</span><span style=\"color:blue\">=</span><span style=\"color:blue\">&quot;feedStatus4545&quot;</span> <span style=\"color:red\">feedStatusId</span><span style=\"color:blue\">=</span><span style=\"color:blue\">&quot;1&quot;</span><span style=\"color:blue\">&gt;</span>On<span style=\"color:blue\">&lt;/</span><span style=\"color:#a31515\">div</span><span style=\"color:blue\">&gt;</span>\r\n          <span style=\"color:blue\">&lt;</span><span style=\"color:#a31515\">div</span> <span style=\"color:red\">class</span><span style=\"color:blue\">=</span><span style=\"color:blue\">&quot;feedHandle fright&quot;</span><span style=\"color:blue\">&gt;</span><span style=\"color:blue\">&lt;</span><span style=\"color:#a31515\">img</span> <span style=\"color:red\">src</span><span style=\"color:blue\">=</span><span style=\"color:blue\">&quot;/img/move_icon.png&quot; alt=&quot;&quot;</span> <span style=\"color:blue\">/&gt;</span><span style=\"color:blue\">&lt;/</span><span style=\"color:#a31515\">div</span><span style=\"color:blue\">&gt;</span>\r\n        <span style=\"color:blue\">&lt;/</span><span style=\"color:#a31515\">div</span><span style=\"color:blue\">&gt;</span>\r\n        <span style=\"color:blue\">&lt;</span><span style=\"color:#a31515\">div</span> <span style=\"color:red\">class</span><span style=\"color:blue\">=</span><span style=\"color:blue\">&quot;clear&quot;</span><span style=\"color:blue\">&gt;</span><span style=\"color:blue\">&lt;/</span><span style=\"color:#a31515\">div</span><span style=\"color:blue\">&gt;</span>\r\n        \r\n              <span style=\"color:blue\">&lt;</span><span style=\"color:#a31515\">div</span> <span style=\"color:red\">class</span><span style=\"color:blue\">=</span><span style=\"color:blue\">&quot;feedEdit&quot;</span> <span style=\"color:red\">id</span><span style=\"color:blue\">=</span><span style=\"color:blue\">&quot;feedInput4545&quot;</span> <span style=\"color:red\">style</span><span style=\"color:blue\">=</span><span style=\"color:blue\">&quot;display: none&quot;</span><span style=\"color:blue\">&gt;</span>\r\n                  <span style=\"color:blue\">&lt;</span><span style=\"color:#a31515\">input</span> <span style=\"color:red\">type</span><span style=\"color:blue\">=</span><span style=\"color:blue\">&quot;hidden&quot;</span> <span style=\"color:red\">name</span><span style=\"color:blue\">=</span><span style=\"color:blue\">&quot;data[Feed][id]&quot;</span> <span style=\"color:red\">id</span><span style=\"color:blue\">=</span><span style=\"color:blue\">&quot;FeedId4545&quot;</span> <span style=\"color:red\">value</span><span style=\"color:blue\">=</span><span style=\"color:blue\">&quot;4545&quot;</span> <span style=\"color:blue\">/&gt;</span>                <span style=\"color:blue\">&lt;</span><span style=\"color:#a31515\">input</span> <span style=\"color:red\">type</span><span style=\"color:blue\">=</span><span style=\"color:blue\">&quot;hidden&quot;</span> <span style=\"color:red\">name</span><span style=\"color:blue\">=</span><span style=\"color:blue\">&quot;data[Feed][feed_category_id]&quot;</span> <span style=\"color:red\">id</span><span style=\"color:blue\">=</span><span style=\"color:blue\">&quot;FeedCategoryId4545&quot;</span> <span style=\"color:red\">value</span><span style=\"color:blue\">=</span><span style=\"color:blue\">&quot;1780&quot;</span> <span style=\"color:blue\">/&gt;</span>        <span style=\"color:blue\">&lt;</span><span style=\"color:#a31515\">div</span> <span style=\"color:red\">class</span><span style=\"color:blue\">=</span><span style=\"color:blue\">&quot;fleft&quot;</span><span style=\"color:blue\">&gt;</span><span style=\"color:blue\">&lt;</span><span style=\"color:#a31515\">input</span> <span style=\"color:red\">name</span><span style=\"color:blue\">=</span><span style=\"color:blue\">&quot;data[Feed][name]&quot;</span> <span style=\"color:red\">type</span><span style=\"color:blue\">=</span><span style=\"color:blue\">&quot;text&quot;</span> <span style=\"color:red\">id</span><span style=\"color:blue\">=</span><span style=\"color:blue\">&quot;FeedName4545&quot;</span> <span style=\"color:red\">value</span><span style=\"color:blue\">=</span><span style=\"color:blue\">&quot;sdf&quot;</span> <span style=\"color:red\">class</span><span style=\"color:blue\">=</span><span style=\"color:blue\">&quot;feedinput feedInputTitle&quot;</span> <span style=\"color:red\">maxlength</span><span style=\"color:blue\">=</span><span style=\"color:blue\">&quot;100&quot;</span> <span style=\"color:blue\">/&gt;</span><span style=\"color:blue\">&lt;/</span><span style=\"color:#a31515\">div</span><span style=\"color:blue\">&gt;</span>        <span style=\"color:blue\">&lt;</span><span style=\"color:#a31515\">div</span> <span style=\"color:red\">class</span><span style=\"color:blue\">=</span><span style=\"color:blue\">&quot;fleft&quot;</span><span style=\"color:blue\">&gt;</span><span style=\"color:blue\">&lt;</span><span style=\"color:#a31515\">input</span> <span style=\"color:red\">name</span><span style=\"color:blue\">=</span><span style=\"color:blue\">&quot;data[Feed][path]&quot;</span> <span style=\"color:red\">type</span><span style=\"color:blue\">=</span><span style=\"color:blue\">&quot;text&quot;</span> <span style=\"color:red\">id</span><span style=\"color:blue\">=</span><span style=\"color:blue\">&quot;FeedPath4545&quot;</span> <span style=\"color:red\">value</span><span style=\"color:blue\">=</span><span style=\"color:blue\">&quot;&quot; class=&quot;feedinput feedInputRssFeed&quot;</span> <span style=\"color:red\">maxlength</span><span style=\"color:blue\">=</span><span style=\"color:blue\">&quot;500&quot;</span> <span style=\"color:blue\">/&gt;</span><span style=\"color:blue\">&lt;/</span><span style=\"color:#a31515\">div</span><span style=\"color:blue\">&gt;</span>        <span style=\"color:blue\">&lt;</span><span style=\"color:#a31515\">select</span> <span style=\"color:red\">name</span><span style=\"color:blue\">=</span><span style=\"color:blue\">&quot;data[Feed][feed_type]&quot;</span> <span style=\"color:red\">id</span><span style=\"color:blue\">=</span><span style=\"color:blue\">&quot;FeedType4545&quot;</span> <span style=\"color:red\">div</span><span style=\"color:blue\">=</span><span style=\"color:blue\">&quot;fleft&quot;</span> <span style=\"color:red\">label</span><span style=\"color:blue\">=</span><span style=\"color:blue\">&quot;&quot; class=&quot;feedinput feedInputType&quot;</span><span style=\"color:blue\">&gt;</span>\r\n\r\n<span style=\"color:blue\">&lt;</span><span style=\"color:#a31515\">option</span> <span style=\"color:red\">value</span><span style=\"color:blue\">=</span><span style=\"color:blue\">&quot;1&quot;</span><span style=\"color:blue\">&gt;</span>Article<span style=\"color:blue\">&lt;/</span><span style=\"color:#a31515\">option</span><span style=\"color:blue\">&gt;</span>\r\n<span style=\"color:blue\">&lt;</span><span style=\"color:#a31515\">option</span> <span style=\"color:red\">value</span><span style=\"color:blue\">=</span><span style=\"color:blue\">&quot;3&quot;</span><span style=\"color:blue\">&gt;</span>Animation<span style=\"color:blue\">&lt;/</span><span style=\"color:#a31515\">option</span><span style=\"color:blue\">&gt;</span>\r\n<span style=\"color:blue\">&lt;</span><span style=\"color:#a31515\">option</span> <span style=\"color:red\">value</span><span style=\"color:blue\">=</span><span style=\"color:blue\">&quot;4&quot;</span><span style=\"color:blue\">&gt;</span>Image<span style=\"color:blue\">&lt;/</span><span style=\"color:#a31515\">option</span><span style=\"color:blue\">&gt;</span>\r\n<span style=\"color:blue\">&lt;</span><span style=\"color:#a31515\">option</span> <span style=\"color:red\">value</span><span style=\"color:blue\">=</span><span style=\"color:blue\">&quot;5&quot;</span><span style=\"color:blue\">&gt;</span>Slideshow<span style=\"color:blue\">&lt;/</span><span style=\"color:#a31515\">option</span><span style=\"color:blue\">&gt;</span>\r\n<span style=\"color:blue\">&lt;</span><span style=\"color:#a31515\">option</span> <span style=\"color:red\">value</span><span style=\"color:blue\">=</span><span style=\"color:blue\">&quot;6&quot;</span><span style=\"color:blue\">&gt;</span>Forecast<span style=\"color:blue\">&lt;/</span><span style=\"color:#a31515\">option</span><span style=\"color:blue\">&gt;</span>\r\n<span style=\"color:blue\">&lt;</span><span style=\"color:#a31515\">option</span> <span style=\"color:red\">value</span><span style=\"color:blue\">=</span><span style=\"color:blue\">&quot;7&quot;</span><span style=\"color:blue\">&gt;</span>Weather Conditions<span style=\"color:blue\">&lt;/</span><span style=\"color:#a31515\">option</span><span style=\"color:blue\">&gt;</span>\r\n<span style=\"color:blue\">&lt;</span><span style=\"color:#a31515\">option</span> <span style=\"color:red\">value</span><span style=\"color:blue\">=</span><span style=\"color:blue\">&quot;8&quot;</span> <span style=\"color:red\">selected</span><span style=\"color:blue\">=</span><span style=\"color:blue\">&quot;selected&quot;</span><span style=\"color:blue\">&gt;</span>Weather Alerts<span style=\"color:blue\">&lt;/</span><span style=\"color:#a31515\">option</span><span style=\"color:blue\">&gt;</span>\r\n<span style=\"color:blue\">&lt;</span><span style=\"color:#a31515\">option</span> <span style=\"color:red\">value</span><span style=\"color:blue\">=</span><span style=\"color:blue\">&quot;9&quot;</span><span style=\"color:blue\">&gt;</span>About<span style=\"color:blue\">&lt;/</span><span style=\"color:#a31515\">option</span><span style=\"color:blue\">&gt;</span>\r\n<span style=\"color:blue\">&lt;</span><span style=\"color:#a31515\">option</span> <span style=\"color:red\">value</span><span style=\"color:blue\">=</span><span style=\"color:blue\">&quot;10&quot;</span><span style=\"color:blue\">&gt;</span>Traffic<span style=\"color:blue\">&lt;/</span><span style=\"color:#a31515\">option</span><span style=\"color:blue\">&gt;</span>\r\n\r\n<span style=\"color:blue\">&lt;</span><span style=\"color:#a31515\">option</span> <span style=\"color:red\">value</span><span style=\"color:blue\">=</span><span style=\"color:blue\">&quot;11&quot;</span><span style=\"color:blue\">&gt;</span>Audio Stream<span style=\"color:blue\">&lt;/</span><span style=\"color:#a31515\">option</span><span style=\"color:blue\">&gt;</span>\r\n<span style=\"color:blue\">&lt;</span><span style=\"color:#a31515\">option</span> <span style=\"color:red\">value</span><span style=\"color:blue\">=</span><span style=\"color:blue\">&quot;14&quot;</span><span style=\"color:blue\">&gt;</span>Single Item<span style=\"color:blue\">&lt;/</span><span style=\"color:#a31515\">option</span><span style=\"color:blue\">&gt;</span>\r\n<span style=\"color:blue\">&lt;</span><span style=\"color:#a31515\">option</span> <span style=\"color:red\">value</span><span style=\"color:blue\">=</span><span style=\"color:blue\">&quot;15&quot;</span><span style=\"color:blue\">&gt;</span>Load URL<span style=\"color:blue\">&lt;/</span><span style=\"color:#a31515\">option</span><span style=\"color:blue\">&gt;</span>\r\n<span style=\"color:blue\">&lt;</span><span style=\"color:#a31515\">option</span> <span style=\"color:red\">value</span><span style=\"color:blue\">=</span><span style=\"color:blue\">&quot;16&quot;</span><span style=\"color:blue\">&gt;</span>Google Traffic<span style=\"color:blue\">&lt;/</span><span style=\"color:#a31515\">option</span><span style=\"color:blue\">&gt;</span>\r\n<span style=\"color:blue\">&lt;/</span><span style=\"color:#a31515\">select</span><span style=\"color:blue\">&gt;</span>        <span style=\"color:blue\">&lt;</span><span style=\"color:#a31515\">select</span> <span style=\"color:red\">name</span><span style=\"color:blue\">=</span><span style=\"color:blue\">&quot;data[Feed][status]&quot;</span> <span style=\"color:red\">id</span><span style=\"color:blue\">=</span><span style=\"color:blue\">&quot;FeedStatus4545&quot;</span> <span style=\"color:red\">div</span><span style=\"color:blue\">=</span><span style=\"color:blue\">&quot;fleft&quot;</span> <span style=\"color:red\">label</span><span style=\"color:blue\">=</span><span style=\"color:blue\">&quot;&quot; class=&quot;feedinput feedInputStatus&quot;</span><span style=\"color:blue\">&gt;</span>\r\n<span style=\"color:blue\">&lt;</span><span style=\"color:#a31515\">option</span> <span style=\"color:red\">value</span><span style=\"color:blue\">=</span><span style=\"color:blue\">&quot;0&quot;</span><span style=\"color:blue\">&gt;</span>Off<span style=\"color:blue\">&lt;/</span><span style=\"color:#a31515\">option</span><span style=\"color:blue\">&gt;</span>\r\n<span style=\"color:blue\">&lt;</span><span style=\"color:#a31515\">option</span> <span style=\"color:red\">value</span><span style=\"color:blue\">=</span><span style=\"color:blue\">&quot;1&quot;</span> <span style=\"color:red\">selected</span><span style=\"color:blue\">=</span><span style=\"color:blue\">&quot;selected&quot;</span><span style=\"color:blue\">&gt;</span>On<span style=\"color:blue\">&lt;/</span><span style=\"color:#a31515\">option</span><span style=\"color:blue\">&gt;</span>\r\n<span style=\"color:blue\">&lt;/</span><span style=\"color:#a31515\">select</span><span style=\"color:blue\">&gt;</span>        \r\n        <span style=\"color:blue\">&lt;</span><span style=\"color:#a31515\">div</span> <span style=\"color:red\">class</span><span style=\"color:blue\">=</span><span style=\"color:blue\">&quot;clear&quot;</span><span style=\"color:blue\">&gt;</span><span style=\"color:blue\">&lt;/</span><span style=\"color:#a31515\">div</span><span style=\"color:blue\">&gt;</span>\r\n        \r\n        <span style=\"color:blue\">&lt;</span><span style=\"color:#a31515\">div</span> <span style=\"color:red\">class</span><span style=\"color:blue\">=</span><span style=\"color:blue\">&quot;feedInputSecond&quot;</span><span style=\"color:blue\">&gt;</span>\r\n\r\n          <span style=\"color:blue\">&lt;</span><span style=\"color:#a31515\">div</span> <span style=\"color:red\">class</span><span style=\"color:blue\">=</span><span style=\"color:blue\">&quot;feedDays fleft&quot;</span><span style=\"color:blue\">&gt;</span>\r\n            <span style=\"color:red\">&amp;nbsp;</span>\r\n          <span style=\"color:blue\">&lt;/</span><span style=\"color:#a31515\">div</span><span style=\"color:blue\">&gt;</span>\r\n          <span style=\"color:blue\">&lt;</span><span style=\"color:#a31515\">div</span> <span style=\"color:red\">class</span><span style=\"color:blue\">=</span><span style=\"color:blue\">&quot;feedButtons fleft&quot;</span> <span style=\"color:red\">id</span><span style=\"color:blue\">=</span><span style=\"color:blue\">&quot;feedButtons4545&quot;</span><span style=\"color:blue\">&gt;</span>\r\n           <span style=\"color:blue\">&lt;</span><span style=\"color:#a31515\">div</span> <span style=\"color:red\">class</span><span style=\"color:blue\">=</span><span style=\"color:blue\">&quot;button feedButton&quot;</span> <span style=\"color:red\">onclick</span><span style=\"color:blue\">=</span><span style=\"color:blue\">&quot;saveFeed('4545', 'edit');&quot;</span><span style=\"color:blue\">&gt;</span><span style=\"color:blue\">&lt;</span><span style=\"color:#a31515\">img</span> <span style=\"color:red\">src</span><span style=\"color:blue\">=</span><span style=\"color:blue\">&quot;/img/images/management/images/save.png&quot; alt=&quot;&quot;</span> <span style=\"color:blue\">/&gt;</span><span style=\"color:blue\">&lt;/</span><span style=\"color:#a31515\">div</span><span style=\"color:blue\">&gt;</span>\r\n           <span style=\"color:blue\">&lt;</span><span style=\"color:#a31515\">div</span> <span style=\"color:red\">class</span><span style=\"color:blue\">=</span><span style=\"color:blue\">&quot;button feedButton&quot;</span> <span style=\"color:red\">onclick</span><span style=\"color:blue\">=</span><span style=\"color:blue\">&quot;cancelFeed('4545', 'edit');&quot;</span><span style=\"color:blue\">&gt;</span><span style=\"color:blue\">&lt;</span><span style=\"color:#a31515\">img</span> <span style=\"color:red\">src</span><span style=\"color:blue\">=</span><span style=\"color:blue\">&quot;/img/images/cancel.jpg&quot; alt=&quot;&quot;</span> <span style=\"color:blue\">/&gt;</span><span style=\"color:blue\">&lt;/</span><span style=\"color:#a31515\">div</span><span style=\"color:blue\">&gt;</span>\r\n                      <span style=\"color:blue\">&lt;</span><span style=\"color:#a31515\">div</span> <span style=\"color:red\">class</span><span style=\"color:blue\">=</span><span style=\"color:blue\">&quot;button feedButton&quot;</span> <span style=\"color:red\">onclick</span><span style=\"color:blue\">=</span><span style=\"color:blue\">&quot;deleteFeed('4545', 'sdf');&quot;</span><span style=\"color:blue\">&gt;</span><span style=\"color:blue\">&lt;</span><span style=\"color:#a31515\">img</span> <span style=\"color:red\">src</span><span style=\"color:blue\">=</span><span style=\"color:blue\">&quot;/img/images/management/images/delete.png&quot; alt=&quot;&quot;</span> <span style=\"color:blue\">/&gt;</span><span style=\"color:blue\">&lt;/</span><span style=\"color:#a31515\">div</span><span style=\"color:blue\">&gt;</span>\r\n                     <span style=\"color:blue\">&lt;/</span><span style=\"color:#a31515\">div</span><span style=\"color:blue\">&gt;</span>\r\n        <span style=\"color:blue\">&lt;/</span><span style=\"color:#a31515\">div</span><span style=\"color:blue\">&gt;</span>\r\n\r\n        \r\n      <span style=\"color:blue\">&lt;/</span><span style=\"color:#a31515\">div</span><span style=\"color:blue\">&gt;</span>\r\n      <span style=\"color:blue\">&lt;/</span><span style=\"color:#a31515\">li</span><span style=\"color:blue\">&gt;</span></pre>\r\n<pre><span style=\"color:blue\">&nbsp;</span><pre id=line1606>\t  &lt;/<span>ul</span>&gt;\r\n\t&lt;/<span>div</span>&gt;\r\n&lt;/<span>div</span>&gt;\r\n \r\n      &lt;/<span>div</span>&gt;\r\n    &lt;/<span>li</span>&gt;\r\n</pre>\r\n</pre>\r\n</div>\r\n<p>&nbsp;</p>\r\n<p>&nbsp;</p>",
    "PostedDate": "2010-05-28T06:52:11.27-07:00",
    "UserRole": null,
    "MarkedAsAnswerDate": null
  },
  {
    "Id": "448680",
    "ThreadId": "213960",
    "Html": "<p>Here are a couple of images detailing what I'm seeing</p>\r\n<p>&nbsp;</p>\r\n<p>This is before I drag a parent:</p>\r\n<p>http://doapps.com/screenshots/dragsort_1.png</p>\r\n<p>&nbsp;</p>\r\n<p>And this is what happens after I drag a parent, all the child lists are gone</p>\r\n<p>http://doapps.com/screenshots/dragsort_2.png</p>",
    "PostedDate": "2010-05-28T07:05:48.343-07:00",
    "UserRole": null,
    "MarkedAsAnswerDate": null
  },
  {
    "Id": "450378",
    "ThreadId": "213960",
    "Html": "<p>mcm_ham, have you had a chance to look at my code?</p>",
    "PostedDate": "2010-06-01T19:55:24.61-07:00",
    "UserRole": null,
    "MarkedAsAnswerDate": null
  },
  {
    "Id": "451541",
    "ThreadId": "213960",
    "Html": "<p>Ah sorry for the delay, I've been living a busy life at the moment but should have time to look at this properly this weekend. I did take a quick 5 min try of your code on my machine but couldn't reproduce so was going to look a bit more carefully when I had some more time for possible css issues.</p>",
    "PostedDate": "2010-06-03T22:17:42.673-07:00",
    "UserRole": null,
    "MarkedAsAnswerDate": null
  },
  {
    "Id": "451950",
    "ThreadId": "213960",
    "Html": "<p>Actually do you want to email me the html page complete with images and css by saving it from within your browser and email me at &quot;mcm DOT ham AT gmail DOT com&quot;. Here's what I am playing with so far where I'm not able to replicate your issue:</p>\r\n<p><a href=\"http://mcmblog.sitesled.com/misc/test.html\">http://mcmblog.sitesled.com/misc/test.html</a></p>",
    "PostedDate": "2010-06-05T01:48:19.803-07:00",
    "UserRole": null,
    "MarkedAsAnswerDate": null
  }
]