[
  {
    "Id": "618869",
    "ThreadId": "259133",
    "Html": "\r\n<p>Thanks to everyone who has contributed to DragSort, it's quite lovely.</p>\r\n<p>I have a list in which you can drag'n'drop things to re-order items using DragSort. Each item has buttons for &quot;Up&quot; and &quot;Down&quot; which are intended to move the item up or down in the list. I am now about to implement the functionality for those buttons and\r\n had intended to delete and re-enter the DOM content appropriately in a custom JavaScript function that gets called when those buttons are pressed.</p>\r\n<p>My question is: Can this be done with DragSort using internal functionality, or am I stuck editing the DOM myself?</p>\r\n<p>P.S.: I know how to edit the DOM so that's not a problem, I'm merely asking to save time. :)</p>\r\n",
    "PostedDate": "2011-05-26T11:16:08.177-07:00",
    "UserRole": null,
    "MarkedAsAnswerDate": null
  },
  {
    "Id": "619608",
    "ThreadId": "259133",
    "Html": "<p>Sure, you can find documentation on what jquery provides here:<br /> <a href=\"http://api.jquery.com/category/manipulation/dom-insertion-outside/\">http://api.jquery.com/category/manipulation/dom-insertion-outside/</a></p>\n<p>Here's an example:</p>\n<div style=\"color: black; background-color: white;\">\n<pre><span style=\"color: blue;\">&lt;</span><span style=\"color: #a31515;\">style</span> <span style=\"color: red;\">type</span><span style=\"color: blue;\">=</span><span style=\"color: blue;\">\"text/css\"</span><span style=\"color: blue;\">&gt;</span>\t\n  #list1 li:first-child .upArrow,\n  #list1 li:last-child .downArrow { display:none; }\n<span style=\"color: blue;\">&lt;/</span><span style=\"color: #a31515;\">style</span><span style=\"color: blue;\">&gt;</span>\n\n<span style=\"color: blue;\">&lt;</span><span style=\"color: #a31515;\">ul</span> <span style=\"color: red;\">id</span><span style=\"color: blue;\">=</span><span style=\"color: blue;\">\"list1\"</span><span style=\"color: blue;\">&gt;</span>\n  <span style=\"color: blue;\">&lt;</span><span style=\"color: #a31515;\">li</span><span style=\"color: blue;\">&gt;</span><span style=\"color: blue;\">&lt;</span><span style=\"color: #a31515;\">div</span><span style=\"color: blue;\">&gt;</span>1<span style=\"color: blue;\">&lt;</span><span style=\"color: #a31515;\">a</span> <span style=\"color: red;\">class</span><span style=\"color: blue;\">=</span><span style=\"color: blue;\">\"upArrow\"</span><span style=\"color: blue;\">&gt;</span><span style=\"color: red;\">&amp;#8593;</span><span style=\"color: blue;\">&lt;/</span><span style=\"color: #a31515;\">a</span><span style=\"color: blue;\">&gt;</span><span style=\"color: blue;\">&lt;</span><span style=\"color: #a31515;\">a</span> <span style=\"color: red;\">class</span><span style=\"color: blue;\">=</span><span style=\"color: blue;\">\"downArrow\"</span><span style=\"color: blue;\">&gt;</span><span style=\"color: red;\">&amp;#8595;</span><span style=\"color: blue;\">&lt;/</span><span style=\"color: #a31515;\">a</span><span style=\"color: blue;\">&gt;</span><span style=\"color: blue;\">&lt;/</span><span style=\"color: #a31515;\">div</span><span style=\"color: blue;\">&gt;</span><span style=\"color: blue;\">&lt;/</span><span style=\"color: #a31515;\">li</span><span style=\"color: blue;\">&gt;</span>\n  <span style=\"color: blue;\">&lt;</span><span style=\"color: #a31515;\">li</span><span style=\"color: blue;\">&gt;</span><span style=\"color: blue;\">&lt;</span><span style=\"color: #a31515;\">div</span><span style=\"color: blue;\">&gt;</span>2<span style=\"color: blue;\">&lt;</span><span style=\"color: #a31515;\">a</span> <span style=\"color: red;\">class</span><span style=\"color: blue;\">=</span><span style=\"color: blue;\">\"upArrow\"</span><span style=\"color: blue;\">&gt;</span><span style=\"color: red;\">&amp;#8593;</span><span style=\"color: blue;\">&lt;/</span><span style=\"color: #a31515;\">a</span><span style=\"color: blue;\">&gt;</span><span style=\"color: blue;\">&lt;</span><span style=\"color: #a31515;\">a</span> <span style=\"color: red;\">class</span><span style=\"color: blue;\">=</span><span style=\"color: blue;\">\"downArrow\"</span><span style=\"color: blue;\">&gt;</span><span style=\"color: red;\">&amp;#8595;</span><span style=\"color: blue;\">&lt;/</span><span style=\"color: #a31515;\">a</span><span style=\"color: blue;\">&gt;</span><span style=\"color: blue;\">&lt;/</span><span style=\"color: #a31515;\">div</span><span style=\"color: blue;\">&gt;</span><span style=\"color: blue;\">&lt;/</span><span style=\"color: #a31515;\">li</span><span style=\"color: blue;\">&gt;</span>\n  <span style=\"color: blue;\">&lt;</span><span style=\"color: #a31515;\">li</span><span style=\"color: blue;\">&gt;</span><span style=\"color: blue;\">&lt;</span><span style=\"color: #a31515;\">div</span><span style=\"color: blue;\">&gt;</span>3<span style=\"color: blue;\">&lt;</span><span style=\"color: #a31515;\">a</span> <span style=\"color: red;\">class</span><span style=\"color: blue;\">=</span><span style=\"color: blue;\">\"upArrow\"</span><span style=\"color: blue;\">&gt;</span><span style=\"color: red;\">&amp;#8593;</span><span style=\"color: blue;\">&lt;/</span><span style=\"color: #a31515;\">a</span><span style=\"color: blue;\">&gt;</span><span style=\"color: blue;\">&lt;</span><span style=\"color: #a31515;\">a</span> <span style=\"color: red;\">class</span><span style=\"color: blue;\">=</span><span style=\"color: blue;\">\"downArrow\"</span><span style=\"color: blue;\">&gt;</span><span style=\"color: red;\">&amp;#8595;</span><span style=\"color: blue;\">&lt;/</span><span style=\"color: #a31515;\">a</span><span style=\"color: blue;\">&gt;</span><span style=\"color: blue;\">&lt;/</span><span style=\"color: #a31515;\">div</span><span style=\"color: blue;\">&gt;</span><span style=\"color: blue;\">&lt;/</span><span style=\"color: #a31515;\">li</span><span style=\"color: blue;\">&gt;</span>\n  <span style=\"color: blue;\">&lt;</span><span style=\"color: #a31515;\">li</span><span style=\"color: blue;\">&gt;</span><span style=\"color: blue;\">&lt;</span><span style=\"color: #a31515;\">div</span><span style=\"color: blue;\">&gt;</span>4<span style=\"color: blue;\">&lt;</span><span style=\"color: #a31515;\">a</span> <span style=\"color: red;\">class</span><span style=\"color: blue;\">=</span><span style=\"color: blue;\">\"upArrow\"</span><span style=\"color: blue;\">&gt;</span><span style=\"color: red;\">&amp;#8593;</span><span style=\"color: blue;\">&lt;/</span><span style=\"color: #a31515;\">a</span><span style=\"color: blue;\">&gt;</span><span style=\"color: blue;\">&lt;</span><span style=\"color: #a31515;\">a</span> <span style=\"color: red;\">class</span><span style=\"color: blue;\">=</span><span style=\"color: blue;\">\"downArrow\"</span><span style=\"color: blue;\">&gt;</span><span style=\"color: red;\">&amp;#8595;</span><span style=\"color: blue;\">&lt;/</span><span style=\"color: #a31515;\">a</span><span style=\"color: blue;\">&gt;</span><span style=\"color: blue;\">&lt;/</span><span style=\"color: #a31515;\">div</span><span style=\"color: blue;\">&gt;</span><span style=\"color: blue;\">&lt;/</span><span style=\"color: #a31515;\">li</span><span style=\"color: blue;\">&gt;</span>\n<span style=\"color: blue;\">&lt;/</span><span style=\"color: #a31515;\">ul</span><span style=\"color: blue;\">&gt;</span>\n\n<span style=\"color: blue;\">&lt;</span><span style=\"color: #a31515;\">script</span> <span style=\"color: red;\">type</span><span style=\"color: blue;\">=</span><span style=\"color: blue;\">\"text/javascript\"</span><span style=\"color: blue;\">&gt;</span>\t\n  $(<span style=\"color: #a31515;\">\".upArrow, .downArrow\"</span>, <span style=\"color: #a31515;\">\"#list1\"</span>).live(<span style=\"color: #a31515;\">\"click\"</span>, <span style=\"color: blue;\">function</span>() {\n    <span style=\"color: blue;\">var</span> item = $(<span style=\"color: blue;\">this</span>).closest(<span style=\"color: #a31515;\">\"li\"</span>);\n    <span style=\"color: blue;\">if</span> ($(<span style=\"color: blue;\">this</span>).is(<span style=\"color: #a31515;\">\".upArrow\"</span>)) <span style=\"color: green;\">//move up</span>\n      item.insertBefore(item.prev());\n    <span style=\"color: blue;\">else</span> <span style=\"color: green;\">//move down</span>\n      item.insertAfter(item.next());\n  });\n<span style=\"color: blue;\">&lt;/</span><span style=\"color: #a31515;\">script</span><span style=\"color: blue;\">&gt;</span>\n</pre>\n</div>\n<p>First thing to be aware of if you are using dragsort as well, if you click on the A tag to move LI up or down you're going to trigger the dragsort code and the arrow onclick won't fire. To solve this dragsort provides an option called dragSelectorExclude  which by default is set to \"<em>input, textarea, a[href]</em>\" so in my example it will conflict since the A tags have no href attribute. To solve this set the dragSelectorExclude to \"<em>.upArrow, .downArrow</em>\", if you are using a button i.e. input then  you are all good. Alternatively if you have an icon they need to click to drag instead of the whole list item, then setting dragSelector to that icon will also solve the potential conflict.</p>\n<p>Next thing, since we don't want the up arrow to appear if the list item is in the first position or the down arrow if the list item is in the last position, I am using css to hide the arrows. \"<em>#list1 li:first-child</em>\" means the first tag below #list1 if it's an LI. IE6 doesn't support this css but we've stopped supporting that browser in our sites, and IE7 does support that css so it is safe to use, and a bit easier than writing javascript to show or hide the arrows.</p>\n<p>What <em>\"$('.upArrow, .downArrow', '#list1').live('click', handler)</em>\" does is an onclick handler is attached to <em>#list1</em>, and every time it fires, the actual element inside the list that was clicked is compared to the selector \"<em>.upArrow, .downArrow</em>\" and if it matches it fires our handler. This is useful for long lists because instead of the browser having  to maintain separate handlers for every button in the list it only needs to maintain one which reduces load (although our list is quite short and would make little difference). It's also helpful if you have ajax or some other javascript routine adding new  list items as you now don't need to worry about attaching onclick handlers to these new buttons.</p>",
    "PostedDate": "2011-05-27T15:39:51.923-07:00",
    "UserRole": null,
    "MarkedAsAnswerDate": null
  }
]