[
  {
    "Id": "1021083",
    "ThreadId": "437990",
    "Html": "Hi,\r<br />\n<br />\nIs it possible to manage (remember) the current position of each widget while sorting the widgets.\r<br />\nI want it to maintain position of widget through out the session along with newly log-in.\r<br />\n<br />\nI am waiting for your answer.\r<br />\n<br />\nThanks,\r<br />\nNishigandha<br />\n",
    "PostedDate": "2013-03-26T00:53:16.13-07:00",
    "UserRole": null,
    "MarkedAsAnswerDate": null
  }
]