[
  {
    "Id": "1003218",
    "ThreadId": "433618",
    "Html": "<blockquote>\nHi how can I dragsort stop and start? Or disable and enable? Thank you from Turkey.<br />\n</blockquote>\n-llorca<br />\n",
    "PostedDate": "2013-02-18T22:49:19.867-08:00",
    "UserRole": null,
    "MarkedAsAnswerDate": null
  },
  {
    "Id": "1003219",
    "ThreadId": "433618",
    "Html": "Basically like this:<br />\n<pre><code>function enableDragsort()\n{\n    $(&quot;ul&quot;).dragsort({ dragSelector: &quot;li&quot;, dragEnd: function() { }, dragBetween: false, placeHolderTemplate: &quot;&lt;li&gt;&lt;/li&gt;&quot; });\n}\n\nfunction disableDragsort()\n{\n    $(&quot;ul&quot;).dragsort(&quot;destroy&quot;);\n}</code></pre>\n\n",
    "PostedDate": "2013-02-18T22:50:26.523-08:00",
    "UserRole": null,
    "MarkedAsAnswerDate": null
  },
  {
    "Id": "1003372",
    "ThreadId": "433618",
    "Html": "Thank you so much Mcm_ham.<br />\n",
    "PostedDate": "2013-02-19T04:13:57.69-08:00",
    "UserRole": null,
    "MarkedAsAnswerDate": null
  }
]