[
  {
    "Id": "721367",
    "ThreadId": "285195",
    "Html": "\r\n<p><span>Hello!</span><br>\r\n<br>\r\n<span>First of all</span><span>, sorry</span><span>&nbsp;</span><span>for my</span><span>&nbsp;</span><span>English,</span><span>&nbsp;</span><span>I'm French</span><span>.</span><br>\r\n<br>\r\n<span>I installed the</span><span>&nbsp;</span><span>script</span><span>&nbsp;</span><span>DragSort</span><span>&nbsp;</span><span>on my site,</span><span>&nbsp;</span><span>and</span><span>&nbsp;</span><span>over time</span><span>&nbsp;</span><span>I</span><span>&nbsp;</span><span>realized\r\n he</span><span>&nbsp;</span><span>was blocking</span><span>&nbsp;</span><span>the key &quot;</span><span>4&quot;</span><span>&nbsp;</span><span>(with</span><span>&nbsp;</span><span>apostrophe)</span><span>&nbsp;</span><span>on my keyboard</span><span>!</span><span>&nbsp;</span><span>Very\r\n strange</span><span>&nbsp;</span><span>...</span><span>&nbsp;</span><span>When</span><span>&nbsp;</span><span>I remove the</span><span>&nbsp;</span><span>javascript file</span><span>, I can</span><span>&nbsp;</span><span>again</span><span>&nbsp;</span><span>use\r\n this button</span><span>!</span><span>&nbsp;</span><span>These are my</span><span>&nbsp;</span><span>visitors who</span><span>&nbsp;</span><span>warned me that</span><span>&nbsp;</span><span>the key</span><span>&nbsp;</span><span>was blocked</span><span>,\r\n initially</span><span>&nbsp;</span><span>I thought it</span><span>&nbsp;</span><span>was</span><span>&nbsp;</span><span>my</span><span>&nbsp;</span><span>keyboard that</span><span>&nbsp;</span><span>might be</span><span>&nbsp;</span><span>broken</span><span>&nbsp;</span><span>...</span><br>\r\n<br>\r\n<span>Thank you in advance</span><span>&nbsp;</span><span>for your help!</span></p>\r\n",
    "PostedDate": "2012-01-06T02:36:47.373-08:00",
    "UserRole": null,
    "MarkedAsAnswerDate": null
  },
  {
    "Id": "725039",
    "ThreadId": "285195",
    "Html": "<p>This is not something I can reproduce. If you add a textbox to the example html that comes with dragsort do you get the same problem? If not can you provide a link to an example page where you do experience the problem.</p>",
    "PostedDate": "2012-01-13T16:36:19.577-08:00",
    "UserRole": null,
    "MarkedAsAnswerDate": null
  }
]