[
  {
    "Id": "856316",
    "ThreadId": "361672",
    "Html": "\r\n<p>Hi Everyone!</p>\r\n<p>Great tool! I was wondering if it is possible to have one element bigger than the rest (wider and higher). I set the width and height and it works, but the element gets overlapped with the rest of the elements. And I always want that element to be the first\r\n of the list.</p>\r\n<p>I have many pictures, and if I drag one picture to the first position, then it gets a bigger size. Do you get what I mean?</p>\r\n<p>I appreciate any help.</p>\r\n<p>Cheers,</p>\r\n<p>linuca.</p>\r\n",
    "PostedDate": "2012-07-02T05:56:49.23-07:00",
    "UserRole": null,
    "MarkedAsAnswerDate": null
  }
]