[
  {
    "Id": "853858",
    "ThreadId": "360994",
    "Html": "\r\n<p>Hi, this is a fantastic application! Thank you for sharing. I wanted to see if anyone has successfully been able to id elements as a group, so that they stay together whenever one of them is selected and moved and they would stay in their position&nbsp;relative&nbsp;to\r\n one another.&nbsp;</p>\r\n<p>For example, if I had a list as such</p>\r\n<p>1</p>\r\n<p>2</p>\r\n<p>3</p>\r\n<p>4</p>\r\n<p>5</p>\r\n<p>6</p>\r\n<p>and 3,4,5 were connected if I grabbed either, 3, 4, or 5, it would drag all of the items and when dropped, would place them in order. so if I dragged in between 1 and 2, the new order would be 1,3,4,5,2,6. &nbsp;I've tried this a few different ways to no\r\n avail. Any help or direction would be helpful.</p>\r\n<p>Thanks in advance!</p>\r\n",
    "PostedDate": "2012-06-26T08:18:12.283-07:00",
    "UserRole": null,
    "MarkedAsAnswerDate": null
  },
  {
    "Id": "854033",
    "ThreadId": "360994",
    "Html": "<p>I think I've figured this portion out, I took what was shown in the multiple select thread, and extended it to a class.&nbsp;</p>",
    "PostedDate": "2012-06-26T13:22:11.707-07:00",
    "UserRole": null,
    "MarkedAsAnswerDate": null
  }
]