[
  {
    "Id": "745728",
    "ThreadId": "297664",
    "Html": "\r\n<p>Let me start by saying thanks for such a great tool :)</p>\r\n<p>I am wondering if there is a way to create&nbsp;a&nbsp;permanent&nbsp;&quot;list&quot; source. To explain what I mean is could you set it up so that the page starts like this:</p>\r\n<table border=\"1\">\r\n<tbody>\r\n<tr>\r\n<td valign=\"top\">List 1</td>\r\n<td valign=\"top\">List 2</td>\r\n</tr>\r\n<tr>\r\n<td valign=\"top\">Item1<br>\r\nItem 2<br>\r\nItem 3</td>\r\n<td valign=\"top\">&nbsp;</td>\r\n</tr>\r\n</tbody>\r\n</table>\r\n<p>And you could end up with:</p>\r\n<table border=\"1\">\r\n<tbody>\r\n<tr>\r\n<td valign=\"top\">List 1</td>\r\n<td valign=\"top\">List 2</td>\r\n</tr>\r\n<tr>\r\n<td valign=\"top\">Item1<br>\r\nItem 2<br>\r\nItem 3</td>\r\n<td valign=\"top\">Item 1<br>\r\nItem 1<br>\r\nItem 1<br>\r\nItem 2<br>\r\nItem 2<br>\r\nItem 3</td>\r\n</tr>\r\n</tbody>\r\n</table>\r\n<p>by dragging items from list 1 to list 2 multiple times? Sorry if I'm not being clear with my description.</p>\r\n",
    "PostedDate": "2012-02-07T12:32:57.223-08:00",
    "UserRole": null,
    "MarkedAsAnswerDate": null
  },
  {
    "Id": "745834",
    "ThreadId": "297664",
    "Html": "<p>I've just found what I needed here -&nbsp;<a href=\"http://dragsort.codeplex.com/discussions/216174\">http://dragsort.codeplex.com/discussions/216174</a>&nbsp;-&nbsp;mcm_hams first post in that thread does exactly what I was looking to&nbsp;achieve.</p>\n<p>Just in case anyone googles and wants to find it, the code I used was:</p>\n<pre>$(<span>\"#list1, #list2\"</span>).dragsort({ dragSelector: <span>\"div\"</span>, dragBetween: <span>true</span>, dragEnd: saveOrder, placeHolderTemplate: <span>\"&lt;li class='placeHolder'&gt;&lt;div&gt;&lt;/div&gt;&lt;/li&gt;\"</span> });\n\n$(<span>\"#list1 &gt; li\"</span>).each(<span>function</span>(i) { $(<span>this</span>).attr(<span>\"list1\"</span>, i); });\n$(<span>\"#list2 &gt; li\"</span>).attr(<span>\"list2\"</span>, <span>true</span>);\n\n<span>function</span> saveOrder() {\n\t<span>//restore lost item</span>\n\t$(<span>\"#list2 &gt; li[list1]\"</span>).each(<span>function</span>() {\n\t\t<span>var</span> idx = parseInt($(<span>this</span>).attr(<span>\"list1\"</span>));\n\t\t<span>if</span> (idx &gt;= $(<span>\"#list1 &gt; li\"</span>).size())\n\t\t\t$(<span>\"#list1\"</span>).append($(<span>this</span>).clone());\n\t\t<span>else</span>\n\t\t\t$(<span>\"#list1 &gt; li:eq(\"</span> + idx + <span>\")\"</span>).before($(<span>this</span>).clone());\n\t});\n\t\n\t<span>//remove extra item</span>\n\t$(<span>\"#list1 &gt; li[list2]\"</span>).remove();\n\t\n\t<span>//reset order</span>\n\t$(<span>\"#list1 &gt; li\"</span>).each(<span>function</span>(i) { $(<span>this</span>).attr(<span>\"list1\"</span>, i); });\n\t$(<span>\"#list2 &gt; li\"</span>).attr(<span>\"list2\"</span>, <span>true</span>);\n}</pre>\n<p>With List 1 as the \"source\" list and \"list 2\" as the list to modify, it worked without even having to edit it - many thanks&nbsp;mcm_hams</p>",
    "PostedDate": "2012-02-07T13:39:44.667-08:00",
    "UserRole": null,
    "MarkedAsAnswerDate": null
  }
]