[
  {
    "Id": "799350",
    "ThreadId": "344694",
    "Html": "\r\n<p>Hi,</p>\r\n<p>first of all thanks for the lib, it is much faster than jQueryUI one and it fixed many of my performance problems.</p>\r\n<p>I am currently experiencing an issue when dragging from an UL with overflow:auto; to another as the scrollbar looks like hiding the LI.</p>\r\n<p>it still make me drop as it is correctly showing the placeholder.</p>\r\n<p>I've tried to use the scrollContainer param but it still doesn't work.</p>\r\n<p>any help?</p>\r\n",
    "PostedDate": "2012-02-24T04:56:07.157-08:00",
    "UserRole": null,
    "MarkedAsAnswerDate": null
  },
  {
    "Id": "799770",
    "ThreadId": "344694",
    "Html": "<p>It sounds like a z-index issue, the LI that is being dragged is styled with \"position: absolute; z-index: 999;\" so if there are any other page elements with a higher z-index then they will appear above the dragged item. If I've mistaken your issue do you want to provide example html or a screenshot and what browser you're using (screenshot can be sent to mcm DOT ham AT gmail DOT com).</p>\r\n<p>The purpose of scrollContainer is to automatically scroll the specified container (which contains the list your sorting and is styled with \"overflow: auto;\"so that scroll bars appear) whenever you drag the dragged item outside the container. That way you don't have to drop the item, manually scroll then pick up the item to continue dragging it and so on. Does that make sense?</p>\r\n<p>Thanks for the feedback.</p>",
    "PostedDate": "2012-02-25T02:09:18.273-08:00",
    "UserRole": null,
    "MarkedAsAnswerDate": null
  },
  {
    "Id": "799843",
    "ThreadId": "344694",
    "Html": "<p>Thanks for the prompt answer,</p>\r\n<p>the problem was the container (or the UL) positioning set to relative. your script works only if i put it static.&nbsp;</p>\r\n<p>it is working cross-browser so far even on ie6.</p>\r\n<p>&nbsp;</p>\r\n<p>brilliant work bud.</p>",
    "PostedDate": "2012-02-25T07:00:44.837-08:00",
    "UserRole": null,
    "MarkedAsAnswerDate": null
  },
  {
    "Id": "799943",
    "ThreadId": "344694",
    "Html": "<p>Glad you found the cause of your issue. Strange that it's affecting dragsort, do you experience it with example.html bundled with dragsort?</p>",
    "PostedDate": "2012-02-25T14:18:52.733-08:00",
    "UserRole": null,
    "MarkedAsAnswerDate": null
  }
]