[
  {
    "Id": "705522",
    "ThreadId": "281366",
    "Html": "\r\n<p>Hi,</p>\r\n<p>Great jquery plugin!</p>\r\n<p>I'm working on a project that requires draging items between multiple lists, and sorting inside of those lists, and have added this plugin very easily. &nbsp;Thank you! &nbsp;It's far better than the sortables that jquery has.</p>\r\n<p>The one thing i would like to have is a hover css change on the placeholder element that is about to be dropped onto. &nbsp;I've tried adding a jquery 'live' hover event to the li.placeholder, but it doesn't seem to take when in the middle of the drag. &nbsp;\r\n - or maybe it's just my poor coding skills -.</p>\r\n<p>Is this possible? any suggestions on how to achieve?&nbsp;</p>\r\n<p>Many thanks.</p>\r\n<p>David</p>\r\n",
    "PostedDate": "2011-11-30T13:46:45.107-08:00",
    "UserRole": null,
    "MarkedAsAnswerDate": null
  },
  {
    "Id": "710115",
    "ThreadId": "281366",
    "Html": "<p>Thanks for the feedback David. The reason hover isn't working is because the dragged item is between the mouse and the placeholder, it only works if the mouse is directly over the placeholder. What we can do is attach a mousemove event on the list and then  compare the co-ordinates to see if it's over the placeholder. The mousemove event on the list works because the dragged item is a child element of the list and events bubble up to parent elements (i.e. the dragged item triggers the event which bubbles / propagates  to the parent element the list and fires the handlers on it).</p>\n<p>\n<div style=\"color: black; background-color: white;\">\n<pre>$(<span style=\"color: #a31515;\">\".list\"</span>).mousemove(<span style=\"color: blue;\">function</span>(ev) {\n\t<span style=\"color: green;\">//the placeholder template is used to create the droptarget for all the lists if</span>\n\t<span style=\"color: green;\">//there's multiple, so loop thru to only reference one placeHolder element at a time</span>\n\t$(<span style=\"color: #a31515;\">\".placeHolder\"</span>).each(<span style=\"color: blue;\">function</span>() {\n\t\t<span style=\"color: blue;\">var</span> ph = $(<span style=\"color: blue;\">this</span>);\n\t\t<span style=\"color: blue;\">var</span> pos = ph.offset();\n\t\t<span style=\"color: blue;\">var</span> over = ev.pageX &gt;= pos.left &amp;&amp; ev.pageX &lt;= (pos.left + ph.width()) &amp;&amp;\n\t\t\tev.pageY &gt;= pos.top &amp;&amp; ev.pageY &lt;= (pos.top + ph.height());\n\t\tph.toggleClass(<span style=\"color: #a31515;\">\"hover\"</span>, over);\n\t});\n});\n\n</pre>\n</div>\n</p>\n<div style=\"color: black; background-color: white;\"></div>",
    "PostedDate": "2011-12-09T14:24:18.987-08:00",
    "UserRole": null,
    "MarkedAsAnswerDate": null
  }
]