[
  {
    "Id": "716818",
    "ThreadId": "284063",
    "Html": "\r\n<p><span id=\"result_box\" lang=\"en\"><span>Sorry for</span> <span>my English.</span>\r\n<span>I need</span> <span>to</span> <span>do</span> <span>this</span> <span>by clicking the</span>\r\n<span>mouse</span> <span>to click a link</span><span>.</span> <span>this</span> <span>\r\nstructure</span></span></p>\r\n<p>&lt;ul id=&quot;list1&quot;&gt;&lt;li&gt;&lt;div&gt;</p>\r\n<p>&lt;a href=&quot;http://vk.com&quot;&gt;&lt;img src='../0x3/vkontakte.ru.jpg' width='222' height='160' border=&quot;0&quot;&gt;&lt;/a&gt;&lt;/div&gt;&lt;/li&gt; &nbsp;&nbsp;&nbsp; &nbsp;&nbsp;&nbsp; &lt;li&gt;&lt;div&gt;&lt;a href=&quot;http://yandex.com&quot;&gt;&lt;img src='../0x3/yandex.ru.jpg'\r\n width='222' height='160' border=&quot;0&quot;&gt;&lt;/a&gt;&lt;/div&gt;&lt;/li&gt; &nbsp;&nbsp;&nbsp; &nbsp;&nbsp;&nbsp; &lt;li&gt;&lt;div&gt;&lt;a href=&quot;http://google.com&quot;&gt;&lt;img src='../0x3/google.ru.jpg' width='222' height='160' border=&quot;0&quot;&gt;&lt;/a&gt;&lt;/div&gt;&lt;/li&gt;\r\n &nbsp;&nbsp;&nbsp; &nbsp;&nbsp;&nbsp; &lt;li&gt;&lt;div&gt;&lt;a href=&quot;http://youtube.com&quot;&gt;&lt;img src='../0x3/youtube.ru.jpg' width='222' height='160' border=&quot;0&quot;&gt;&lt;/a&gt;&lt;/div&gt;&lt;/li&gt; &nbsp;&nbsp;&nbsp; &nbsp;&nbsp;&nbsp; &lt;li&gt;&lt;div&gt;&lt;a\r\n href=&quot;http://mail.ru&quot;&gt;&lt;img src='../0x3/mail.ru.jpg' width='222' height='160' border=&quot;0&quot;&gt;&lt;/a&gt;&lt;/div&gt;&lt;/li&gt; &nbsp;&nbsp;&nbsp; &nbsp;&nbsp;&nbsp; &lt;li&gt;&lt;div&gt;&lt;a href=&quot;http://odkl.ru&quot;&gt;&lt;img src='../0x3/odnoklassniki.ru.jpg'\r\n width='222' height='160' border=&quot;0&quot;&gt;&lt;/a&gt;&lt;/div&gt;&lt;/li&gt; &nbsp;&nbsp;&nbsp; &nbsp;&nbsp;&nbsp; &lt;li&gt;&lt;div&gt;&lt;a href=&quot;http://ya.ru&quot;&gt;&lt;img src='../0x3/ya.ru.jpg' width='222' height='160' border=&quot;0&quot;&gt;&lt;/a&gt;&lt;/div&gt;&lt;/li&gt;\r\n &nbsp;&nbsp;&nbsp; &nbsp;&nbsp;&nbsp; &lt;li&gt;&lt;div&gt;&lt;a href=&quot;http://qip.ru&quot;&gt;&lt;img src='../0x3/qip.ru.jpg' width='222' height='160' border=&quot;0&quot;&gt;&lt;/a&gt;&lt;/div&gt;&lt;/li&gt; &nbsp;&nbsp;&nbsp; &nbsp;&nbsp;&nbsp; &lt;li&gt;&lt;div&gt;&lt;a\r\n href=&quot;http://r0.ru&quot;&gt;&lt;img src='../0x3/r0.ru.jpg' width='222' height='160' border=&quot;0&quot;&gt;&lt;/a&gt;&lt;/div&gt;&lt;/li&gt; &nbsp;&nbsp;&nbsp; &lt;/ul&gt;</p>\r\n<p><span id=\"result_box\" lang=\"en\"><br>\r\n<span>Thanks in advance</span> <span>for your reply</span> <span>and the script</span></span></p>\r\n",
    "PostedDate": "2011-12-23T18:54:57.343-08:00",
    "UserRole": null,
    "MarkedAsAnswerDate": null
  },
  {
    "Id": "716847",
    "ThreadId": "284063",
    "Html": "<p>There's a bug, thanks for letting me know. Replace this line:</p>\n<div style=\"color: black; background-color: white;\">\n<pre><span style=\"color: blue;\">if</span> (e.which != 1 || $(e.target).is(opts.dragSelectorExclude))\n</pre>\n</div>\n<p>With this line:</p>\n<div style=\"color: black; background-color: white;\">\n<pre><span style=\"color: blue;\">if</span> (e.which != 1 || $(e.target).is(opts.dragSelectorExclude) || $(e.target).closest(opts.dragSelectorExclude).size() &gt; 0)\n</pre>\n</div>\n<p>Afterwards the links should work again. Will be fixed in next version.</p>",
    "PostedDate": "2011-12-24T00:00:09.523-08:00",
    "UserRole": null,
    "MarkedAsAnswerDate": null
  },
  {
    "Id": "717108",
    "ThreadId": "284063",
    "Html": "<p><span id=\"result_box\" class=\"long_text\" lang=\"en\"><span class=\"hps\">It does not work</span><span class=\"hps\">( More</span> <span class=\"hps\">passes</span> <span class=\"hps\">but</span> <span class=\"hps\">does not move</span><br /> <span class=\"hps\">Sorry,</span> <span class=\"hps\">maybe</span> <span class=\"hps\">I am wrong</span> <span class=\"hps\">explained.</span> <span class=\"hps\">I have</span> <span class=\"hps\">between</span> <span class=\"hps atn\">&lt;</span><span>div</span><span>&gt; &lt;/</span> <span class=\"hps\">div</span><span>&gt; image</span><span>.</span> <span class=\"hps\">And</span> <span class=\"hps\">these images</span> <span class=\"hps\">- links</span><span>.</span> <span class=\"hps\">I would like to</span> <span class=\"hps\">move</span> <span class=\"hps\">the images</span> <span class=\"hps\">and</span> <span class=\"hps\">also</span> <span class=\"hps\">pass</span> <span class=\"hps\">on them</span> <span class=\"hps\">at the click of</span> <span class=\"hps\">a mouse.</span> <span class=\"hps\">For example</span> <span class=\"hps\">as</span> <span class=\"hps\">visual bookmarks</span> <span class=\"hps\">in</span> <span class=\"hps\">Opera browser</span><br /> <span class=\"hps\">Thanks for the answer</span></span></p>",
    "PostedDate": "2011-12-25T22:15:40.957-08:00",
    "UserRole": null,
    "MarkedAsAnswerDate": null
  },
  {
    "Id": "717110",
    "ThreadId": "284063",
    "Html": "<p><span id=\"result_box\" lang=\"en\"><span class=\"hps\">It</span> work <span class=\"hps\">on a standard</span> <span class=\"hps\">script</span> <span class=\"hps\">is good, but</span> <span class=\"hps\">I</span> <span class=\"hps\">rewrote</span> <span class=\"hps\">a little</span> <span class=\"hps\">css</span> <span class=\"hps\">and</span> <span class=\"hps\">therefore</span> <span class=\"hps\">can</span> <span class=\"hps\">not work.</span> <span class=\"hps\">These lines</span><span>, increased</span> <span class=\"hps\">window</span></span></p>\r\n<p>#list1 li, #list2 li { float:left; padding:1px; width:222px; height:160px; }<br />#list1 div, #list2 div { width:222px; height:160px; border:solid 1px black; background-color:#E0E0E0; text-align:center;&nbsp; }</p>\r\n<p><span lang=\"en\"><span class=\"hps\"><br /></span></span></p>",
    "PostedDate": "2011-12-25T22:27:46.743-08:00",
    "UserRole": null,
    "MarkedAsAnswerDate": null
  },
  {
    "Id": "726818",
    "ThreadId": "284063",
    "Html": "<p>By \"passed\", do you mean go to hyperlink destination? Triggering dragsort on a hyperlink will prevent it from working so by default dragSelectorExclude is set to \"a[href]\" to stop dragsort and allow the hyperlink to work.</p>\n<p>However, I think I've come up with a workaround that will allow you to both click and drag a hyperlink, so do you want to try this version out and let me know how it works for you:<br /> <a href=\"http://dragsort.codeplex.com/releases/view/80735\">http://dragsort.codeplex.com/releases/view/80735</a></p>",
    "PostedDate": "2012-01-17T18:27:38.143-08:00",
    "UserRole": null,
    "MarkedAsAnswerDate": null
  },
  {
    "Id": "804480",
    "ThreadId": "284063",
    "Html": "<p><span class=\"hps\">Yes,</span> <span class=\"hps\">I'm talking about</span> <span class=\"hps\">the link, and</span> <span class=\"hps\">how to enable</span> <span class=\"hps\">this feature</span> <span class=\"hps\">in version</span> <span class=\"hps\">5.0?</span>? <span class=\"hps\">thanks in advance</span></p>",
    "PostedDate": "2012-03-02T08:20:18.593-08:00",
    "UserRole": null,
    "MarkedAsAnswerDate": null
  },
  {
    "Id": "804874",
    "ThreadId": "284063",
    "Html": "<p>It should be working with version 5.0. The change was to not trigger dragsort until you move the mouse when you have the mouse button down on the item, so a simple click shouldn't be triggering dragsort. The only thing left is it does is call \"e.preventDefault();\" on mousedown in the grabItem function, so you can try commenting that out to see if that helps. What browser and version are you using?</p>",
    "PostedDate": "2012-03-03T04:27:17.16-08:00",
    "UserRole": null,
    "MarkedAsAnswerDate": null
  }
]