[
  {
    "Id": "1021856",
    "ThreadId": "438191",
    "Html": "In the example for c #\r<br />\nGallery as it is defined?<br />\n<pre><code>    if (!IsPostBack)\n    {\n        Gallery.DataSource = new string[] { &quot;blue&quot;, &quot;orange&quot;, &quot;brown&quot;, &quot;red&quot;, &quot;yellow&quot;, &quot;green&quot;, &quot;black&quot;, &quot;white&quot;, &quot;purple&quot; };\n        Gallery.DataBind();\n    }\n</code></pre>\n\nThanks!!<br />\n",
    "PostedDate": "2013-03-27T09:10:48.833-07:00",
    "UserRole": null,
    "MarkedAsAnswerDate": null
  }
]