[
  {
    "Id": "232739",
    "ThreadId": "68430",
    "Html": "<p>I am having trouble getting the dragsort to work when placed within a lightbox.&nbsp; Using a plugin &quot;colorbox&quot; (http://colorpowered.com/colorbox/), I am loading two lists that I would like to dragsort between.&nbsp; The actual function of dragsorting works, but when you click and drag an element, it is offset by the colorbox/lightbox's offset within the window.&nbsp; I have tried to modify the dragsort to figure out the real offset but have had little luck.&nbsp; Anyone know how I could do this?</p>",
    "PostedDate": "2009-09-09T09:15:16.88-07:00",
    "UserRole": null,
    "MarkedAsAnswerDate": null
  },
  {
    "Id": "233494",
    "ThreadId": "68430",
    "Html": "<p>Thanks for raising this issue, the problem is that when the dragged element is positioned absolutely the css left and top will be relative to the parent element that is position absolute which in this case is the colorbox div instead of the document. The solution would be to take the offset of the parent absolute element and take that off the x-y coordinates of the mouse cursor. However, when I do that it doesn't seem to work quite right with colorbox although it works perfectly in a simple test case. However, what does seem to work with colorbox and I don't why is this:</p>\r\n<p>//comment out these two lines in the grabItem function<br>list.offset.top = e.pageY - list.offset.top;<br>list.offset.left = e.pageX - list.offset.left;</p>\r\n<p>So give that a go and I might need to dig deeper into what html colorbox generates to see what's going on.</p>",
    "PostedDate": "2009-09-11T03:25:09.673-07:00",
    "UserRole": null,
    "MarkedAsAnswerDate": null
  }
]