[
  {
    "Id": "477380",
    "ThreadId": "222729",
    "Html": "<p>I am using jQuery List DragSort program and one of the layer of my program contain google chart.<br><br>It lost google chart display when we drag google chart layer form one position to another in mozilla firefox browser only.<br><br><br>Pleaes help me...</p>",
    "PostedDate": "2010-08-06T07:16:52.203-07:00",
    "UserRole": null,
    "MarkedAsAnswerDate": null
  },
  {
    "Id": "495881",
    "ThreadId": "222729",
    "Html": "<p>What happens in dragsort is that the dragged item does not actually change position until you drop the item, and the javascript method insertBefore is used to move the dragged item. So I suggest a work around like:</p>\r\n<p>\r\n<div style=\"color:black;background-color:white\">\r\n<pre>$(<span style=\"color:#a31515\">&quot;#list&quot;</span>).dragsort({ dragEnd: saveOrder });\r\n\r\n<span style=\"color:blue\">function</span> saveOrder() {\r\n\t<span style=\"color:blue\">if</span> (!$.browser.msie)\r\n\t\tinitGraph(<span style=\"color:blue\">this</span>.getAttribute(<span style=\"color:#a31515\">&quot;id&quot;</span>));\r\n};\r\n\r\n<span style=\"color:blue\">function</span> initGraph(id) {\r\n\t...\r\n\t<span style=\"color:blue\">new</span> google.visualization.PieChart(document.getElementById(id)).draw(data);\r\n}\r\n\r\n</pre>\r\n</div>\r\n</p>",
    "PostedDate": "2010-09-20T02:48:43.267-07:00",
    "UserRole": null,
    "MarkedAsAnswerDate": null
  }
]