[
  {
    "Id": "1340337",
    "ThreadId": "577279",
    "Html": "Hi,\r<br />\n<br />\nI'm trying to use drag and drop in bootstrap with 2 uls having 12 spaces in booststrap (total screen).\r<br />\nBut, when i drag and drop to the UL right under the first UL, the item goes back to the fisrts UL.\r<br />\n<br />\nIf i set style float: right in the second UL, works.\r<br />\n<br />\nTks.<br />\n",
    "PostedDate": "2015-01-09T04:52:54.083-08:00",
    "UserRole": null,
    "MarkedAsAnswerDate": null
  }
]