[
  {
    "Id": "442993",
    "ThreadId": "212679",
    "Html": "<p>I have two lists, with the ability to drag between, however, sometimes one of the lists is empty, how do I create the empty list so I can drag items from the other list to it?</p>",
    "PostedDate": "2010-05-14T10:15:43.163-07:00",
    "UserRole": null,
    "MarkedAsAnswerDate": null
  },
  {
    "Id": "443629",
    "ThreadId": "212679",
    "Html": "<p>If there are no items in the list then the code should create a placeholder in the empty list that you can drag the listitem to. Do you want to try setting placeHolderTemplate to &quot;&lt;li style='border: 1px solid black;'&gt;&amp;nbsp;&lt;/li&gt;&quot; to see if the placeholder gets created or not. And if not do you want to provide some example code, thanks.</p>\r\n<p>&nbsp;</p>",
    "PostedDate": "2010-05-16T23:34:10.203-07:00",
    "UserRole": null,
    "MarkedAsAnswerDate": null
  }
]