[
  {
    "Id": "633312",
    "ThreadId": "262873",
    "Html": "\r\n<p>Hi there,</p>\r\n<p>first of all.. thank you for such a wonder and useful plugin, I didn't need to to much to have it working just the way I needed.</p>\r\n<p>I'm looking forward for one silly option: is there any way to double click on any item on one list and have that item automaticaly added to the end on the other list and same backwards?</p>\r\n<p>Thank you so much!<br>\r\nd.</p>\r\n",
    "PostedDate": "2011-06-26T19:45:33.277-07:00",
    "UserRole": null,
    "MarkedAsAnswerDate": null
  },
  {
    "Id": "633510",
    "ThreadId": "262873",
    "Html": "<p>This script to move an item from one list to the other on double click is reasonably simple:</p>\n<div style=\"color: black; background-color: white;\">\n<pre>$(<span style=\"color: #a31515;\">\"#list1 li\"</span>).dblclick(<span style=\"color: blue;\">function</span>() { $(<span style=\"color: blue;\">this</span>).appendTo(<span style=\"color: #a31515;\">\"#list2\"</span>); });\n$(<span style=\"color: #a31515;\">\"#list2 li\"</span>).dblclick(<span style=\"color: blue;\">function</span>() { $(<span style=\"color: blue;\">this</span>).appendTo(<span style=\"color: #a31515;\">\"#list1\"</span>); });\n\n</pre>\n</div>\n<p>The only problem with this is that this is attaching the dblclick handler to each LI element in the list, so once it's moved to the other list clicking it again will invoke the same handler meaning it will be moved to the list it already is in instead of  the other list. You could do a test to see which list the LI is in and move to the other but jquery provides an alternative:</p>\n<div style=\"color: black; background-color: white;\">\n<pre>$(<span style=\"color: #a31515;\">\"li\"</span>, <span style=\"color: #a31515;\">\"#list1\"</span>).live(<span style=\"color: #a31515;\">\"dblclick\"</span>, <span style=\"color: blue;\">function</span>() { $(<span style=\"color: blue;\">this</span>).appendTo(<span style=\"color: #a31515;\">\"#list2\"</span>); });\n$(<span style=\"color: #a31515;\">\"li\"</span>, <span style=\"color: #a31515;\">\"#list2\"</span>).live(<span style=\"color: #a31515;\">\"dblclick\"</span>, <span style=\"color: blue;\">function</span>() { $(<span style=\"color: blue;\">this</span>).appendTo(<span style=\"color: #a31515;\">\"#list1\"</span>); });\n\n</pre>\n</div>\n<p>This functions the same as above except now the dblclick handler is attached to #list1 instead, and when you click on LI it will fire the handler attached to #list1 since in effect your clicking it too. It will do a check to make sure the element you clicked  on matches the selector which in our case is \"li\" before firing our handler. This solves our problem.</p>\n<p>The only problem now is that if you're running dragsort then it's onmousedown handler is going to trigger after the first click preventing the second click from firing our dblclick handler. So we could alter dragsort to add a delay, but here is an approach (which relies on a feature introduced in jQuery 1.6)  of delaying triggering dragsort's mousedown event by 100ms without changing dragsort code as long as this is run before the dragsort code is called.</p>\n<div style=\"color: black; background-color: white;\">\n<pre><span style=\"color: blue;\">var</span> delayTimer = <span style=\"color: blue;\">null</span>;\n$(<span style=\"color: #a31515;\">\"#list1, #list2\"</span>).mousedown(<span style=\"color: blue;\">function</span>(ev) {\n\t<span style=\"color: blue;\">if</span> (delayTimer != <span style=\"color: blue;\">null</span>) <span style=\"color: blue;\">return</span>;\n\tev.stopImmediatePropagation();\n\tdelayTimer = window.setTimeout(<span style=\"color: blue;\">function</span>() {\n\t\t$(ev.target).trigger(jQuery.Event(<span style=\"color: #a31515;\">\"mousedown\"</span>, { which: ev.which, pageY: ev.pageY, pageX: ev.pageX }));\n\t\tdelayTimer = <span style=\"color: blue;\">null</span>;\n\t}, 100);\n}).mouseup(<span style=\"color: blue;\">function</span>() {\n\twindow.clearTimeout(delayTimer);\n\tdelayTimer = <span style=\"color: blue;\">null</span>;\n});\n\n</pre>\n</div>",
    "PostedDate": "2011-06-27T05:55:40.677-07:00",
    "UserRole": null,
    "MarkedAsAnswerDate": null
  },
  {
    "Id": "633554",
    "ThreadId": "262873",
    "Html": "<p>Hi mcm!</p>\n<p>thank you so much for your prompt answer.</p>\n<p>I was unable to have the feature working after the modifications you suggested. I have added both modifications to the &lt;head&gt; of the main html on the same &lt;script&gt; block as the initialization for the plugin... $(\"ul:first\").dragsort(), is that ok?</p>\n<p>Basically, when I make a double click over any item on the list, nothing happens.</p>\n<p>Thanks for your support,<br /> d.</p>\n<p>EDIT: I just realized that the feature DOES work... BUT.... by double clicking the right button! hahaha that's odd! the option works, but the context menu appears each time too.</p>",
    "PostedDate": "2011-06-27T07:53:52.237-07:00",
    "UserRole": null,
    "MarkedAsAnswerDate": null
  },
  {
    "Id": "633815",
    "ThreadId": "262873",
    "Html": "<p>Yeah that sounds fine, if it only works on right click then it sounds like dragsort is still interfering since it is coded to only trigger on left click, you could try increasing the delay from 100 in the setTimeout function. Are you running jQuery 1.6?</p>\n<p>Here's what I have, download dragsort-dblclick.zip from:<br /> https://skydrive.live.com/?cid=05010a422e83cdcf&amp;sc=documents&amp;uc=1&amp;id=5010A422E83CDCF%21128#</p>",
    "PostedDate": "2011-06-27T15:24:32.773-07:00",
    "UserRole": null,
    "MarkedAsAnswerDate": null
  },
  {
    "Id": "633865",
    "ThreadId": "262873",
    "Html": "<p>Hi mcm!</p>\r\n<p>thanks again for your prompt answer.</p>\r\n<p>Yes, I'm using jQuery 1.6.1. I just tried your script from the link you said and it works FANTASTIC. My script is showing images (like Picasa photo organizer) and is not working the same way, it works \"strange\". For some reason looks that there's a delay (besides the one we are configuring to make the script wait to let the second click to take place).</p>\r\n<p>Anyway, I just found a workaround that works very well... I left the \"move\" option on the left click and prevent the contextual menu to appear using the following code:</p>\r\n<p>&lt;script type=\"text/javascript\" language=\"javascript\"&gt;<br />&nbsp;&nbsp;&nbsp;&nbsp;&nbsp;&nbsp;&nbsp; $(function() {<br />&nbsp;&nbsp;&nbsp;&nbsp;&nbsp;&nbsp;&nbsp;&nbsp;&nbsp;&nbsp;&nbsp;&nbsp;&nbsp;&nbsp;&nbsp; $(this).bind(\"contextmenu\", function(e) {<br />&nbsp;&nbsp;&nbsp;&nbsp;&nbsp;&nbsp;&nbsp;&nbsp;&nbsp;&nbsp;&nbsp;&nbsp;&nbsp;&nbsp;&nbsp;&nbsp;&nbsp;&nbsp;&nbsp;&nbsp;&nbsp;&nbsp;&nbsp; e.preventDefault();<br />&nbsp;&nbsp;&nbsp;&nbsp;&nbsp;&nbsp;&nbsp;&nbsp;&nbsp;&nbsp;&nbsp;&nbsp;&nbsp;&nbsp;&nbsp; });<br />&nbsp;&nbsp;&nbsp;&nbsp;&nbsp;&nbsp;&nbsp; }); <br />&lt;/script&gt;</p>\r\n<p>Now I can move the items with one single click on the left button by drag &amp; drop the item or immediately move the item from one list to another by double clicking the right button.</p>\r\n<p>I really appreciate your help and want to thank you one more time for the great job, been looking for a script like this for a whole week.</p>\r\n<p>Have a good life!<br />d.</p>",
    "PostedDate": "2011-06-27T17:04:40.787-07:00",
    "UserRole": null,
    "MarkedAsAnswerDate": null
  }
]