[
  {
    "Id": "718424",
    "ThreadId": "284512",
    "Html": "\r\n<p>Hello, I use this list alot, but I'm missing an option to drop an item onto another in the list. Just like creating folders on ipad and iphone. I'm trying to have three options with the objects in the list.</p>\r\n<p>1 - Click the object as a regular link. Easy, just add &quot;if (!e.altKey)<span> </span>\r\nreturn false;&quot; or something in the&nbsp;grabItem function.</p>\r\n<p>2 - Regular sorting, just as it is</p>\r\n<p>3 - Drop onto each other which is the hard part.&nbsp;</p>\r\n<p>&nbsp;</p>\r\n<p>Can anybody help me?</p>\r\n<p>&nbsp;</p>\r\n<p>thx</p>\r\n<p>M</p>\r\n",
    "PostedDate": "2011-12-29T13:09:03.603-08:00",
    "UserRole": null,
    "MarkedAsAnswerDate": null
  },
  {
    "Id": "725044",
    "ThreadId": "284512",
    "Html": "<p>For option 1 there's a new release that allows hyperlinks to both be clicked on and dragged without the need for holding down the alt key here:<br /><a href=\"http://dragsort.codeplex.com/releases/view/80735\">http://dragsort.codeplex.com/releases/view/80735</a></p>\n<p>I don't have an ipad or iphone so not sure how you're thinking it option 2 and 3 would work together. Currently in the swapItems function when you drag an item over another item it swaps them, with the placeHolderTemplate used as the visual clue where the  draggedItem will remain when you release the mouse. So would you change it so that there's a gap between the items and an arrow appears when you drag the item to that gap to indicate where it will remain when you release the mouse and if it is over another  item for the dragged item to change appearance to indicate you are dropping it inside? Or is it like folders and files so you would differentiate both types with a css class so that when a folder or file is placed over a folder it changes appearance to indicate  you're dropping it inside but if it's over a file it swaps them like how dragsort currently works?</p>",
    "PostedDate": "2012-01-13T16:56:07.817-08:00",
    "UserRole": null,
    "MarkedAsAnswerDate": null
  }
]