[
  {
    "Id": "854035",
    "ThreadId": "361036",
    "Html": "\r\n<p>Again, fantastic program. I was wondering if anyone has figured out a way to restrict dropping an item in an area. I've implemented the ability to have some items stationary, but I need to figure out how to prevent some items being dropped between specific\r\n items. Whereas I've grouped some elements together, I dont want the user to be able to insert elements inside of this subgroup.</p>\r\n<p>&nbsp;</p>\r\n<p>List is 1,2,3,4,5,6,7,8</p>\r\n<p>4,5,6 are connected and move as a group</p>\r\n<p>I dont want to a user to be able to place 8 in between 4 &amp; 5 or 5&amp;6.</p>\r\n<p>Thanks&nbsp;</p>\r\n",
    "PostedDate": "2012-06-26T13:25:18.03-07:00",
    "UserRole": null,
    "MarkedAsAnswerDate": null
  }
]