[
  {
    "Id": "696507",
    "ThreadId": "279001",
    "Html": "\r\n<p>I'm using dragsort to create a shopping cart of sorts, so I have two different lists each with their own CSS styles as seen here:</p>\r\n<p>http://www.joetito.com/dragdrop/app-store.php</p>\r\n<p>The problem I'm running into is that if an item is dragged from one list to the other, the alignment of items gets messed up because it's using the height/width of the dragged item instead of the height/width of the placeholder style within the destination\r\n list.</p>\r\n<p>How can I change the library to use the style of the placeholder div within the list that is currently being hovered over?</p>\r\n",
    "PostedDate": "2011-11-10T08:14:28.53-08:00",
    "UserRole": null,
    "MarkedAsAnswerDate": null
  },
  {
    "Id": "703749",
    "ThreadId": "279001",
    "Html": "<p>In the dragSort code you can find and change this line to remove setting the height and width:</p>\r\n<p>\r\n<div style=\"color: black; background-color: white;\">\r\n<pre>list.placeHolderItem = list.draggedItem.next()<strong>.css({ height: h, width: w })</strong>.attr(<span style=\"color: #a31515;\">\"data-placeHolder\"</span>, <span style=\"color: blue;\">true</span>);\r\n</pre>\r\n</div>\r\nGood job on the page, looks like you've put a bit of work into it.</p>",
    "PostedDate": "2011-11-26T20:57:35.377-08:00",
    "UserRole": null,
    "MarkedAsAnswerDate": null
  },
  {
    "Id": "704168",
    "ThreadId": "279001",
    "Html": "<blockquote style=\"border: solid .1em #ccc; font-style: italic; margin: .25em 1em 0 1em; padding: 0 .25em 0 .25em;\"><strong>mcm_ham wrote:</strong><br />\r\n<p>In the dragSort code you can find and change this line to remove setting the height and width:</p>\r\n<div style=\"color: black; background-color: white;\">\r\n<pre>list.placeHolderItem = list.draggedItem.next()<strong>.css({ height: h, width: w })</strong>.attr(<span style=\"color: #a31515;\">\"data-placeHolder\"</span>, <span style=\"color: blue;\">true</span>);\r\n</pre>\r\n</div>\r\nGood job on the page, looks like you've put a bit of work into it.\r\n<p>&nbsp;</p>\r\n</blockquote>\r\n<p>Thanks mcm_ham!</p>\r\n<p>I changed this line:</p>\r\n<p>\r\n<div style=\"color: black; background-color: white;\">\r\n<pre>list.placeHolderItem = list.draggedItem.next().css({ height: h, width: w }).attr(<span style=\"color: #a31515;\">\"data-placeHolder\"</span>, <span style=\"color: blue;\">true</span>);\r\n</pre>\r\n</div>\r\n</p>\r\n<p>to this:</p>\r\n<p>\r\n<div style=\"color: black; background-color: white;\">\r\n<pre>list.placeHolderItem = list.draggedItem.next().attr(<span style=\"color: #a31515;\">\"data-placeHolder\"</span>, <span style=\"color: blue;\">true</span>);</pre>\r\n</div>\r\n</p>\r\n<p>and everything worked perfectly!</p>",
    "PostedDate": "2011-11-28T06:18:33.42-08:00",
    "UserRole": null,
    "MarkedAsAnswerDate": null
  }
]