{
  "WorkItem": {
    "AffectedComponent": {
      "Name": "",
      "DisplayName": ""
    },
    "ClosedComment": "",
    "ClosedDate": null,
    "CommentCount": 1,
    "Custom": "",
    "Description": "I am using jQuery List DragSort program and one of the layer of my program contain google chart.\n \nIt lost google chart display when we drag google chart layer form one position to another in mozilla firefox browser only.\n \n \nPleaes help me...",
    "LastUpdatedDate": "2013-02-21T17:04:51.567-08:00",
    "PlannedForRelease": "",
    "ReleaseVisibleToPublic": false,
    "Priority": {
      "Name": "Low",
      "Severity": 50,
      "Id": 1
    },
    "ProjectName": "dragsort",
    "ReportedDate": "2010-08-06T03:12:12.51-07:00",
    "Status": {
      "Name": "Proposed",
      "Id": 1
    },
    "ReasonClosed": {
      "Name": "Unassigned"
    },
    "Summary": "Mozilla Firefox issue",
    "Type": {
      "Name": "Issue",
      "Id": 3
    },
    "VoteCount": 1,
    "Id": 28446
  },
  "FileAttachments": [],
  "Comments": [
    {
      "Message": "See: http://dragsort.codeplex.com/discussions/222729",
      "PostedDate": "2011-06-18T14:23:04.563-07:00",
      "Id": 154581
    }
  ]
}