{
  "WorkItem": {
    "AffectedComponent": {
      "Name": "",
      "DisplayName": ""
    },
    "ClosedComment": "",
    "ClosedDate": null,
    "CommentCount": 0,
    "Custom": "",
    "Description": "I have 2 lists w/a fixed height. I noticed when you drag from list 1 to 2 and release the mouse button when over list 2, but you are not over list item, then the move does not take. Unless you have moused over an  item from list 2, the drop does not work the way you'd expect.\n\nTo fix the problem, I added a patch to the source code that checks when dragging between lists and if you're dropping to a list and the list.placeHolderItem object isn't in the current list, it'll move the item to the dropped list container.\n\nThis allows you to have a fixed height on your  elements and drop the elements. This should also resolve issues where an \"empty\" element can be hard to drop to. This should also fix issues where there is margin/whitespace between the  items.\n\nI'm attaching my patch.",
    "LastUpdatedDate": "2013-02-21T17:04:48.14-08:00",
    "PlannedForRelease": "",
    "ReleaseVisibleToPublic": false,
    "Priority": {
      "Name": "Low",
      "Severity": 50,
      "Id": 1
    },
    "ProjectName": "dragsort",
    "ReportedDate": "2013-02-08T12:01:57.963-08:00",
    "Status": {
      "Name": "Proposed",
      "Id": 1
    },
    "ReasonClosed": {
      "Name": "Unassigned"
    },
    "Summary": "Dropping in container element does not work",
    "Type": {
      "Name": "Issue",
      "Id": 3
    },
    "VoteCount": 1,
    "Id": 33749
  },
  "FileAttachments": [
    {
      "FileId": 887241,
      "FileName": "dragsort_fix_contain_issue.patch",
      "DownloadUrl": ".\\887241"
    }
  ],
  "Comments": []
}