{
  "WorkItem": {
    "AffectedComponent": {
      "Name": "",
      "DisplayName": ""
    },
    "ClosedComment": "",
    "ClosedDate": null,
    "CommentCount": 0,
    "Custom": null,
    "Description": "The most recent version (at this time), 0.5.2, is not compatible with jQuery version 3.\r\n\r\nIt will work perfectly well with jQuery 2.2.4 (the most recent 2.x version at this time).\r\n\r\nWith version 3.x the following error occurs:\r\njQuery.Deferred exception: e(...).children(...).size is not a function TypeError: e(...).children(...).size is not a function\r\nand\r\nUncaught TypeError: e(...).children(...).size is not a function\r\n\r\nThank you for the great plugin.  It is very useful and I love it, but I just wanted to make users aware that this is the cause of the error.",
    "LastUpdatedDate": "2017-03-09T14:52:33.943-08:00",
    "PlannedForRelease": "",
    "ReleaseVisibleToPublic": false,
    "Priority": {
      "Name": "Unassigned",
      "Severity": 0,
      "Id": 0
    },
    "ProjectName": "dragsort",
    "ReportedDate": "2017-03-09T14:52:33.757-08:00",
    "Status": {
      "Name": "Proposed",
      "Id": 1
    },
    "ReasonClosed": {
      "Name": "Unassigned"
    },
    "Summary": "Does not work with jQuery 3.x",
    "Type": {
      "Name": "Unassigned",
      "Id": 5
    },
    "VoteCount": 1,
    "Id": 35208
  },
  "FileAttachments": [
    {
      "FileId": 1645470,
      "FileName": "drag_drop_screen_shot.jpg",
      "DownloadUrl": ".\\1645470"
    }
  ],
  "Comments": []
}