[
  {
    "Id": 24530,
    "Title": "Dragged item bad positioned when using UI.Layout"
  },
  {
    "Id": 26326,
    "Title": "dragEnd should allow a boolean return value to revert state on false"
  },
  {
    "Id": 27382,
    "Title": "Only trigger dragEnd when order has changed"
  },
  {
    "Id": 28446,
    "Title": "Mozilla Firefox issue"
  },
  {
    "Id": 30203,
    "Title": "Small error in code"
  },
  {
    "Id": 31290,
    "Title": "Cursor does not change back from \"pointer\" to default"
  },
  {
    "Id": 31291,
    "Title": "Position of \"placeholder\" based on mouse cursor location, instead of LI box"
  },
  {
    "Id": 31969,
    "Title": "dragEnd callback doesn't always fire when it should"
  },
  {
    "Id": 32170,
    "Title": "Not able to drop an item to last row"
  },
  {
    "Id": 32171,
    "Title": "Not able to drop an item to last row"
  },
  {
    "Id": 32484,
    "Title": "DragSelector \"visually outside\" of the sortable element"
  },
  {
    "Id": 32717,
    "Title": "Add Tolerance to trigger to avoid missing click"
  },
  {
    "Id": 33163,
    "Title": "scrollContainer loses correct item offsets when dragging"
  },
  {
    "Id": 33484,
    "Title": "dragsort won't initialize if all lists are empty"
  },
  {
    "Id": 33582,
    "Title": "No data-listidx attribute on list items when using multiple lists"
  },
  {
    "Id": 33636,
    "Title": "Broken layout with dimensions in percentages"
  },
  {
    "Id": 33749,
    "Title": "Dropping in container element does not work"
  },
  {
    "Id": 33848,
    "Title": "Error in ie 8"
  },
  {
    "Id": 33956,
    "Title": "Allowing a <thead> header block..."
  },
  {
    "Id": 34156,
    "Title": "Draggable item with scrollbar inside"
  },
  {
    "Id": 34960,
    "Title": "Won't work with jQuery 1.9 and later"
  },
  {
    "Id": 35205,
    "Title": "When multiple containers"
  },
  {
    "Id": 35206,
    "Title": "drag in iframe html body"
  },
  {
    "Id": 35207,
    "Title": "Complex itemSelector does not work."
  },
  {
    "Id": 35208,
    "Title": "Does not work with jQuery 3.x"
  }
]