{
  "WorkItem": {
    "AffectedComponent": {
      "Name": "",
      "DisplayName": ""
    },
    "ClosedComment": "",
    "ClosedDate": null,
    "CommentCount": 0,
    "Custom": "",
    "Description": "When we stylize the \"dragselector\" to be \"outside\" (margin-left: -30px) of the sortable element,\nthe swapping between elements don't work if the mouse stay on the dragSelector, work only if the mouse \"shift\" during the drag to any position \"internal\" at the sortable element.\n \nI read that you solved the \"padding\" issue, i think this margin one is quite the same",
    "LastUpdatedDate": "2013-02-21T17:04:49.893-08:00",
    "PlannedForRelease": "",
    "ReleaseVisibleToPublic": false,
    "Priority": {
      "Name": "Low",
      "Severity": 50,
      "Id": 1
    },
    "ProjectName": "dragsort",
    "ReportedDate": "2012-03-23T03:31:33.467-07:00",
    "Status": {
      "Name": "Proposed",
      "Id": 1
    },
    "ReasonClosed": {
      "Name": "Unassigned"
    },
    "Summary": "DragSelector \"visually outside\" of the sortable element",
    "Type": {
      "Name": "Issue",
      "Id": 3
    },
    "VoteCount": 1,
    "Id": 32484
  },
  "FileAttachments": [],
  "Comments": []
}