{
  "WorkItem": {
    "AffectedComponent": {
      "Name": "",
      "DisplayName": ""
    },
    "ClosedComment": "",
    "ClosedDate": null,
    "CommentCount": 1,
    "Custom": "",
    "Description": "Am implementing dragsort with a server-side ajax command to \"save\" the changed order of my list to my database.\n \nIF this fails, I need to be able to return false from dragEnd to make the UI \"revert\" back to the original state.\n \nI think this behaviour should be standard from within DragSort rather than writing it myself (quick solution = reload page, longer solution = do it dynamically in jQuery).\n \nDragSort naturally fits with ajax server updates, so your plugin should be very friendly for this.",
    "LastUpdatedDate": "2013-02-21T17:04:52.027-08:00",
    "PlannedForRelease": "",
    "ReleaseVisibleToPublic": false,
    "Priority": {
      "Name": "Low",
      "Severity": 50,
      "Id": 1
    },
    "ProjectName": "dragsort",
    "ReportedDate": "2010-02-24T18:32:15.42-08:00",
    "Status": {
      "Name": "Proposed",
      "Id": 1
    },
    "ReasonClosed": {
      "Name": "Unassigned"
    },
    "Summary": "dragEnd should allow a boolean return value to revert state on false",
    "Type": {
      "Name": "Issue",
      "Id": 3
    },
    "VoteCount": 2,
    "Id": 26326
  },
  "FileAttachments": [],
  "Comments": [
    {
      "Message": "There is example code for this here:\r\nhttp://dragsort.codeplex.com/discussions/269270",
      "PostedDate": "2011-09-30T03:17:43.687-07:00",
      "Id": 154574
    }
  ]
}