{
  "WorkItem": {
    "AffectedComponent": {
      "Name": "",
      "DisplayName": ""
    },
    "ClosedComment": "",
    "ClosedDate": null,
    "CommentCount": 5,
    "Custom": "",
    "Description": "I use UI.Layout plugin to layout the page (top header, left menu, rest content). When I use the List DragSort for a list inside a UI.Layout content pane, the dragged item is bad positioned. It has an offset equal to the top left position of the UI.Layout pane. I'm testing with IE7, jquery 1.3.2, dragsort 0.3, ui.layout 1.2.0.\n \nI have examined the plugin code, and I think the problem is caused because the list.draggedItem is positioned absolute inside a div already positioned absolute. The top, left css styles are not relative to the document, but to the parent absolute div. The offset() function is not 100% compatible with css({top:y,left:x}) when ancestor absolute divs are in play.\n \nI have found a solution for me: substract the position of the absolute containers. My patch is adding this piece of code just before the last statement of the setPos function:\n \n\tthis.draggedItem.parents().each(function(){\n\t    if (this.style.position == \"absolute\") {\n\t        var offset = $(this).offset();\n\t        top -= offset.top;\n\t        left -= offset.left;\n\t    }\n\t});",
    "LastUpdatedDate": "2013-06-14T00:30:09.377-07:00",
    "PlannedForRelease": "jQuery List DragSort 0.3.7",
    "ReleaseVisibleToPublic": true,
    "Priority": {
      "Name": "Low",
      "Severity": 50,
      "Id": 1
    },
    "ProjectName": "dragsort",
    "ReportedDate": "2009-09-03T05:35:38.257-07:00",
    "Status": {
      "Name": "Resolved",
      "Id": 7
    },
    "ReasonClosed": {
      "Name": "Unassigned"
    },
    "Summary": "Dragged item bad positioned when using UI.Layout",
    "Type": {
      "Name": "Issue",
      "Id": 3
    },
    "VoteCount": 3,
    "Id": 24530
  },
  "FileAttachments": [],
  "Comments": [
    {
      "Message": "Had the same problem and this post almost fixed it. Only in my case the parent container was positioned \"relative\" and this.style.position somehow didn't work either.\r\nSo I changed the if-condition to\r\n\r\nif( $(this).css( \"position\" ) == \"absolute\" || $(this).css( \"position\" ) == \"relative\" )\r\n\r\nElse (and with the fix provided here) it's working smoothly. Great work!",
      "PostedDate": "2009-09-07T05:37:05.42-07:00",
      "Id": 154569
    },
    {
      "Message": "Thanks both of you. I had the same problem except that my list of items was inside 2 elements with css position setted to relative. Your solution didn't work for me. The reason is that CSS top & left values for position absolute or relative are little bit different from jquery's offset() function. This function return offset related to the whole document (doesn't matter how deep the element is and how many relative/absolute parents it has). On the other hand CSS define top & left relatively to the closest relative/absolute ancestor. Often it is of course body element. In such case the jquery's offset() and CSS top & left give equal results. Bocca's patch doesn't reflect this. I made a small improvement. There is no need to subtract all parents. Subtraction of the first absolute / relative element is sufficient. So following patch placed right before last statement of setPos function works great for me.\r\n\r\nthis.draggedItem.parents().each(function() {\r\n\tif (($(this).css(\"position\") == \"absolute\") || ($(this).css(\"position\") == \"relative\")) {\r\n\t\tvar offset = $(this).offset();\r\n\t\ttop -= offset.top;\r\n\t\tleft -= offset.left;\r\n\t\treturn false;\r\n\t}\r\n});",
      "PostedDate": "2009-10-29T09:43:29.667-07:00",
      "Id": 154570
    },
    {
      "Message": "Sorry I didn't see this earlier (I only had discussion notifications turned on and not issues). Thanks for posting your patches to this issue. I will release an update soon that includes this fix and a change to allow the empty placeholder to be styled.",
      "PostedDate": "2009-11-05T18:29:11.963-08:00",
      "Id": 154571
    },
    {
      "Message": "Fixed in 0.3.7.\r\n\n\n** Closed by mcm_ham 11/14/2009 8:27 PM",
      "PostedDate": "2012-02-25T03:08:58.88-08:00",
      "Id": 154572
    },
    {
      "Message": "",
      "PostedDate": "2012-02-25T03:08:59.557-08:00",
      "Id": 154573
    }
  ]
}