{
  "WorkItem": {
    "AffectedComponent": {
      "Name": "",
      "DisplayName": ""
    },
    "ClosedComment": "",
    "ClosedDate": null,
    "CommentCount": 4,
    "Custom": "",
    "Description": "Expected behavior (works in FF, not in IE):\n     - Mouse-over: hand/pointer cursor\n     - Move: move cursor\n     - Drop: hand/pointer\n     - Mouse-out: no specified cursor (reacts with other elements naturally)\n \nCurrent behavior:\n     - Mouse-over: hand/pointer cursor\n     - Move: move cursor\n     - Drop: hand/pointer\n     - Mouse-out: hand/pointer (until user clicks somewhere, or a JS alert is triggered)\n \nNote: using .blur() and .focus() on these and other page elements doesn't seem to make a difference.  Tested using example (0.4.3) code, no modifications.",
    "LastUpdatedDate": "2013-02-21T17:04:50.84-08:00",
    "PlannedForRelease": "",
    "ReleaseVisibleToPublic": false,
    "Priority": {
      "Name": "Low",
      "Severity": 50,
      "Id": 1
    },
    "ProjectName": "dragsort",
    "ReportedDate": "2011-08-19T15:02:37.7-07:00",
    "Status": {
      "Name": "Proposed",
      "Id": 1
    },
    "ReasonClosed": {
      "Name": "Unassigned"
    },
    "Summary": "Cursor does not change back from \"pointer\" to default",
    "Type": {
      "Name": "Issue",
      "Id": 3
    },
    "VoteCount": 1,
    "Id": 31290
  },
  "FileAttachments": [],
  "Comments": [
    {
      "Message": "Upon further investigation, it was revealed that this was caused by the dragged element being inserted back into the list via the \".before()\" method.",
      "PostedDate": "2011-10-16T15:57:06.767-07:00",
      "Id": 154585
    },
    {
      "Message": "This is not something I am able to reproduce. What version of IE are you using?\r\n\r\nApologies for the very long delay in responding. For some reason I'm not getting notified when people file issues but am when they post in the discussion area.",
      "PostedDate": "2012-02-25T02:34:42.797-08:00",
      "Id": 154586
    },
    {
      "Message": "Also is this something you're reproducing with example.html that's bundled with dragsort?",
      "PostedDate": "2012-02-25T02:35:37.39-08:00",
      "Id": 154587
    },
    {
      "Message": "Doesn't seem to occur with the latest library.",
      "PostedDate": "2012-04-23T08:42:06.553-07:00",
      "Id": 154588
    }
  ]
}