{
  "WorkItem": {
    "AffectedComponent": {
      "Name": "",
      "DisplayName": ""
    },
    "ClosedComment": "",
    "ClosedDate": null,
    "CommentCount": 1,
    "Custom": "",
    "Description": "When using more than one list in the selector, with or without dragBetween set to true, data-listidx will be assigned to the UL elements used in the selector and not the child LI elements, leaving no way of saving the list order.",
    "LastUpdatedDate": "2013-02-21T17:04:48.947-08:00",
    "PlannedForRelease": "",
    "ReleaseVisibleToPublic": false,
    "Priority": {
      "Name": "Low",
      "Severity": 50,
      "Id": 1
    },
    "ProjectName": "dragsort",
    "ReportedDate": "2012-12-18T11:08:42.023-08:00",
    "Status": {
      "Name": "Proposed",
      "Id": 1
    },
    "ReasonClosed": {
      "Name": "Unassigned"
    },
    "Summary": "No data-listidx attribute on list items when using multiple lists",
    "Type": {
      "Name": "Issue",
      "Id": 3
    },
    "VoteCount": 1,
    "Id": 33582
  },
  "FileAttachments": [
    {
      "FileId": 887240,
      "FileName": "example.php",
      "DownloadUrl": ".\\887240"
    }
  ],
  "Comments": [
    {
      "Message": "This is an example of the bug",
      "PostedDate": "2012-12-18T11:17:30.987-08:00",
      "Id": 154595
    }
  ]
}