{
  "WorkItem": {
    "AffectedComponent": {
      "Name": "",
      "DisplayName": ""
    },
    "ClosedComment": "Fixed in 0.5.2",
    "ClosedDate": "2014-08-06T02:33:42.043-07:00",
    "CommentCount": 1,
    "Custom": "",
    "Description": "... because of $.browser calls. Please fix this!",
    "LastUpdatedDate": "2014-08-06T02:33:42.043-07:00",
    "PlannedForRelease": "",
    "ReleaseVisibleToPublic": false,
    "Priority": {
      "Name": "Unassigned",
      "Severity": 0,
      "Id": 0
    },
    "ProjectName": "dragsort",
    "ReportedDate": "2014-02-05T08:48:26.81-08:00",
    "Status": {
      "Name": "Closed",
      "Id": 4
    },
    "ReasonClosed": {
      "Name": "Fixed"
    },
    "Summary": "Won't work with jQuery 1.9 and later",
    "Type": {
      "Name": "Unassigned",
      "Id": 5
    },
    "VoteCount": 1,
    "Id": 34960
  },
  "FileAttachments": [],
  "Comments": [
    {
      "Message": "Thanks, I've just released a version with that removed.",
      "PostedDate": "2014-08-06T02:32:46.71-07:00",
      "Id": 154611
    }
  ]
}