{
  "WorkItem": {
    "AffectedComponent": {
      "Name": "",
      "DisplayName": ""
    },
    "ClosedComment": "Duplicate of http://dragsort.codeplex.com/workitem/32170",
    "ClosedDate": "2012-02-25T02:14:43.987-08:00",
    "CommentCount": 0,
    "Custom": "",
    "Description": "When the last row contains only one item, dragging is not available to the last row (dragsort 4.3)",
    "LastUpdatedDate": "2013-05-16T04:29:22.397-07:00",
    "PlannedForRelease": "",
    "ReleaseVisibleToPublic": false,
    "Priority": {
      "Name": "Low",
      "Severity": 50,
      "Id": 1
    },
    "ProjectName": "dragsort",
    "ReportedDate": "2012-02-03T01:11:03.18-08:00",
    "Status": {
      "Name": "Closed",
      "Id": 4
    },
    "ReasonClosed": {
      "Name": "Unassigned"
    },
    "Summary": "Not able to drop an item to last row",
    "Type": {
      "Name": "Issue",
      "Id": 3
    },
    "VoteCount": 1,
    "Id": 32171
  },
  "FileAttachments": [],
  "Comments": []
}