{
  "WorkItem": {
    "AffectedComponent": {
      "Name": "",
      "DisplayName": ""
    },
    "ClosedComment": "",
    "ClosedDate": null,
    "CommentCount": 0,
    "Custom": "",
    "Description": "Hi, I have a dashboard widget that is draggable nicely with List DragSort, however inside that <LI> the widget body (a div) have a specific size and a sometimes a scrollbar (overflow:auto).\n\nThe scrollbar doesn't work on Firefox, and on IE creates a sticky effect very unpleasant.\n\nFor what I see there are options for scrolling outside the draggable item but not inside...\n\nDoes nobody have fund this issue? any way to work around this?\n\nThanks",
    "LastUpdatedDate": "2013-06-09T09:45:26.867-07:00",
    "PlannedForRelease": "",
    "ReleaseVisibleToPublic": false,
    "Priority": {
      "Name": "Unassigned",
      "Severity": 0,
      "Id": 0
    },
    "ProjectName": "dragsort",
    "ReportedDate": "2013-06-09T09:45:26.867-07:00",
    "Status": {
      "Name": "Proposed",
      "Id": 1
    },
    "ReasonClosed": {
      "Name": "Unassigned"
    },
    "Summary": "Draggable item with scrollbar inside",
    "Type": {
      "Name": "Unassigned",
      "Id": 5
    },
    "VoteCount": 1,
    "Id": 34156
  },
  "FileAttachments": [],
  "Comments": []
}