{
  "WorkItem": {
    "AffectedComponent": {
      "Name": "",
      "DisplayName": ""
    },
    "ClosedComment": "",
    "ClosedDate": null,
    "CommentCount": 6,
    "Custom": "",
    "Description": "P:S. Is here a way to send request to server only when some items really reordered, not by click only on item ?",
    "LastUpdatedDate": "2013-06-14T00:30:09.193-07:00",
    "PlannedForRelease": "jQuery List DragSort 0.4",
    "ReleaseVisibleToPublic": true,
    "Priority": {
      "Name": "Low",
      "Severity": 50,
      "Id": 1
    },
    "ProjectName": "dragsort",
    "ReportedDate": "2010-06-06T15:56:23.013-07:00",
    "Status": {
      "Name": "Resolved",
      "Id": 7
    },
    "ReasonClosed": {
      "Name": "Unassigned"
    },
    "Summary": "Only trigger dragEnd when order has changed",
    "Type": {
      "Name": "Issue",
      "Id": 3
    },
    "VoteCount": 2,
    "Id": 27382
  },
  "FileAttachments": [
    {
      "FileId": 887236,
      "FileName": "jquery.dragsort.zip",
      "DownloadUrl": ".\\887236"
    }
  ],
  "Comments": [
    {
      "Message": "is just do \r\n[js script]\r\n     $(\"#list1\").dragsort({ dragSelector: \"div\", dragBetween: true, dragEnd: saveOrder, placeHolderTemplate: \"\" });\r\n\t\t\r\n\t\tfunction saveOrder() {\r\n\t\t\tvar serialStr = \"\";\r\n\t\t\t$(\"#list1 li\").each(function(i, elm) { serialStr += (i > 0 ? \"|\" : \"\") + $(elm).children().html(); });\r\n\t\t\t$.post('submitOrder.php',{'neworder':serialStr},function(result){\r\n\t\t\t\talert(result)\r\n\t\t\t});\r\n\t\t};\r\n\r\n[example of work result on php]\r\n",
      "PostedDate": "2010-11-04T09:44:29.973-07:00",
      "Id": 154575
    },
    {
      "Message": "ops, i forgot to send the files",
      "PostedDate": "2010-11-04T09:47:54.927-07:00",
      "Id": 154576
    },
    {
      "Message": "p.s.: i forgot to say i disabled the second list",
      "PostedDate": "2010-11-04T09:50:44.17-07:00",
      "Id": 154577
    },
    {
      "Message": "Implemented for 0.4.\r\n\n\n** Closed by mcm_ham 11/20/2010 2:37 PM",
      "PostedDate": "2012-02-25T03:10:36.907-08:00",
      "Id": 154578
    },
    {
      "Message": "",
      "PostedDate": "2012-02-25T03:10:38.72-08:00",
      "Id": 154579
    },
    {
      "Message": "Hi how can I dragsort stop and start? Or disable and enable? In other function.\r\n\r\nBecause I want to use with together Uploadify.\r\n\r\nPhoto instantly uploading I want to stop or disable dragsort.Thank you.",
      "PostedDate": "2012-12-13T22:44:25.973-08:00",
      "Id": 154580
    }
  ]
}