{
  "WorkItem": {
    "AffectedComponent": {
      "Name": "",
      "DisplayName": ""
    },
    "ClosedComment": "",
    "ClosedDate": null,
    "CommentCount": 2,
    "Custom": "",
    "Description": "Using the attached example, click the dots on list item #4 and drag upwards.\n \nNotice how the placeholder only moves once the user's mouse is over the location of items 3, 2 & 1, even though the top of item #4 is already sitting over them.",
    "LastUpdatedDate": "2013-02-21T17:04:50.69-08:00",
    "PlannedForRelease": "",
    "ReleaseVisibleToPublic": false,
    "Priority": {
      "Name": "Low",
      "Severity": 50,
      "Id": 1
    },
    "ProjectName": "dragsort",
    "ReportedDate": "2011-08-19T15:25:34.92-07:00",
    "Status": {
      "Name": "Proposed",
      "Id": 1
    },
    "ReasonClosed": {
      "Name": "Unassigned"
    },
    "Summary": "Position of \"placeholder\" based on mouse cursor location, instead of LI box",
    "Type": {
      "Name": "Issue",
      "Id": 3
    },
    "VoteCount": 1,
    "Id": 31291
  },
  "FileAttachments": [
    {
      "FileId": 887237,
      "FileName": "dragsort-0.4.3_test-pos.zip",
      "DownloadUrl": ".\\887237"
    }
  ],
  "Comments": [
    {
      "Message": "The problem is when it's a 2D list like the one example.html which item do you swap with if your dragged item covers multiple items? It's already coded to only swap with items above it if you're dragged upwards and you could code it to pick the item that is vertically above the mouse when it covers multiple items upwards. But if you drag diagonally up and right it would still match both the item to the right and the item above it at the same time with those rules, which would result in continual swapping.\r\n\r\nIn your example I would set dragBetween to true so it's not bounded by the UL then it wouldn't feel so unnatural when you're dragging the big item to the top and the placeholder is swapping with items above yet the dragged item is still.",
      "PostedDate": "2012-02-25T02:57:44.707-08:00",
      "Id": 154589
    },
    {
      "Message": "Fair enough.  The effect we were hoping to achieve was that the dragged item itself defined when the items were swapped, instead of the position of the mouse cursor.  This would give the dragged item a more \"solid\" feel.  You could avoid continual swapping by only swapping once a 50% threshold had been passed, where more than 50% of the dragged item was positioned over the item to be swapped.",
      "PostedDate": "2012-04-23T08:28:02.09-07:00",
      "Id": 154590
    }
  ]
}