{
  "WorkItem": {
    "AffectedComponent": {
      "Name": "",
      "DisplayName": ""
    },
    "ClosedComment": "",
    "ClosedDate": null,
    "CommentCount": 0,
    "Custom": null,
    "Description": "Using div.dragdrop will allow the dragging of the selected item but the items will not swap places and the list will not be reordered. Using div alone will work.",
    "LastUpdatedDate": "2015-11-09T12:25:38.247-08:00",
    "PlannedForRelease": "",
    "ReleaseVisibleToPublic": false,
    "Priority": {
      "Name": "Unassigned",
      "Severity": 0,
      "Id": 0
    },
    "ProjectName": "dragsort",
    "ReportedDate": "2015-11-09T12:25:38.247-08:00",
    "Status": {
      "Name": "Proposed",
      "Id": 1
    },
    "ReasonClosed": {
      "Name": "Unassigned"
    },
    "Summary": "Complex itemSelector does not work.",
    "Type": {
      "Name": "Unassigned",
      "Id": 5
    },
    "VoteCount": 1,
    "Id": 35207
  },
  "FileAttachments": [],
  "Comments": []
}