{
  "WorkItem": {
    "AffectedComponent": {
      "Name": "",
      "DisplayName": ""
    },
    "ClosedComment": "",
    "ClosedDate": null,
    "CommentCount": 0,
    "Custom": null,
    "Description": "i have div  area contains some modules width div element, i want to drag and drop each module to iframe html ,\r\n<iframe id='myiframe'  src=\"html/iframe.php\"></iframe>\r\nThis modules could move to title element, head element, and body element... etc.\r\nican get iframe  and append my css code like this\r\n$('#myiframe').contents().find('style').html('body{color:red;}');\r\n$('#myiframe').contents().find('body').html('<div>My body content</div>');\r\nso how can i my other elements in iframe with your plugin.\r\nThank you.",
    "LastUpdatedDate": "2014-11-07T13:00:45.553-08:00",
    "PlannedForRelease": "",
    "ReleaseVisibleToPublic": false,
    "Priority": {
      "Name": "Unassigned",
      "Severity": 0,
      "Id": 0
    },
    "ProjectName": "dragsort",
    "ReportedDate": "2014-11-07T13:00:45.553-08:00",
    "Status": {
      "Name": "Proposed",
      "Id": 1
    },
    "ReasonClosed": {
      "Name": "Unassigned"
    },
    "Summary": "drag in iframe html body",
    "Type": {
      "Name": "Unassigned",
      "Id": 5
    },
    "VoteCount": 1,
    "Id": 35206
  },
  "FileAttachments": [],
  "Comments": []
}