{
  "WorkItem": {
    "AffectedComponent": {
      "Name": "",
      "DisplayName": ""
    },
    "ClosedComment": "",
    "ClosedDate": null,
    "CommentCount": 3,
    "Custom": "",
    "Description": "In version 0.4.1, Line 188 reads:\n \nlist.removeAttr(\"data-origStyle\"); (causing an error).\n \nBut should be \n \nlist.draggedItem.removeAttr(\"data-origStyle\");",
    "LastUpdatedDate": "2013-06-14T00:30:09.03-07:00",
    "PlannedForRelease": "jQuery List DragSort 0.4.2",
    "ReleaseVisibleToPublic": true,
    "Priority": {
      "Name": "Low",
      "Severity": 50,
      "Id": 1
    },
    "ProjectName": "dragsort",
    "ReportedDate": "2011-02-19T02:27:00.393-08:00",
    "Status": {
      "Name": "Resolved",
      "Id": 7
    },
    "ReasonClosed": {
      "Name": "Unassigned"
    },
    "Summary": "Small error in code",
    "Type": {
      "Name": "Issue",
      "Id": 3
    },
    "VoteCount": 1,
    "Id": 30203
  },
  "FileAttachments": [],
  "Comments": [
    {
      "Message": "See: http://dragsort.codeplex.com/discussions/246525",
      "PostedDate": "2011-06-18T14:24:11.673-07:00",
      "Id": 154582
    },
    {
      "Message": "Fixed in 0.4.2\r\n\n\n** Closed by mcm_ham 6/18/2011 2:24 PM",
      "PostedDate": "2012-02-25T03:09:43.053-08:00",
      "Id": 154583
    },
    {
      "Message": "",
      "PostedDate": "2012-02-25T03:09:43.69-08:00",
      "Id": 154584
    }
  ]
}