{
  "WorkItem": {
    "AffectedComponent": {
      "Name": "",
      "DisplayName": ""
    },
    "ClosedComment": "",
    "ClosedDate": null,
    "CommentCount": 1,
    "Custom": "",
    "Description": "When the last row contains only one item, dragging is not available to the last row (dragsort 4.3) and",
    "LastUpdatedDate": "2013-02-21T17:04:50.27-08:00",
    "PlannedForRelease": "",
    "ReleaseVisibleToPublic": false,
    "Priority": {
      "Name": "Low",
      "Severity": 50,
      "Id": 1
    },
    "ProjectName": "dragsort",
    "ReportedDate": "2012-02-03T01:10:59.55-08:00",
    "Status": {
      "Name": "Proposed",
      "Id": 1
    },
    "ReasonClosed": {
      "Name": "Unassigned"
    },
    "Summary": "Not able to drop an item to last row",
    "Type": {
      "Name": "Issue",
      "Id": 3
    },
    "VoteCount": 1,
    "Id": 32170
  },
  "FileAttachments": [],
  "Comments": [
    {
      "Message": "I'm not able to reproduce this. Can you reproduce with example.html that comes with dragsort? Is this dragging on top of the placeholder or an item on the last row? What browser are you using?",
      "PostedDate": "2012-02-25T02:21:22.657-08:00",
      "Id": 154593
    }
  ]
}