{
  "WorkItem": {
    "AffectedComponent": {
      "Name": "",
      "DisplayName": ""
    },
    "ClosedComment": "",
    "ClosedDate": null,
    "CommentCount": 2,
    "Custom": "",
    "Description": "The example html page provided with your code doesn't provide for a situation where this can occur but there is a fundamental flaw in the code: The dragEnd callback only fires when the item being dragged has it's order changed (either within it's own list, or within the new list that it is being dragged to).\n \nThe documentation says: \"dragEnd: The callback function that will be called after the dragging has ended.\"\n \nUnforunately this is not true.  If you want to see a situation where it doesn't work that way, setup a page where there are is a master list containing a couple draggable item's in it, and then a couple of other empty lists that can be dragged to/from, but which don't have any items in them to begin with.  Setup the dragEnd callback to show an alert so that you know when it's being fired.  Drag one of the items from the master list to one of the empty lists, notice the callback fires. Now drag that same item from the new list that it's a child of, to another one of the empty lists.  Notice the callback doesn't fire, even though the item was moved!\n \nThe bug occurs because the dropEnd callback is only set to fire when one or more of the items has it's order changed within a list.  The callback should always fire if an item is dragged from one destination to another, regardless of whether the order changes.  Otherwise, if you only have a few items and a bunch of possible destinations, the dropEnd callback won't get fired when expected (if at all).\n \nI patched the code so that it functions in the way I desired and I have attached the patch here.  Thanks for the script, let me know if anyone has any questions.",
    "LastUpdatedDate": "2013-06-14T00:30:08.593-07:00",
    "PlannedForRelease": "jQuery List DragSort 0.5.1",
    "ReleaseVisibleToPublic": true,
    "Priority": {
      "Name": "Low",
      "Severity": 50,
      "Id": 1
    },
    "ProjectName": "dragsort",
    "ReportedDate": "2011-12-16T12:56:22.783-08:00",
    "Status": {
      "Name": "Resolved",
      "Id": 7
    },
    "ReasonClosed": {
      "Name": "Unassigned"
    },
    "Summary": "dragEnd callback doesn't always fire when it should",
    "Type": {
      "Name": "Issue",
      "Id": 3
    },
    "VoteCount": 1,
    "Id": 31969
  },
  "FileAttachments": [
    {
      "FileId": 887238,
      "FileName": "jquery.dragsort-0.4.3_patched.js",
      "DownloadUrl": ".\\887238"
    }
  ],
  "Comments": [
    {
      "Message": "Thanks for reporting this, this is now fixed in 0.5.1.\r\n\n\n** Closed by mcm_ham 2/25/2012 2:27 AM",
      "PostedDate": "2012-02-25T03:07:09.17-08:00",
      "Id": 154591
    },
    {
      "Message": "",
      "PostedDate": "2012-02-25T03:07:09.89-08:00",
      "Id": 154592
    }
  ]
}