{
  "WorkItem": {
    "AffectedComponent": {
      "Name": "",
      "DisplayName": ""
    },
    "ClosedComment": "",
    "ClosedDate": null,
    "CommentCount": 0,
    "Custom": "",
    "Description": "Similar to patch: 12014 - *BUT* with some additional changes (see attached diff) and without allowing configuration of tolerance (I prefer allowing configuration)\n \nI don't know if this fixes all of the issues with the above mentioned patch, but simply adding tolerance will cause some behavior problems. \n \nThis diff also tracks:\n1. currentTarget - the target over which the drag started.  This avoids the drift problem introduced by adding tolerance due to the current code relying on '$(e.target).closest'.\n \n2. startX & startY - stores and calculates the distance the mouse has moved and only triggers drag start when the tolerance has been exceeded.\n \n3. dragStart - modified to use currentTarget rather than closest target to avoid the drift issue.\n \nI don't know if this diff fixes all remaining issues, but these were the ones I had encountered during my testing.",
    "LastUpdatedDate": "2013-02-21T17:04:49.657-08:00",
    "PlannedForRelease": "",
    "ReleaseVisibleToPublic": false,
    "Priority": {
      "Name": "Low",
      "Severity": 50,
      "Id": 1
    },
    "ProjectName": "dragsort",
    "ReportedDate": "2012-05-15T08:56:55.543-07:00",
    "Status": {
      "Name": "Proposed",
      "Id": 1
    },
    "ReasonClosed": {
      "Name": "Unassigned"
    },
    "Summary": "Add Tolerance to trigger to avoid missing click",
    "Type": {
      "Name": "Issue",
      "Id": 3
    },
    "VoteCount": 1,
    "Id": 32717
  },
  "FileAttachments": [
    {
      "FileId": 887239,
      "FileName": "jquery.dragsort.diff",
      "DownloadUrl": ".\\887239"
    }
  ],
  "Comments": []
}