{
  "WorkItem": {
    "AffectedComponent": {
      "Name": "",
      "DisplayName": ""
    },
    "ClosedComment": "",
    "ClosedDate": null,
    "CommentCount": 0,
    "Custom": "",
    "Description": "Hi, I believe that I have found a problem with the scrolling code.\n \nFor example, use this url on my development box: http://slideshowmaker.ath.cx/index.htm : \n \nIf you drag one of the first few slides past the area so that the slider pane scrolls, then you grab one of the last items and try to move it left, you will see that the \"selected\" item gets drawn many pixels left of where the mouse really is.  It seems to lose track of the correct offset because its not taking into account the scrollContainer's scolled position.\n \nI figured the scrollContainer's selector should be '.slides-wrapper .slider-pane' if I understood the docs but seems '.slider-pane .slider-timeline' works better (actually will scroll).\n \nOr am I missing something?\n \nThanks",
    "LastUpdatedDate": "2013-02-21T17:04:49.43-08:00",
    "PlannedForRelease": "",
    "ReleaseVisibleToPublic": false,
    "Priority": {
      "Name": "Low",
      "Severity": 50,
      "Id": 1
    },
    "ProjectName": "dragsort",
    "ReportedDate": "2012-09-24T14:59:38.277-07:00",
    "Status": {
      "Name": "Proposed",
      "Id": 1
    },
    "ReasonClosed": {
      "Name": "Unassigned"
    },
    "Summary": "scrollContainer loses correct item offsets when dragging",
    "Type": {
      "Name": "Issue",
      "Id": 3
    },
    "VoteCount": 1,
    "Id": 33163
  },
  "FileAttachments": [],
  "Comments": []
}