{
  "WorkItem": {
    "AffectedComponent": {
      "Name": "",
      "DisplayName": ""
    },
    "ClosedComment": "",
    "ClosedDate": null,
    "CommentCount": 1,
    "Custom": "",
    "Description": "I have 3 lists, initially empty, filled dynamically later.\nIf I call $(list).dragsort({ dragSelector: '.item' }) when they are empty, nothing happens.\nHowever, if at least one of the is nonempty, all of them get initialized.\n\nThis is clearly a bug, either it should initialize either way (preferred) or only for nonempty lists.\nHappens in current firefox & chrome, not tested elsewhere.\n\nFor the, the workaround of creating the lists with a placeholder item, initializing and then deleting the item works.",
    "LastUpdatedDate": "2013-02-21T17:04:49.123-08:00",
    "PlannedForRelease": "",
    "ReleaseVisibleToPublic": false,
    "Priority": {
      "Name": "Low",
      "Severity": 50,
      "Id": 1
    },
    "ProjectName": "dragsort",
    "ReportedDate": "2012-11-27T13:10:41.517-08:00",
    "Status": {
      "Name": "Proposed",
      "Id": 1
    },
    "ReasonClosed": {
      "Name": "Unassigned"
    },
    "Summary": "dragsort won't initialize if all lists are empty",
    "Type": {
      "Name": "Issue",
      "Id": 3
    },
    "VoteCount": 1,
    "Id": 33484
  },
  "FileAttachments": [],
  "Comments": [
    {
      "Message": "Additional info:\r\n\r\nI can actually make it intialize almost fine using$('.orderselect').dragsort({ itemSelector: '.option', dragSelector: '.option', placeHolderTemplate: '' })\r\n\r\nBut then, dropping doesn't work - the item returns where it was.\r\n\r\nIf I add$('.orderselect').dragsort({ itemSelector: '.option', dragSelector: '.option', placeHolderTemplate: '' })it works, but weird - an empty option appears while dragging, which I don't want.",
      "PostedDate": "2012-11-27T13:18:43.64-08:00",
      "Id": 154594
    }
  ]
}