{
  "WorkItem": {
    "AffectedComponent": {
      "Name": "",
      "DisplayName": ""
    },
    "ClosedComment": "",
    "ClosedDate": null,
    "CommentCount": 0,
    "Custom": "",
    "Description": "I have an UL with 9 LI items laid out more or less like the image on the project's homepage. The difference is that UL has width and height set to 100% within a fixed-dimension container, and all LI items have width and height set to 33.33% and floated left.\n\nWhat happens is that layout becomes broken in various ways when placeholder replaces one of the LI elements. I managed to fix this by removing the `.css(...)` part on line 124 (I am using the version of the code that can be downloaded from the download section). \n\nI assume that the calculated width/height that jQuery returns doesn't exactly match the way browser calculates 33.33% in this case.\n\nHere is the relevant CSS I use:\n\n.shuffleboard {\n    position: relative;\n    padding: 1em;\n}\n\n.shuffleboard ul {\n    position: relative;\n    margin: 0 auto;\n    padding: 0;\n    width: 100%;\n    height: 100%;\n}\n\n.shuffleboard li {\n    list-style: none;\n    float: left;\n    width: 33.333%;\n    height: 33.333%;\n    position: relative;\n}",
    "LastUpdatedDate": "2013-02-21T17:04:48.74-08:00",
    "PlannedForRelease": "",
    "ReleaseVisibleToPublic": false,
    "Priority": {
      "Name": "Low",
      "Severity": 50,
      "Id": 1
    },
    "ProjectName": "dragsort",
    "ReportedDate": "2013-01-02T13:33:24.22-08:00",
    "Status": {
      "Name": "Proposed",
      "Id": 1
    },
    "ReasonClosed": {
      "Name": "Unassigned"
    },
    "Summary": "Broken layout with dimensions in percentages",
    "Type": {
      "Name": "Issue",
      "Id": 3
    },
    "VoteCount": 1,
    "Id": 33636
  },
  "FileAttachments": [],
  "Comments": []
}