{
  "WorkItem": {
    "AffectedComponent": {
      "Name": "",
      "DisplayName": ""
    },
    "ClosedComment": "",
    "ClosedDate": null,
    "CommentCount": 0,
    "Custom": "",
    "Description": "When multiple containers, placeholderItem can be inserted into all containers, each time dragging . So can we only insert the placeholderItem into the target container?\nthat's my proplem.thanks.",
    "LastUpdatedDate": "2014-05-08T01:57:12.617-07:00",
    "PlannedForRelease": "",
    "ReleaseVisibleToPublic": false,
    "Priority": {
      "Name": "Unassigned",
      "Severity": 0,
      "Id": 0
    },
    "ProjectName": "dragsort",
    "ReportedDate": "2014-05-08T01:57:12.617-07:00",
    "Status": {
      "Name": "Proposed",
      "Id": 1
    },
    "ReasonClosed": {
      "Name": "Unassigned"
    },
    "Summary": "When multiple containers",
    "Type": {
      "Name": "Unassigned",
      "Id": 5
    },
    "VoteCount": 1,
    "Id": 35205
  },
  "FileAttachments": [],
  "Comments": []
}