{
  "WorkItem": {
    "AffectedComponent": {
      "Name": "",
      "DisplayName": ""
    },
    "ClosedComment": "",
    "ClosedDate": null,
    "CommentCount": 0,
    "Custom": "",
    "Description": "The table code currently doesn't allow a <thead> block at the top of the sortable rows - you can fix this with the following code at line 22:\n\nif( $(cont).is(\"table\") && $(cont).children('tbody').size() === 1 )\n  cont = $(cont).children('tbody').get(0);",
    "LastUpdatedDate": "2013-04-10T13:41:09.637-07:00",
    "PlannedForRelease": "",
    "ReleaseVisibleToPublic": false,
    "Priority": {
      "Name": "Unassigned",
      "Severity": 0,
      "Id": 0
    },
    "ProjectName": "dragsort",
    "ReportedDate": "2013-04-10T13:41:09.637-07:00",
    "Status": {
      "Name": "Proposed",
      "Id": 1
    },
    "ReasonClosed": {
      "Name": "Unassigned"
    },
    "Summary": "Allowing a <thead> header block...",
    "Type": {
      "Name": "Issue",
      "Id": 3
    },
    "VoteCount": 1,
    "Id": 33956
  },
  "FileAttachments": [],
  "Comments": []
}