[
  {
    "Id": "0",
    "Name": "jQuery List DragSort 0.5.1",
    "DevelopmentStatus": "Stable",
    "Description": "* Use different approach for dragging table cells to work around issue in Chrome / Safari (also allows placeHolderTemplate to now work), thanks [url:macnus|http://dragsort.codeplex.com/discussions/287157].\n* Include padding when detecting whether mouse is over item or not.\n* Fix change detection script (was meant to be in previous release).",
    "ReleasedDatge": "0001-01-01T00:00:00",
    "ModifiedDate": "2012-02-18T19:06:22.347-08:00",
    "Files": [
      {
        "Id": "c27fa790-aee1-4cc6-bf49-3c2df50d0b96",
        "FileName": "dragsort-0.5.1.zip",
        "Url": "./0/c27fa790-aee1-4cc6-bf49-3c2df50d0b96",
        "Type": "Application",
        "UploadDate": "2012-02-18T19:06:22.13-08:00"
      }
    ]
  },
  {
    "Id": "1",
    "Name": "jQuery List DragSort 0.5.0",
    "DevelopmentStatus": "Stable",
    "Description": "* Added api to uninitialize dragsort, thanks Jury, robwgibbons.\n* Hyperlinks can now be clicked on and dragged, thanks Assassin1989.\n* Added itemSelector option to api to allow you to specify what list items are moveable (by default it should match all), any that don't match can't be moved, thanks agetroe.\n* Changed default dragSelector, itemSelector & placeHolderTemplate value to use first list item in list container instead of simply LI, means these are now optional when list is not UL.\n* Fixed dragSelectorExclude not working when descendant element clicked.\n* Fix bug in change detection script, thanks to EclecticChaos.",
    "ReleasedDatge": "0001-01-01T00:00:00",
    "ModifiedDate": "2012-01-18T03:44:03.92-08:00",
    "Files": [
      {
        "Id": "4a95c89c-839d-43c3-adcd-efc17025f479",
        "FileName": "dragsort-0.5.0.zip",
        "Url": "./1/4a95c89c-839d-43c3-adcd-efc17025f479",
        "Type": "Application",
        "UploadDate": "2012-01-18T03:44:03.717-08:00"
      }
    ]
  },
  {
    "Id": "2",
    "Name": "jQuery List DragSort 0.4.3",
    "DevelopmentStatus": "Stable",
    "Description": "* Fix item not dropping correctly on Chrome and jQuery 1.6",
    "ReleasedDatge": "0001-01-01T00:00:00",
    "ModifiedDate": "2011-06-25T03:21:37.2-07:00",
    "Files": [
      {
        "Id": "8869df87-2e40-4df3-87c9-a06baea66ee8",
        "FileName": "dragsort-0.4.3.zip",
        "Url": "./2/8869df87-2e40-4df3-87c9-a06baea66ee8",
        "Type": "Application",
        "UploadDate": "2011-06-25T03:21:37.047-07:00"
      }
    ]
  },
  {
    "Id": "3",
    "Name": "jQuery List DragSort 0.4.2",
    "DevelopmentStatus": "Stable",
    "Description": "* Workaround for dragsort with jquery 1.5 crashing IE7.\n* Fixed error removing attribute, thanks kellymartinv.",
    "ReleasedDatge": "0001-01-01T00:00:00",
    "ModifiedDate": "2011-03-26T20:08:18.407-07:00",
    "Files": [
      {
        "Id": "1c55609d-67ec-4c59-9934-d51120321f69",
        "FileName": "dragsort-0.4.2.zip",
        "Url": "./3/1c55609d-67ec-4c59-9934-d51120321f69",
        "Type": "Application",
        "UploadDate": "2011-03-26T20:06:12.867-07:00"
      }
    ]
  },
  {
    "Id": "4",
    "Name": "jQuery List DragSort 0.4.1",
    "DevelopmentStatus": "Stable",
    "Description": "* Fixed issue dropping item under IE8, thanks Richard.",
    "ReleasedDatge": "0001-01-01T00:00:00",
    "ModifiedDate": "2011-01-18T17:00:10.243-08:00",
    "Files": [
      {
        "Id": "a5b7ecff-1da2-4936-aee6-cfd413162ea3",
        "FileName": "jquery.dragsort-0.4.1.zip",
        "Url": "./4/a5b7ecff-1da2-4936-aee6-cfd413162ea3",
        "Type": "Application",
        "UploadDate": "2011-01-18T17:00:10.087-08:00"
      }
    ]
  },
  {
    "Id": "5",
    "Name": "jQuery List DragSort 0.4",
    "DevelopmentStatus": "Stable",
    "Description": "* Added ability to automatically scroll the page or specified container when dragging the item outside the window or container. Thanks for the suggestion and feedback [url:dpeterson|http://dragsort.codeplex.com/Thread/View.aspx?ThreadId=78430] and others.\n* Fixed issue grabbing item under Firefox and jquery 1.4.3. Thanks for fix [url:jitter|http://bugs.jquery.com/ticket/7408].\n* The dragEnd function is now only triggered if the order has changed. Thanks AnyMaster.\n* A placeholder is now shown at the end of the other lists when dragging between lists is enabled to allow dragging of item to end of list. Thanks trilm.",
    "ReleasedDatge": "0001-01-01T00:00:00",
    "ModifiedDate": "2010-11-20T14:26:17.48-08:00",
    "Files": [
      {
        "Id": "6a50a322-6d6b-4ce5-b1d5-2e311ba2b577",
        "FileName": "dragsort-0.4.zip",
        "Url": "./5/6a50a322-6d6b-4ce5-b1d5-2e311ba2b577",
        "Type": "Application",
        "UploadDate": "2010-11-20T14:22:26.48-08:00"
      }
    ]
  },
  {
    "Id": "6",
    "Name": "jQuery List DragSort 0.3.10",
    "DevelopmentStatus": "Stable",
    "Description": "* Fix positioning when clicking a list item to drag that has margin - thanks robwgibbons.\n* Added a z-index of 999 to the dragged item to ensure it's the top element - thanks robwgibbons.\n* Fixed issue with 'tr' not working as itemSelector - thanks centrex.",
    "ReleasedDatge": "0001-01-01T00:00:00",
    "ModifiedDate": "2010-01-28T23:50:19.667-08:00",
    "Files": [
      {
        "Id": "d49dc91b-ec2b-44ca-bd51-855fac00b14c",
        "FileName": "dragsort-0.3.10.zip",
        "Url": "./6/d49dc91b-ec2b-44ca-bd51-855fac00b14c",
        "Type": "Application",
        "UploadDate": "2010-01-28T23:50:19.48-08:00"
      }
    ]
  },
  {
    "Id": "7",
    "Name": "jQuery List DragSort 0.3.9",
    "DevelopmentStatus": "Stable",
    "Description": "* Remove requirement to style dragHandler with pointer cursor in stylesheet if adding list items after dragSort is called (only works if list and dragHandler selector is supported by the browser) - thanks igorp1024.\n* Contains the fixes v3.8 mentioned it had but didn't.",
    "ReleasedDatge": "0001-01-01T00:00:00",
    "ModifiedDate": "2009-12-16T23:19:36.557-08:00",
    "Files": [
      {
        "Id": "16df3e9c-3b52-4155-9246-e39517c2bd00",
        "FileName": "jquery-0.3.9.zip",
        "Url": "./7/16df3e9c-3b52-4155-9246-e39517c2bd00",
        "Type": "Application",
        "UploadDate": "2009-12-16T23:19:36.383-08:00"
      }
    ]
  },
  {
    "Id": "8",
    "Name": "jQuery List DragSort 0.3.8",
    "DevelopmentStatus": "Stable",
    "Description": "*Warning - The wrong version got uploaded for 0.3.8 so it contains only some of the fixes listed here. To obtain a version with all the fixes listed here please check out [url:0.3.9|http://dragsort.codeplex.com/Release/ProjectReleases.aspx?ReleaseId=37316] or higher.*\n\n* *Breaking change* - changed placeHolderTemplate so that you now have to include the LI tags, it allows custom attributes to be defined.\n* Fix issues around having a list inside another list - thanks frankbasti\n* Changed to no longer trigger the dragsort code on INPUT elements or A elements (with href defined) so that they work as expected in IE - thanks kanduvisla\n* Items added to list after dragsort code called will now be able to be dragged (N.B. you will need to style dragHandler (e.g. LI) with \"cursor: pointer;\" in stylesheet).\n* Added php example.",
    "ReleasedDatge": "0001-01-01T00:00:00",
    "ModifiedDate": "2010-01-01T20:56:12.44-08:00",
    "Files": [
      {
        "Id": "f6aa46e4-c3d8-4402-983f-0bb11714555a",
        "FileName": "dragsort-0.3.8.zip",
        "Url": "./8/f6aa46e4-c3d8-4402-983f-0bb11714555a",
        "Type": "Application",
        "UploadDate": "2009-12-07T13:46:16.723-08:00"
      }
    ]
  },
  {
    "Id": "9",
    "Name": "jQuery List DragSort 0.3.7",
    "DevelopmentStatus": "Stable",
    "Description": "* Fixed positioning when list is inside an absolutely positioned div. - credit bocca, carrasco & wirthmi\n* Added ability to style placeHolder.",
    "ReleasedDatge": "0001-01-01T00:00:00",
    "ModifiedDate": "2009-11-14T20:17:31.8-08:00",
    "Files": [
      {
        "Id": "10ad6721-4f08-4d91-a404-92b915b3a9c1",
        "FileName": "dragsort-0.3.7.zip",
        "Url": "./9/10ad6721-4f08-4d91-a404-92b915b3a9c1",
        "Type": "Application",
        "UploadDate": "2009-11-14T20:17:31.677-08:00"
      }
    ]
  },
  {
    "Id": "10",
    "Name": "jQuery List DragSort 0.3.6",
    "DevelopmentStatus": "Stable",
    "Description": "* Changed dragEnd handler so that the *_this_* keyword now refers to the list item that was dragged. - credit frshog",
    "ReleasedDatge": "0001-01-01T00:00:00",
    "ModifiedDate": "2009-06-26T04:22:43.247-07:00",
    "Files": [
      {
        "Id": "646eb2a9-a090-41c3-9fb3-bf8fdb326e0d",
        "FileName": "dragsort-0.3.6.zip",
        "Url": "./10/646eb2a9-a090-41c3-9fb3-bf8fdb326e0d",
        "Type": "Application",
        "UploadDate": "2009-06-26T04:22:43.137-07:00"
      }
    ]
  },
  {
    "Id": "11",
    "Name": "jQuery List DragSort 0.3",
    "DevelopmentStatus": "Stable",
    "Description": "* Added capability to drag between lists.",
    "ReleasedDatge": "0001-01-01T00:00:00",
    "ModifiedDate": "2009-05-17T15:41:27.773-07:00",
    "Files": [
      {
        "Id": "3fb82537-7b9e-4738-aea5-95a08161462f",
        "FileName": "dragsort-0.3.zip",
        "Url": "./11/3fb82537-7b9e-4738-aea5-95a08161462f",
        "Type": "Source Code",
        "UploadDate": "2009-05-17T15:41:27.633-07:00"
      }
    ]
  },
  {
    "Id": "12",
    "Name": "jQuery List DragSort 0.2",
    "DevelopmentStatus": "Stable",
    "Description": "Note that this script assumes the LI elements are of similar size.\n\n*Changes*\n* Fixed issue when using a custom drag selector.\n* Fixed issue where in certain circumstances dragged item appears too high.\n* Hide placeholder element.\n* Added minimized version of script.",
    "ReleasedDatge": "0001-01-01T00:00:00",
    "ModifiedDate": "2009-05-16T16:14:06.597-07:00",
    "Files": [
      {
        "Id": "8a8f7d05-f4a7-4ddd-97a0-ddc9ea596e3c",
        "FileName": "dragsort-0.2.zip",
        "Url": "./12/8a8f7d05-f4a7-4ddd-97a0-ddc9ea596e3c",
        "Type": "Source Code",
        "UploadDate": "2009-05-15T14:06:28.917-07:00"
      }
    ]
  },
  {
    "Id": "13",
    "Name": "jQuery List DragSort 0.5.2",
    "DevelopmentStatus": "Stable",
    "Description": "* Fixed scrollContainer removing deprecated use of $.browser so should now work with latest version of jQuery.\n* Added the ability to return false in dragEnd to revert sort order\n\nProject changes\n* Added nuget package for dragsort [url:https://www.nuget.org/packages/dragsort]\n* Converted repository from SVN to Mercurial\n* _11 Jan 2015_ - Added bower.json but requires bower 1.4 or [url:PR #1448|https://github.com/bower/bower/pull/1448] since project is mercurial not git",
    "ReleasedDatge": "0001-01-01T00:00:00",
    "ModifiedDate": "2015-01-10T21:56:46.913-08:00",
    "Files": [
      {
        "Id": "ba99a599-3ef1-4bc2-a016-b6378cb416cc",
        "FileName": "dragsort-0.5.2.zip",
        "Url": "./13/ba99a599-3ef1-4bc2-a016-b6378cb416cc",
        "Type": "Application",
        "UploadDate": "2014-08-05T22:23:29.217-07:00"
      }
    ]
  }
]